date,region,product_id,inventory_available,inventory_capacity,stockout_hours
2026-03-01,Region A,P001,115,121,0.58
2026-03-01,Region A,P002,143,152,1.99
2026-03-01,Region A,P003,149,156,0.78
2026-03-01,Region A,P004,84,87,0.56
2026-03-01,Region A,P005,110,117,0.0
2026-03-01,Region A,P006,80,83,0.52
2026-03-01,Region A,P007,115,118,0.75
2026-03-01,Region A,P008,86,89,0.58
2026-03-01,Region A,P009,105,107,0.79
2026-03-01,Region A,P010,136,140,0.71
2026-03-01,Region A,P011,97,100,0.0
2026-03-01,Region A,P012,155,157,0.17
2026-03-01,Region A,P013,107,109,0.0
2026-03-01,Region A,P014,78,82,0.82
2026-03-01,Region A,P015,148,152,0.46
2026-03-01,Region A,P016,89,93,1.0
2026-03-01,Region A,P017,145,151,1.36
2026-03-01,Region A,P018,133,137,0.0
2026-03-01,Region A,P019,131,139,1.82
2026-03-01,Region A,P020,83,88,1.35
2026-03-01,Region A,P021,102,106,0.16
2026-03-01,Region A,P022,92,96,1.11
2026-03-01,Region A,P023,136,145,1.71
2026-03-01,Region A,P024,119,123,1.35
2026-03-01,Region A,P025,115,117,0.71
2026-03-01,Region A,P026,139,143,0.38
2026-03-01,Region A,P027,114,116,0.29
2026-03-01,Region A,P028,118,120,0.42
2026-03-01,Region A,P029,103,109,1.14
2026-03-01,Region A,P030,152,158,0.51
2026-03-01,Region B,P001,82,86,0.63
2026-03-01,Region B,P002,80,85,1.0
2026-03-01,Region B,P003,124,127,0.0
2026-03-01,Region B,P004,149,157,1.7
2026-03-01,Region B,P005,136,144,1.98
2026-03-01,Region B,P006,131,139,0.0
2026-03-01,Region B,P007,110,115,1.15
2026-03-01,Region B,P008,120,123,1.47
2026-03-01,Region B,P009,137,142,0.89
2026-03-01,Region B,P010,118,122,0.43
2026-03-01,Region B,P011,114,121,1.27
2026-03-01,Region B,P012,143,149,0.03
2026-03-01,Region B,P013,139,144,0.65
2026-03-01,Region B,P014,124,130,0.9
2026-03-01,Region B,P015,150,155,0.97
2026-03-01,Region B,P016,99,104,0.98
2026-03-01,Region B,P017,134,137,0.0
2026-03-01,Region B,P018,101,105,0.0
2026-03-01,Region B,P019,90,94,0.67
2026-03-01,Region B,P020,105,109,0.64
2026-03-01,Region B,P021,86,88,0.01
2026-03-01,Region B,P022,137,142,1.29
2026-03-01,Region B,P023,87,89,0.0
2026-03-01,Region B,P024,86,92,0.58
2026-03-01,Region B,P025,143,150,1.14
2026-03-01,Region B,P026,123,128,0.84
2026-03-01,Region B,P027,103,108,0.46
2026-03-01,Region B,P028,101,103,0.0
2026-03-01,Region B,P029,138,142,0.57
2026-03-01,Region B,P030,132,135,0.0
2026-03-01,Region C,P001,79,83,1.36
2026-03-01,Region C,P002,93,97,0.25
2026-03-01,Region C,P003,135,144,0.95
2026-03-01,Region C,P004,141,147,0.35
2026-03-01,Region C,P005,118,121,1.56
2026-03-01,Region C,P006,137,145,1.18
2026-03-01,Region C,P007,94,96,0.56
2026-03-01,Region C,P008,97,102,1.75
2026-03-01,Region C,P009,109,111,1.02
2026-03-01,Region C,P010,123,130,0.31
2026-03-01,Region C,P011,81,86,1.16
2026-03-01,Region C,P012,102,108,1.79
2026-03-01,Region C,P013,145,153,0.88
2026-03-01,Region C,P014,111,116,0.44
2026-03-01,Region C,P015,149,156,1.35
2026-03-01,Region C,P016,130,134,0.0
2026-03-01,Region C,P017,127,131,0.91
2026-03-01,Region C,P018,136,138,0.43
2026-03-01,Region C,P019,144,150,0.48
2026-03-01,Region C,P020,141,150,0.59
2026-03-01,Region C,P021,87,93,1.3
2026-03-01,Region C,P022,89,94,1.02
2026-03-01,Region C,P023,109,114,1.35
2026-03-01,Region C,P024,150,158,1.29
2026-03-01,Region C,P025,138,146,1.6
2026-03-01,Region C,P026,131,136,1.2
2026-03-01,Region C,P027,96,102,2.03
2026-03-01,Region C,P028,133,139,0.76
2026-03-01,Region C,P029,80,83,0.24
2026-03-01,Region C,P030,136,143,0.99
2026-03-01,Region D,P001,116,122,0.9
2026-03-01,Region D,P002,92,94,0.22
2026-03-01,Region D,P003,81,86,1.37
2026-03-01,Region D,P004,112,114,0.37
2026-03-01,Region D,P005,123,130,0.81
2026-03-01,Region D,P006,101,107,1.49
2026-03-01,Region D,P007,81,83,0.0
2026-03-01,Region D,P008,79,82,0.55
2026-03-01,Region D,P009,100,103,0.26
2026-03-01,Region D,P010,105,110,0.93
2026-03-01,Region D,P011,136,143,1.8
2026-03-01,Region D,P012,75,80,1.76
2026-03-01,Region D,P013,133,142,1.68
2026-03-01,Region D,P014,122,126,1.72
2026-03-01,Region D,P015,135,141,1.18
2026-03-01,Region D,P016,108,112,0.59
2026-03-01,Region D,P017,139,148,1.94
2026-03-01,Region D,P018,100,103,0.33
2026-03-01,Region D,P019,123,131,1.89
2026-03-01,Region D,P020,108,114,0.0
2026-03-01,Region D,P021,101,105,0.57
2026-03-01,Region D,P022,125,132,0.86
2026-03-01,Region D,P023,101,106,0.83
2026-03-01,Region D,P024,100,104,0.33
2026-03-01,Region D,P025,142,150,1.01
2026-03-01,Region D,P026,142,146,0.81
2026-03-01,Region D,P027,86,91,1.92
2026-03-01,Region D,P028,129,134,2.04
2026-03-01,Region D,P029,80,85,2.16
2026-03-01,Region D,P030,82,86,0.83
2026-03-02,Region A,P001,114,119,0.65
2026-03-02,Region A,P002,147,150,0.25
2026-03-02,Region A,P003,82,83,0.72
2026-03-02,Region A,P004,133,136,0.45
2026-03-02,Region A,P005,86,92,0.37
2026-03-02,Region A,P006,105,111,0.97
2026-03-02,Region A,P007,123,126,0.27
2026-03-02,Region A,P008,97,100,1.09
2026-03-02,Region A,P009,147,156,0.05
2026-03-02,Region A,P010,83,86,0.78
2026-03-02,Region A,P011,95,99,1.19
2026-03-02,Region A,P012,79,81,0.0
2026-03-02,Region A,P013,135,142,0.89
2026-03-02,Region A,P014,111,114,0.33
2026-03-02,Region A,P015,129,132,0.93
2026-03-02,Region A,P016,126,134,2.42
2026-03-02,Region A,P017,85,89,0.25
2026-03-02,Region A,P018,117,124,1.26
2026-03-02,Region A,P019,83,85,0.36
2026-03-02,Region A,P020,76,81,2.1
2026-03-02,Region A,P021,83,86,0.91
2026-03-02,Region A,P022,142,146,0.79
2026-03-02,Region A,P023,145,154,1.24
2026-03-02,Region A,P024,82,88,1.28
2026-03-02,Region A,P025,121,123,0.99
2026-03-02,Region A,P026,99,105,0.49
2026-03-02,Region A,P027,76,81,1.71
2026-03-02,Region A,P028,140,146,1.11
2026-03-02,Region A,P029,150,154,0.46
2026-03-02,Region A,P030,118,120,0.0
2026-03-02,Region B,P001,95,97,0.11
2026-03-02,Region B,P002,151,158,1.2
2026-03-02,Region B,P003,91,93,0.25
2026-03-02,Region B,P004,110,112,0.57
2026-03-02,Region B,P005,102,105,0.57
2026-03-02,Region B,P006,81,86,1.12
2026-03-02,Region B,P007,100,102,0.08
2026-03-02,Region B,P008,148,154,0.56
2026-03-02,Region B,P009,147,155,0.77
2026-03-02,Region B,P010,145,151,1.21
2026-03-02,Region B,P011,118,121,0.66
2026-03-02,Region B,P012,142,149,1.47
2026-03-02,Region B,P013,120,128,2.04
2026-03-02,Region B,P014,147,156,1.16
2026-03-02,Region B,P015,92,95,0.98
2026-03-02,Region B,P016,140,149,1.36
2026-03-02,Region B,P017,96,98,1.17
2026-03-02,Region B,P018,109,116,0.95
2026-03-02,Region B,P019,85,90,1.63
2026-03-02,Region B,P020,78,83,1.8
2026-03-02,Region B,P021,117,119,0.35
2026-03-02,Region B,P022,129,137,0.48
2026-03-02,Region B,P023,123,128,0.69
2026-03-02,Region B,P024,123,129,1.04
2026-03-02,Region B,P025,85,88,0.0
2026-03-02,Region B,P026,108,114,1.8
2026-03-02,Region B,P027,113,118,0.28
2026-03-02,Region B,P028,105,108,1.41
2026-03-02,Region B,P029,140,149,2.04
2026-03-02,Region B,P030,152,157,2.06
2026-03-02,Region C,P001,101,104,0.0
2026-03-02,Region C,P002,119,125,2.14
2026-03-02,Region C,P003,116,119,0.96
2026-03-02,Region C,P004,82,84,0.62
2026-03-02,Region C,P005,86,89,0.52
2026-03-02,Region C,P006,143,148,0.73
2026-03-02,Region C,P007,95,101,1.31
2026-03-02,Region C,P008,82,84,0.68
2026-03-02,Region C,P009,105,108,0.81
2026-03-02,Region C,P010,84,88,1.75
2026-03-02,Region C,P011,77,82,1.21
2026-03-02,Region C,P012,154,159,0.29
2026-03-02,Region C,P013,107,114,1.94
2026-03-02,Region C,P014,98,104,1.54
2026-03-02,Region C,P015,103,109,1.63
2026-03-02,Region C,P016,98,103,1.1
2026-03-02,Region C,P017,131,133,0.56
2026-03-02,Region C,P018,102,105,0.08
2026-03-02,Region C,P019,96,99,0.0
2026-03-02,Region C,P020,104,106,0.49
2026-03-02,Region C,P021,97,100,1.99
2026-03-02,Region C,P022,140,146,0.98
2026-03-02,Region C,P023,151,156,0.93
2026-03-02,Region C,P024,107,110,0.89
2026-03-02,Region C,P025,148,158,0.84
2026-03-02,Region C,P026,142,146,0.6
2026-03-02,Region C,P027,112,119,1.1
2026-03-02,Region C,P028,88,91,0.98
2026-03-02,Region C,P029,94,98,1.27
2026-03-02,Region C,P030,134,139,1.3
2026-03-02,Region D,P001,78,80,0.71
2026-03-02,Region D,P002,90,95,1.24
2026-03-02,Region D,P003,103,109,1.22
2026-03-02,Region D,P004,93,96,1.58
2026-03-02,Region D,P005,111,116,0.63
2026-03-02,Region D,P006,149,154,0.0
2026-03-02,Region D,P007,145,153,1.35
2026-03-02,Region D,P008,113,120,0.76
2026-03-02,Region D,P009,123,130,0.56
2026-03-02,Region D,P010,143,151,1.25
2026-03-02,Region D,P011,75,80,1.54
2026-03-02,Region D,P012,108,115,1.49
2026-03-02,Region D,P013,97,103,0.77
2026-03-02,Region D,P014,124,126,0.56
2026-03-02,Region D,P015,129,132,0.81
2026-03-02,Region D,P016,86,91,0.42
2026-03-02,Region D,P017,84,88,1.15
2026-03-02,Region D,P018,140,147,0.88
2026-03-02,Region D,P019,102,108,1.01
2026-03-02,Region D,P020,87,90,0.84
2026-03-02,Region D,P021,96,99,0.34
2026-03-02,Region D,P022,94,100,0.95
2026-03-02,Region D,P023,98,104,2.21
2026-03-02,Region D,P024,93,97,1.54
2026-03-02,Region D,P025,122,127,0.45
2026-03-02,Region D,P026,116,122,0.95
2026-03-02,Region D,P027,129,137,1.07
2026-03-02,Region D,P028,99,103,0.23
2026-03-02,Region D,P029,104,109,1.09
2026-03-02,Region D,P030,80,82,0.71
2026-03-03,Region A,P001,150,153,0.0
2026-03-03,Region A,P002,130,134,0.67
2026-03-03,Region A,P003,91,96,2.05
2026-03-03,Region A,P004,138,140,0.15
2026-03-03,Region A,P005,121,125,0.55
2026-03-03,Region A,P006,79,82,1.01
2026-03-03,Region A,P007,128,130,0.82
2026-03-03,Region A,P008,127,133,0.51
2026-03-03,Region A,P009,86,91,1.43
2026-03-03,Region A,P010,91,93,0.85
2026-03-03,Region A,P011,114,116,0.0
2026-03-03,Region A,P012,136,141,0.16
2026-03-03,Region A,P013,130,133,0.04
2026-03-03,Region A,P014,91,96,1.39
2026-03-03,Region A,P015,105,108,0.0
2026-03-03,Region A,P016,125,128,0.05
2026-03-03,Region A,P017,141,145,0.6
2026-03-03,Region A,P018,98,103,0.12
2026-03-03,Region A,P019,137,140,0.07
2026-03-03,Region A,P020,114,117,1.03
2026-03-03,Region A,P021,119,124,0.0
2026-03-03,Region A,P022,115,119,1.45
2026-03-03,Region A,P023,123,125,0.93
2026-03-03,Region A,P024,150,159,1.12
2026-03-03,Region A,P025,98,101,1.03
2026-03-03,Region A,P026,101,104,0.07
2026-03-03,Region A,P027,132,136,0.09
2026-03-03,Region A,P028,99,103,0.17
2026-03-03,Region A,P029,135,143,1.18
2026-03-03,Region A,P030,146,155,1.85
2026-03-03,Region B,P001,110,114,1.23
2026-03-03,Region B,P002,110,117,1.45
2026-03-03,Region B,P003,144,150,1.46
2026-03-03,Region B,P004,85,89,1.23
2026-03-03,Region B,P005,75,80,2.39
2026-03-03,Region B,P006,138,146,0.23
2026-03-03,Region B,P007,93,98,1.14
2026-03-03,Region B,P008,94,99,0.62
2026-03-03,Region B,P009,115,119,0.0
2026-03-03,Region B,P010,118,121,0.57
2026-03-03,Region B,P011,105,108,0.81
2026-03-03,Region B,P012,120,123,0.0
2026-03-03,Region B,P013,97,102,0.43
2026-03-03,Region B,P014,99,103,2.11
2026-03-03,Region B,P015,96,99,1.92
2026-03-03,Region B,P016,104,106,0.86
2026-03-03,Region B,P017,109,113,0.53
2026-03-03,Region B,P018,132,136,1.1
2026-03-03,Region B,P019,101,107,2.4
2026-03-03,Region B,P020,101,108,1.55
2026-03-03,Region B,P021,154,156,0.39
2026-03-03,Region B,P022,152,157,0.0
2026-03-03,Region B,P023,129,135,0.0
2026-03-03,Region B,P024,94,96,0.27
2026-03-03,Region B,P025,147,150,0.0
2026-03-03,Region B,P026,147,154,0.76
2026-03-03,Region B,P027,122,127,0.3
2026-03-03,Region B,P028,151,159,1.13
2026-03-03,Region B,P029,122,128,1.62
2026-03-03,Region B,P030,139,144,0.0
2026-03-03,Region C,P001,83,85,0.0
2026-03-03,Region C,P002,103,108,0.14
2026-03-03,Region C,P003,140,147,0.93
2026-03-03,Region C,P004,122,127,0.08
2026-03-03,Region C,P005,117,119,0.94
2026-03-03,Region C,P006,112,117,0.9
2026-03-03,Region C,P007,138,146,1.2
2026-03-03,Region C,P008,124,129,1.03
2026-03-03,Region C,P009,140,143,0.42
2026-03-03,Region C,P010,109,116,1.9
2026-03-03,Region C,P011,150,157,0.51
2026-03-03,Region C,P012,94,100,0.8
2026-03-03,Region C,P013,152,154,0.4
2026-03-03,Region C,P014,105,112,1.44
2026-03-03,Region C,P015,144,147,0.03
2026-03-03,Region C,P016,102,105,1.27
2026-03-03,Region C,P017,106,108,0.62
2026-03-03,Region C,P018,141,147,1.01
2026-03-03,Region C,P019,82,86,0.89
2026-03-03,Region C,P020,126,133,0.74
2026-03-03,Region C,P021,85,89,0.53
2026-03-03,Region C,P022,148,158,1.14
2026-03-03,Region C,P023,134,140,0.0
2026-03-03,Region C,P024,123,131,1.07
2026-03-03,Region C,P025,92,98,1.46
2026-03-03,Region C,P026,108,111,0.65
2026-03-03,Region C,P027,78,80,1.04
2026-03-03,Region C,P028,89,91,0.67
2026-03-03,Region C,P029,112,116,1.12
2026-03-03,Region C,P030,123,127,0.99
2026-03-03,Region D,P001,143,146,0.24
2026-03-03,Region D,P002,116,123,1.43
2026-03-03,Region D,P003,107,112,0.24
2026-03-03,Region D,P004,126,130,0.46
2026-03-03,Region D,P005,82,83,0.05
2026-03-03,Region D,P006,148,152,0.86
2026-03-03,Region D,P007,148,157,0.28
2026-03-03,Region D,P008,110,114,0.32
2026-03-03,Region D,P009,100,105,1.35
2026-03-03,Region D,P010,118,122,0.0
2026-03-03,Region D,P011,123,131,1.01
2026-03-03,Region D,P012,106,108,0.34
2026-03-03,Region D,P013,99,104,0.81
2026-03-03,Region D,P014,112,119,1.24
2026-03-03,Region D,P015,114,118,0.67
2026-03-03,Region D,P016,85,89,0.36
2026-03-03,Region D,P017,84,88,0.84
2026-03-03,Region D,P018,153,159,1.59
2026-03-03,Region D,P019,94,97,1.08
2026-03-03,Region D,P020,95,98,0.0
2026-03-03,Region D,P021,140,146,0.37
2026-03-03,Region D,P022,125,127,0.33
2026-03-03,Region D,P023,97,103,1.39
2026-03-03,Region D,P024,152,155,1.31
2026-03-03,Region D,P025,80,85,1.62
2026-03-03,Region D,P026,96,99,0.29
2026-03-03,Region D,P027,104,109,1.83
2026-03-03,Region D,P028,89,92,0.31
2026-03-03,Region D,P029,98,101,0.96
2026-03-03,Region D,P030,131,139,1.27
2026-03-04,Region A,P001,149,159,1.93
2026-03-04,Region A,P002,112,115,0.0
2026-03-04,Region A,P003,130,132,0.0
2026-03-04,Region A,P004,123,125,1.03
2026-03-04,Region A,P005,146,155,1.31
2026-03-04,Region A,P006,94,97,0.0
2026-03-04,Region A,P007,136,142,0.79
2026-03-04,Region A,P008,81,85,0.0
2026-03-04,Region A,P009,124,128,0.3
2026-03-04,Region A,P010,138,142,0.7
2026-03-04,Region A,P011,98,103,1.28
2026-03-04,Region A,P012,101,104,0.0
2026-03-04,Region A,P013,89,91,0.63
2026-03-04,Region A,P014,79,82,1.22
2026-03-04,Region A,P015,133,139,1.28
2026-03-04,Region A,P016,84,87,0.83
2026-03-04,Region A,P017,148,152,0.21
2026-03-04,Region A,P018,92,97,1.11
2026-03-04,Region A,P019,128,133,0.86
2026-03-04,Region A,P020,130,133,0.37
2026-03-04,Region A,P021,93,95,0.61
2026-03-04,Region A,P022,75,80,1.66
2026-03-04,Region A,P023,105,110,0.83
2026-03-04,Region A,P024,141,145,0.43
2026-03-04,Region A,P025,106,108,0.41
2026-03-04,Region A,P026,97,103,1.36
2026-03-04,Region A,P027,125,132,0.63
2026-03-04,Region A,P028,116,124,1.45
2026-03-04,Region A,P029,148,154,0.4
2026-03-04,Region A,P030,136,138,0.0
2026-03-04,Region B,P001,102,104,0.0
2026-03-04,Region B,P002,114,119,1.31
2026-03-04,Region B,P003,125,128,0.93
2026-03-04,Region B,P004,150,159,1.63
2026-03-04,Region B,P005,138,145,1.09
2026-03-04,Region B,P006,96,99,0.72
2026-03-04,Region B,P007,91,94,0.91
2026-03-04,Region B,P008,120,123,0.12
2026-03-04,Region B,P009,110,117,0.86
2026-03-04,Region B,P010,150,154,1.03
2026-03-04,Region B,P011,78,80,0.42
2026-03-04,Region B,P012,79,84,2.07
2026-03-04,Region B,P013,105,109,1.5
2026-03-04,Region B,P014,116,119,0.0
2026-03-04,Region B,P015,145,148,0.64
2026-03-04,Region B,P016,85,90,0.66
2026-03-04,Region B,P017,94,96,1.1
2026-03-04,Region B,P018,142,145,0.0
2026-03-04,Region B,P019,79,83,1.27
2026-03-04,Region B,P020,112,118,1.32
2026-03-04,Region B,P021,103,108,0.97
2026-03-04,Region B,P022,136,144,1.34
2026-03-04,Region B,P023,101,105,0.61
2026-03-04,Region B,P024,77,80,0.0
2026-03-04,Region B,P025,127,135,1.73
2026-03-04,Region B,P026,87,92,1.1
2026-03-04,Region B,P027,81,84,0.32
2026-03-04,Region B,P028,87,91,0.63
2026-03-04,Region B,P029,93,98,1.04
2026-03-04,Region B,P030,110,115,1.04
2026-03-04,Region C,P001,111,114,0.69
2026-03-04,Region C,P002,83,86,0.93
2026-03-04,Region C,P003,131,135,0.0
2026-03-04,Region C,P004,76,80,1.2
2026-03-04,Region C,P005,125,133,2.01
2026-03-04,Region C,P006,113,120,1.47
2026-03-04,Region C,P007,105,107,0.57
2026-03-04,Region C,P008,127,129,0.0
2026-03-04,Region C,P009,134,139,0.44
2026-03-04,Region C,P010,145,148,0.37
2026-03-04,Region C,P011,105,111,1.27
2026-03-04,Region C,P012,119,123,0.0
2026-03-04,Region C,P013,111,116,1.6
2026-03-04,Region C,P014,135,143,1.61
2026-03-04,Region C,P015,92,94,0.13
2026-03-04,Region C,P016,121,123,0.18
2026-03-04,Region C,P017,109,115,0.88
2026-03-04,Region C,P018,146,152,0.79
2026-03-04,Region C,P019,122,130,1.12
2026-03-04,Region C,P020,152,156,0.0
2026-03-04,Region C,P021,127,130,1.1
2026-03-04,Region C,P022,120,123,0.98
2026-03-04,Region C,P023,112,119,0.35
2026-03-04,Region C,P024,90,95,1.21
2026-03-04,Region C,P025,131,135,0.37
2026-03-04,Region C,P026,139,143,0.18
2026-03-04,Region C,P027,87,92,1.03
2026-03-04,Region C,P028,83,86,0.95
2026-03-04,Region C,P029,76,80,1.28
2026-03-04,Region C,P030,137,141,0.08
2026-03-04,Region D,P001,148,155,1.37
2026-03-04,Region D,P002,114,122,1.29
2026-03-04,Region D,P003,126,129,0.68
2026-03-04,Region D,P004,151,154,0.0
2026-03-04,Region D,P005,153,158,0.2
2026-03-04,Region D,P006,107,112,0.69
2026-03-04,Region D,P007,108,114,0.99
2026-03-04,Region D,P008,130,137,1.63
2026-03-04,Region D,P009,143,151,1.44
2026-03-04,Region D,P010,148,150,0.0
2026-03-04,Region D,P011,107,111,1.01
2026-03-04,Region D,P012,124,127,0.38
2026-03-04,Region D,P013,115,119,0.18
2026-03-04,Region D,P014,107,114,2.28
2026-03-04,Region D,P015,122,128,1.54
2026-03-04,Region D,P016,88,91,0.9
2026-03-04,Region D,P017,134,142,1.5
2026-03-04,Region D,P018,99,102,1.15
2026-03-04,Region D,P019,127,130,0.38
2026-03-04,Region D,P020,124,132,1.11
2026-03-04,Region D,P021,138,147,1.35
2026-03-04,Region D,P022,85,89,0.19
2026-03-04,Region D,P023,123,128,1.56
2026-03-04,Region D,P024,129,134,0.38
2026-03-04,Region D,P025,109,115,0.2
2026-03-04,Region D,P026,153,157,0.35
2026-03-04,Region D,P027,87,90,0.11
2026-03-04,Region D,P028,110,113,0.0
2026-03-04,Region D,P029,99,106,1.33
2026-03-04,Region D,P030,106,108,0.19
2026-03-05,Region A,P001,132,138,0.94
2026-03-05,Region A,P002,89,94,1.36
2026-03-05,Region A,P003,130,134,0.1
2026-03-05,Region A,P004,118,125,1.22
2026-03-05,Region A,P005,94,99,1.3
2026-03-05,Region A,P006,120,123,1.2
2026-03-05,Region A,P007,142,151,1.37
2026-03-05,Region A,P008,108,113,1.45
2026-03-05,Region A,P009,78,80,0.81
2026-03-05,Region A,P010,91,95,1.12
2026-03-05,Region A,P011,142,148,0.46
2026-03-05,Region A,P012,140,147,1.06
2026-03-05,Region A,P013,123,129,1.34
2026-03-05,Region A,P014,133,135,0.02
2026-03-05,Region A,P015,116,123,2.03
2026-03-05,Region A,P016,140,146,0.34
2026-03-05,Region A,P017,143,150,1.97
2026-03-05,Region A,P018,140,142,0.73
2026-03-05,Region A,P019,82,85,0.73
2026-03-05,Region A,P020,78,83,0.58
2026-03-05,Region A,P021,150,157,1.03
2026-03-05,Region A,P022,94,98,0.89
2026-03-05,Region A,P023,120,125,1.42
2026-03-05,Region A,P024,89,95,1.39
2026-03-05,Region A,P025,84,88,0.54
2026-03-05,Region A,P026,77,81,1.58
2026-03-05,Region A,P027,123,130,0.37
2026-03-05,Region A,P028,96,101,1.4
2026-03-05,Region A,P029,128,134,0.64
2026-03-05,Region A,P030,132,137,0.52
2026-03-05,Region B,P001,78,82,1.1
2026-03-05,Region B,P002,141,144,0.31
2026-03-05,Region B,P003,129,135,1.35
2026-03-05,Region B,P004,119,126,0.15
2026-03-05,Region B,P005,123,131,1.06
2026-03-05,Region B,P006,91,94,1.01
2026-03-05,Region B,P007,88,94,2.18
2026-03-05,Region B,P008,112,116,0.58
2026-03-05,Region B,P009,98,100,0.12
2026-03-05,Region B,P010,134,142,1.38
2026-03-05,Region B,P011,111,117,1.55
2026-03-05,Region B,P012,149,155,1.7
2026-03-05,Region B,P013,77,82,1.58
2026-03-05,Region B,P014,123,126,0.14
2026-03-05,Region B,P015,124,130,2.23
2026-03-05,Region B,P016,115,121,0.4
2026-03-05,Region B,P017,99,103,1.6
2026-03-05,Region B,P018,138,142,0.37
2026-03-05,Region B,P019,149,156,1.8
2026-03-05,Region B,P020,142,145,0.17
2026-03-05,Region B,P021,125,131,0.17
2026-03-05,Region B,P022,125,132,1.0
2026-03-05,Region B,P023,77,80,0.38
2026-03-05,Region B,P024,149,159,1.98
2026-03-05,Region B,P025,114,120,1.5
2026-03-05,Region B,P026,144,153,1.5
2026-03-05,Region B,P027,90,94,0.85
2026-03-05,Region B,P028,105,109,0.77
2026-03-05,Region B,P029,139,146,1.14
2026-03-05,Region B,P030,148,157,1.73
2026-03-05,Region C,P001,96,101,0.46
2026-03-05,Region C,P002,75,80,1.89
2026-03-05,Region C,P003,83,85,0.05
2026-03-05,Region C,P004,139,147,1.06
2026-03-05,Region C,P005,133,137,0.0
2026-03-05,Region C,P006,103,106,0.0
2026-03-05,Region C,P007,113,117,0.8
2026-03-05,Region C,P008,114,116,0.16
2026-03-05,Region C,P009,127,131,1.01
2026-03-05,Region C,P010,87,89,0.32
2026-03-05,Region C,P011,126,133,1.66
2026-03-05,Region C,P012,136,140,0.96
2026-03-05,Region C,P013,92,97,1.39
2026-03-05,Region C,P014,86,90,1.36
2026-03-05,Region C,P015,105,110,0.88
2026-03-05,Region C,P016,137,141,0.0
2026-03-05,Region C,P017,120,128,1.06
2026-03-05,Region C,P018,106,109,1.08
2026-03-05,Region C,P019,135,138,0.38
2026-03-05,Region C,P020,114,119,1.77
2026-03-05,Region C,P021,142,148,1.26
2026-03-05,Region C,P022,108,113,0.13
2026-03-05,Region C,P023,125,129,0.9
2026-03-05,Region C,P024,96,101,0.72
2026-03-05,Region C,P025,123,125,1.6
2026-03-05,Region C,P026,124,130,0.74
2026-03-05,Region C,P027,137,143,0.0
2026-03-05,Region C,P028,84,88,0.58
2026-03-05,Region C,P029,87,89,0.09
2026-03-05,Region C,P030,153,156,0.22
2026-03-05,Region D,P001,141,146,1.51
2026-03-05,Region D,P002,129,137,2.29
2026-03-05,Region D,P003,137,146,1.61
2026-03-05,Region D,P004,90,93,0.0
2026-03-05,Region D,P005,105,107,0.39
2026-03-05,Region D,P006,79,83,0.89
2026-03-05,Region D,P007,106,113,1.81
2026-03-05,Region D,P008,79,83,1.04
2026-03-05,Region D,P009,119,124,0.61
2026-03-05,Region D,P010,80,84,0.75
2026-03-05,Region D,P011,95,98,0.1
2026-03-05,Region D,P012,119,125,0.46
2026-03-05,Region D,P013,132,138,0.75
2026-03-05,Region D,P014,134,143,1.92
2026-03-05,Region D,P015,141,150,0.98
2026-03-05,Region D,P016,124,131,0.65
2026-03-05,Region D,P017,103,108,1.8
2026-03-05,Region D,P018,131,137,1.12
2026-03-05,Region D,P019,144,149,0.0
2026-03-05,Region D,P020,81,85,0.47
2026-03-05,Region D,P021,118,120,0.47
2026-03-05,Region D,P022,134,143,1.78
2026-03-05,Region D,P023,133,138,0.7
2026-03-05,Region D,P024,134,138,1.59
2026-03-05,Region D,P025,95,99,0.95
2026-03-05,Region D,P026,96,99,0.0
2026-03-05,Region D,P027,84,88,1.31
2026-03-05,Region D,P028,91,94,0.64
2026-03-05,Region D,P029,99,105,1.63
2026-03-05,Region D,P030,87,92,1.57
2026-03-06,Region A,P001,109,111,0.7
2026-03-06,Region A,P002,138,147,1.6
2026-03-06,Region A,P003,131,133,0.12
2026-03-06,Region A,P004,130,136,0.7
2026-03-06,Region A,P005,134,139,1.18
2026-03-06,Region A,P006,98,101,0.21
2026-03-06,Region A,P007,132,138,0.28
2026-03-06,Region A,P008,119,122,0.0
2026-03-06,Region A,P009,101,103,0.15
2026-03-06,Region A,P010,92,96,0.11
2026-03-06,Region A,P011,97,101,1.0
2026-03-06,Region A,P012,94,99,2.36
2026-03-06,Region A,P013,82,84,0.43
2026-03-06,Region A,P014,95,101,1.38
2026-03-06,Region A,P015,139,145,1.61
2026-03-06,Region A,P016,147,152,2.09
2026-03-06,Region A,P017,125,132,1.69
2026-03-06,Region A,P018,107,114,1.11
2026-03-06,Region A,P019,156,159,0.0
2026-03-06,Region A,P020,113,118,0.31
2026-03-06,Region A,P021,130,136,1.23
2026-03-06,Region A,P022,111,115,0.49
2026-03-06,Region A,P023,105,107,0.48
2026-03-06,Region A,P024,136,141,0.38
2026-03-06,Region A,P025,140,147,1.91
2026-03-06,Region A,P026,118,126,3.11
2026-03-06,Region A,P027,110,113,0.55
2026-03-06,Region A,P028,97,103,1.29
2026-03-06,Region A,P029,142,145,0.12
2026-03-06,Region A,P030,141,146,0.18
2026-03-06,Region B,P001,112,115,0.07
2026-03-06,Region B,P002,90,95,1.21
2026-03-06,Region B,P003,93,95,0.43
2026-03-06,Region B,P004,82,86,2.13
2026-03-06,Region B,P005,95,101,1.86
2026-03-06,Region B,P006,79,83,1.73
2026-03-06,Region B,P007,123,129,1.82
2026-03-06,Region B,P008,140,145,0.91
2026-03-06,Region B,P009,119,122,0.3
2026-03-06,Region B,P010,107,114,2.19
2026-03-06,Region B,P011,137,141,0.6
2026-03-06,Region B,P012,131,137,1.07
2026-03-06,Region B,P013,129,134,1.5
2026-03-06,Region B,P014,104,106,0.0
2026-03-06,Region B,P015,153,159,0.99
2026-03-06,Region B,P016,90,96,2.24
2026-03-06,Region B,P017,79,84,1.63
2026-03-06,Region B,P018,111,114,1.52
2026-03-06,Region B,P019,125,129,0.58
2026-03-06,Region B,P020,98,100,0.91
2026-03-06,Region B,P021,84,86,0.83
2026-03-06,Region B,P022,115,121,1.68
2026-03-06,Region B,P023,87,91,0.76
2026-03-06,Region B,P024,100,104,0.02
2026-03-06,Region B,P025,150,154,0.88
2026-03-06,Region B,P026,132,137,1.44
2026-03-06,Region B,P027,137,142,1.64
2026-03-06,Region B,P028,121,124,0.68
2026-03-06,Region B,P029,109,114,0.93
2026-03-06,Region B,P030,81,86,0.88
2026-03-06,Region C,P001,86,89,1.24
2026-03-06,Region C,P002,127,129,0.41
2026-03-06,Region C,P003,79,84,1.09
2026-03-06,Region C,P004,154,159,0.16
2026-03-06,Region C,P005,113,120,1.59
2026-03-06,Region C,P006,93,98,1.39
2026-03-06,Region C,P007,128,135,0.25
2026-03-06,Region C,P008,91,97,0.79
2026-03-06,Region C,P009,86,89,1.31
2026-03-06,Region C,P010,123,129,0.87
2026-03-06,Region C,P011,145,149,0.01
2026-03-06,Region C,P012,116,119,1.23
2026-03-06,Region C,P013,144,152,2.03
2026-03-06,Region C,P014,124,130,1.04
2026-03-06,Region C,P015,87,89,0.75
2026-03-06,Region C,P016,105,109,1.32
2026-03-06,Region C,P017,118,121,0.0
2026-03-06,Region C,P018,91,93,0.85
2026-03-06,Region C,P019,87,93,1.09
2026-03-06,Region C,P020,134,138,0.51
2026-03-06,Region C,P021,100,107,1.44
2026-03-06,Region C,P022,105,110,2.14
2026-03-06,Region C,P023,121,123,1.37
2026-03-06,Region C,P024,131,138,1.25
2026-03-06,Region C,P025,94,96,1.45
2026-03-06,Region C,P026,142,148,1.57
2026-03-06,Region C,P027,122,127,0.01
2026-03-06,Region C,P028,101,107,1.17
2026-03-06,Region C,P029,111,118,1.61
2026-03-06,Region C,P030,106,108,0.0
2026-03-06,Region D,P001,130,137,1.44
2026-03-06,Region D,P002,89,95,0.99
2026-03-06,Region D,P003,113,118,0.68
2026-03-06,Region D,P004,134,141,0.0
2026-03-06,Region D,P005,150,159,1.11
2026-03-06,Region D,P006,123,125,0.19
2026-03-06,Region D,P007,111,118,0.44
2026-03-06,Region D,P008,88,94,0.81
2026-03-06,Region D,P009,151,157,1.63
2026-03-06,Region D,P010,112,115,0.34
2026-03-06,Region D,P011,104,109,0.48
2026-03-06,Region D,P012,138,142,0.03
2026-03-06,Region D,P013,147,153,0.85
2026-03-06,Region D,P014,96,98,0.14
2026-03-06,Region D,P015,139,146,1.79
2026-03-06,Region D,P016,135,138,0.04
2026-03-06,Region D,P017,99,103,0.12
2026-03-06,Region D,P018,148,157,0.81
2026-03-06,Region D,P019,99,103,0.0
2026-03-06,Region D,P020,101,103,0.34
2026-03-06,Region D,P021,95,102,1.76
2026-03-06,Region D,P022,110,112,0.44
2026-03-06,Region D,P023,148,157,1.81
2026-03-06,Region D,P024,90,92,0.21
2026-03-06,Region D,P025,135,143,0.98
2026-03-06,Region D,P026,135,143,1.32
2026-03-06,Region D,P027,93,96,0.39
2026-03-06,Region D,P028,94,97,0.8
2026-03-06,Region D,P029,81,86,0.7
2026-03-06,Region D,P030,136,142,1.22
2026-03-07,Region A,P001,78,80,0.53
2026-03-07,Region A,P002,96,99,0.78
2026-03-07,Region A,P003,79,81,0.0
2026-03-07,Region A,P004,150,154,0.1
2026-03-07,Region A,P005,103,109,0.61
2026-03-07,Region A,P006,138,143,1.02
2026-03-07,Region A,P007,88,92,0.65
2026-03-07,Region A,P008,102,107,0.6
2026-03-07,Region A,P009,140,145,2.11
2026-03-07,Region A,P010,91,94,0.0
2026-03-07,Region A,P011,130,137,1.67
2026-03-07,Region A,P012,85,87,0.14
2026-03-07,Region A,P013,91,92,0.0
2026-03-07,Region A,P014,116,120,0.78
2026-03-07,Region A,P015,147,155,1.2
2026-03-07,Region A,P016,87,91,1.6
2026-03-07,Region A,P017,106,112,1.76
2026-03-07,Region A,P018,138,145,0.12
2026-03-07,Region A,P019,80,82,0.0
2026-03-07,Region A,P020,110,117,2.53
2026-03-07,Region A,P021,152,158,0.61
2026-03-07,Region A,P022,131,137,1.03
2026-03-07,Region A,P023,138,140,0.66
2026-03-07,Region A,P024,107,111,0.24
2026-03-07,Region A,P025,121,125,0.69
2026-03-07,Region A,P026,78,82,0.39
2026-03-07,Region A,P027,107,113,0.66
2026-03-07,Region A,P028,85,87,0.0
2026-03-07,Region A,P029,147,155,1.12
2026-03-07,Region A,P030,130,135,1.47
2026-03-07,Region B,P001,149,155,0.0
2026-03-07,Region B,P002,103,109,1.77
2026-03-07,Region B,P003,91,97,1.53
2026-03-07,Region B,P004,101,103,0.0
2026-03-07,Region B,P005,152,159,0.41
2026-03-07,Region B,P006,100,104,0.43
2026-03-07,Region B,P007,146,156,1.37
2026-03-07,Region B,P008,149,155,1.0
2026-03-07,Region B,P009,116,122,0.9
2026-03-07,Region B,P010,99,104,1.41
2026-03-07,Region B,P011,148,154,1.48
2026-03-07,Region B,P012,84,89,1.29
2026-03-07,Region B,P013,112,119,0.76
2026-03-07,Region B,P014,80,85,1.36
2026-03-07,Region B,P015,129,136,0.48
2026-03-07,Region B,P016,140,143,1.3
2026-03-07,Region B,P017,100,107,1.66
2026-03-07,Region B,P018,103,106,0.5
2026-03-07,Region B,P019,119,126,1.12
2026-03-07,Region B,P020,143,148,0.89
2026-03-07,Region B,P021,83,87,1.1
2026-03-07,Region B,P022,87,89,0.95
2026-03-07,Region B,P023,110,117,1.61
2026-03-07,Region B,P024,104,106,0.35
2026-03-07,Region B,P025,91,94,0.62
2026-03-07,Region B,P026,111,113,0.0
2026-03-07,Region B,P027,129,133,0.91
2026-03-07,Region B,P028,102,104,0.43
2026-03-07,Region B,P029,120,125,1.71
2026-03-07,Region B,P030,117,125,1.42
2026-03-07,Region C,P001,113,119,0.59
2026-03-07,Region C,P002,122,125,0.72
2026-03-07,Region C,P003,134,137,0.57
2026-03-07,Region C,P004,146,152,0.4
2026-03-07,Region C,P005,116,119,1.27
2026-03-07,Region C,P006,92,97,0.93
2026-03-07,Region C,P007,103,107,0.95
2026-03-07,Region C,P008,112,116,0.59
2026-03-07,Region C,P009,101,104,0.8
2026-03-07,Region C,P010,155,159,0.3
2026-03-07,Region C,P011,83,87,1.72
2026-03-07,Region C,P012,107,109,0.51
2026-03-07,Region C,P013,142,149,0.97
2026-03-07,Region C,P014,79,81,1.61
2026-03-07,Region C,P015,89,91,1.19
2026-03-07,Region C,P016,126,134,0.53
2026-03-07,Region C,P017,152,156,0.5
2026-03-07,Region C,P018,111,118,2.14
2026-03-07,Region C,P019,90,95,0.0
2026-03-07,Region C,P020,95,97,0.21
2026-03-07,Region C,P021,132,137,0.23
2026-03-07,Region C,P022,108,113,1.32
2026-03-07,Region C,P023,146,153,0.19
2026-03-07,Region C,P024,153,158,0.43
2026-03-07,Region C,P025,109,114,1.18
2026-03-07,Region C,P026,80,84,1.68
2026-03-07,Region C,P027,78,83,1.84
2026-03-07,Region C,P028,129,136,1.04
2026-03-07,Region C,P029,119,125,0.73
2026-03-07,Region C,P030,144,151,1.04
2026-03-07,Region D,P001,125,130,0.11
2026-03-07,Region D,P002,94,97,0.71
2026-03-07,Region D,P003,113,119,1.62
2026-03-07,Region D,P004,141,145,0.72
2026-03-07,Region D,P005,121,128,1.0
2026-03-07,Region D,P006,112,115,1.1
2026-03-07,Region D,P007,137,142,0.83
2026-03-07,Region D,P008,108,115,0.28
2026-03-07,Region D,P009,136,144,1.35
2026-03-07,Region D,P010,130,132,0.0
2026-03-07,Region D,P011,96,99,0.24
2026-03-07,Region D,P012,141,146,0.81
2026-03-07,Region D,P013,107,113,0.96
2026-03-07,Region D,P014,77,81,0.64
2026-03-07,Region D,P015,98,101,0.0
2026-03-07,Region D,P016,115,122,0.35
2026-03-07,Region D,P017,138,146,0.48
2026-03-07,Region D,P018,114,121,0.42
2026-03-07,Region D,P019,84,86,0.0
2026-03-07,Region D,P020,85,90,0.89
2026-03-07,Region D,P021,130,136,0.69
2026-03-07,Region D,P022,147,157,1.34
2026-03-07,Region D,P023,153,159,0.76
2026-03-07,Region D,P024,94,97,0.74
2026-03-07,Region D,P025,98,104,0.25
2026-03-07,Region D,P026,119,125,0.78
2026-03-07,Region D,P027,139,145,0.95
2026-03-07,Region D,P028,124,129,0.5
2026-03-07,Region D,P029,108,111,0.06
2026-03-07,Region D,P030,84,89,1.14
2026-03-08,Region A,P001,152,156,0.0
2026-03-08,Region A,P002,95,100,0.89
2026-03-08,Region A,P003,122,130,1.94
2026-03-08,Region A,P004,100,105,1.07
2026-03-08,Region A,P005,92,95,0.1
2026-03-08,Region A,P006,102,107,0.54
2026-03-08,Region A,P007,110,113,0.25
2026-03-08,Region A,P008,107,113,0.3
2026-03-08,Region A,P009,112,116,1.61
2026-03-08,Region A,P010,129,132,0.0
2026-03-08,Region A,P011,91,94,0.25
2026-03-08,Region A,P012,136,145,1.63
2026-03-08,Region A,P013,104,110,0.66
2026-03-08,Region A,P014,79,81,0.2
2026-03-08,Region A,P015,138,142,0.71
2026-03-08,Region A,P016,86,91,0.99
2026-03-08,Region A,P017,118,121,0.39
2026-03-08,Region A,P018,80,84,0.72
2026-03-08,Region A,P019,112,118,0.46
2026-03-08,Region A,P020,152,159,1.18
2026-03-08,Region A,P021,140,146,1.77
2026-03-08,Region A,P022,138,146,1.09
2026-03-08,Region A,P023,148,158,0.68
2026-03-08,Region A,P024,84,90,0.99
2026-03-08,Region A,P025,136,139,0.76
2026-03-08,Region A,P026,145,149,1.35
2026-03-08,Region A,P027,135,140,0.44
2026-03-08,Region A,P028,151,153,0.08
2026-03-08,Region A,P029,105,110,0.46
2026-03-08,Region A,P030,78,81,1.23
2026-03-08,Region B,P001,142,147,1.67
2026-03-08,Region B,P002,107,113,0.65
2026-03-08,Region B,P003,109,113,1.08
2026-03-08,Region B,P004,141,145,0.66
2026-03-08,Region B,P005,105,109,1.25
2026-03-08,Region B,P006,143,148,0.43
2026-03-08,Region B,P007,104,111,1.98
2026-03-08,Region B,P008,94,96,0.13
2026-03-08,Region B,P009,131,134,0.14
2026-03-08,Region B,P010,84,88,1.5
2026-03-08,Region B,P011,94,96,0.69
2026-03-08,Region B,P012,77,81,1.07
2026-03-08,Region B,P013,146,150,0.2
2026-03-08,Region B,P014,90,96,1.75
2026-03-08,Region B,P015,102,106,0.24
2026-03-08,Region B,P016,89,93,0.16
2026-03-08,Region B,P017,119,121,0.43
2026-03-08,Region B,P018,140,147,1.89
2026-03-08,Region B,P019,96,100,1.41
2026-03-08,Region B,P020,100,103,1.59
2026-03-08,Region B,P021,135,143,0.99
2026-03-08,Region B,P022,105,110,1.05
2026-03-08,Region B,P023,123,125,0.0
2026-03-08,Region B,P024,86,92,2.02
2026-03-08,Region B,P025,92,97,0.56
2026-03-08,Region B,P026,110,113,1.08
2026-03-08,Region B,P027,155,159,0.23
2026-03-08,Region B,P028,140,147,1.23
2026-03-08,Region B,P029,147,156,1.26
2026-03-08,Region B,P030,90,96,1.52
2026-03-08,Region C,P001,149,152,0.57
2026-03-08,Region C,P002,112,115,1.2
2026-03-08,Region C,P003,109,116,1.74
2026-03-08,Region C,P004,143,148,0.77
2026-03-08,Region C,P005,139,145,0.95
2026-03-08,Region C,P006,100,102,0.8
2026-03-08,Region C,P007,76,81,1.79
2026-03-08,Region C,P008,142,149,1.43
2026-03-08,Region C,P009,79,82,0.51
2026-03-08,Region C,P010,133,137,0.57
2026-03-08,Region C,P011,137,143,0.04
2026-03-08,Region C,P012,102,106,0.32
2026-03-08,Region C,P013,85,89,0.94
2026-03-08,Region C,P014,121,129,1.6
2026-03-08,Region C,P015,140,149,1.02
2026-03-08,Region C,P016,151,159,0.83
2026-03-08,Region C,P017,130,137,1.03
2026-03-08,Region C,P018,90,93,0.55
2026-03-08,Region C,P019,116,121,0.99
2026-03-08,Region C,P020,118,122,0.42
2026-03-08,Region C,P021,85,90,1.48
2026-03-08,Region C,P022,98,103,0.93
2026-03-08,Region C,P023,96,102,1.17
2026-03-08,Region C,P024,115,118,0.57
2026-03-08,Region C,P025,118,121,0.04
2026-03-08,Region C,P026,100,103,0.85
2026-03-08,Region C,P027,143,145,0.36
2026-03-08,Region C,P028,152,159,0.42
2026-03-08,Region C,P029,152,157,0.21
2026-03-08,Region C,P030,116,124,1.34
2026-03-08,Region D,P001,95,98,0.85
2026-03-08,Region D,P002,86,92,1.59
2026-03-08,Region D,P003,122,128,0.91
2026-03-08,Region D,P004,134,143,0.7
2026-03-08,Region D,P005,142,150,0.6
2026-03-08,Region D,P006,131,137,1.92
2026-03-08,Region D,P007,142,144,0.53
2026-03-08,Region D,P008,105,111,0.91
2026-03-08,Region D,P009,138,147,0.71
2026-03-08,Region D,P010,110,115,0.39
2026-03-08,Region D,P011,119,122,0.24
2026-03-08,Region D,P012,77,82,1.03
2026-03-08,Region D,P013,123,130,1.25
2026-03-08,Region D,P014,106,112,1.52
2026-03-08,Region D,P015,103,109,0.42
2026-03-08,Region D,P016,87,91,1.01
2026-03-08,Region D,P017,112,116,0.82
2026-03-08,Region D,P018,84,90,0.4
2026-03-08,Region D,P019,80,85,1.42
2026-03-08,Region D,P020,144,151,0.88
2026-03-08,Region D,P021,136,145,1.57
2026-03-08,Region D,P022,104,110,1.09
2026-03-08,Region D,P023,120,126,0.72
2026-03-08,Region D,P024,110,112,0.0
2026-03-08,Region D,P025,146,155,1.46
2026-03-08,Region D,P026,77,82,1.28
2026-03-08,Region D,P027,94,96,0.0
2026-03-08,Region D,P028,135,144,2.07
2026-03-08,Region D,P029,85,87,0.49
2026-03-08,Region D,P030,117,122,1.86
2026-03-09,Region A,P001,105,110,0.85
2026-03-09,Region A,P002,113,118,1.05
2026-03-09,Region A,P003,122,129,0.66
2026-03-09,Region A,P004,89,94,1.01
2026-03-09,Region A,P005,96,99,0.56
2026-03-09,Region A,P006,79,83,0.32
2026-03-09,Region A,P007,139,142,0.32
2026-03-09,Region A,P008,116,119,0.9
2026-03-09,Region A,P009,77,81,1.61
2026-03-09,Region A,P010,90,92,0.08
2026-03-09,Region A,P011,141,143,0.0
2026-03-09,Region A,P012,139,147,1.97
2026-03-09,Region A,P013,103,109,1.62
2026-03-09,Region A,P014,151,158,1.01
2026-03-09,Region A,P015,87,91,0.58
2026-03-09,Region A,P016,89,92,0.09
2026-03-09,Region A,P017,125,133,0.95
2026-03-09,Region A,P018,141,146,0.03
2026-03-09,Region A,P019,138,145,0.7
2026-03-09,Region A,P020,89,94,0.91
2026-03-09,Region A,P021,119,123,0.9
2026-03-09,Region A,P022,117,124,0.52
2026-03-09,Region A,P023,148,155,0.9
2026-03-09,Region A,P024,135,137,0.0
2026-03-09,Region A,P025,104,107,0.68
2026-03-09,Region A,P026,142,146,0.0
2026-03-09,Region A,P027,92,98,1.17
2026-03-09,Region A,P028,139,145,1.6
2026-03-09,Region A,P029,145,149,0.02
2026-03-09,Region A,P030,116,122,0.67
2026-03-09,Region B,P001,126,130,1.35
2026-03-09,Region B,P002,119,122,0.51
2026-03-09,Region B,P003,142,145,0.4
2026-03-09,Region B,P004,83,86,0.98
2026-03-09,Region B,P005,111,113,0.39
2026-03-09,Region B,P006,149,152,0.66
2026-03-09,Region B,P007,107,109,0.0
2026-03-09,Region B,P008,142,147,1.28
2026-03-09,Region B,P009,147,151,1.5
2026-03-09,Region B,P010,130,136,0.79
2026-03-09,Region B,P011,135,138,0.47
2026-03-09,Region B,P012,91,97,1.83
2026-03-09,Region B,P013,103,106,0.54
2026-03-09,Region B,P014,120,122,0.14
2026-03-09,Region B,P015,138,142,0.87
2026-03-09,Region B,P016,94,99,0.43
2026-03-09,Region B,P017,118,124,0.54
2026-03-09,Region B,P018,96,99,0.93
2026-03-09,Region B,P019,141,147,0.59
2026-03-09,Region B,P020,89,91,0.0
2026-03-09,Region B,P021,95,99,0.54
2026-03-09,Region B,P022,103,106,0.0
2026-03-09,Region B,P023,87,90,0.11
2026-03-09,Region B,P024,147,154,1.07
2026-03-09,Region B,P025,130,134,0.45
2026-03-09,Region B,P026,95,99,1.2
2026-03-09,Region B,P027,88,92,0.97
2026-03-09,Region B,P028,154,157,1.06
2026-03-09,Region B,P029,107,112,0.9
2026-03-09,Region B,P030,110,118,1.5
2026-03-09,Region C,P001,145,151,0.9
2026-03-09,Region C,P002,137,141,0.48
2026-03-09,Region C,P003,119,125,1.03
2026-03-09,Region C,P004,121,128,0.47
2026-03-09,Region C,P005,89,92,0.92
2026-03-09,Region C,P006,116,122,0.9
2026-03-09,Region C,P007,156,159,1.02
2026-03-09,Region C,P008,95,101,1.33
2026-03-09,Region C,P009,91,94,0.73
2026-03-09,Region C,P010,131,135,0.8
2026-03-09,Region C,P011,132,135,1.15
2026-03-09,Region C,P012,134,142,1.59
2026-03-09,Region C,P013,91,96,0.57
2026-03-09,Region C,P014,131,135,0.52
2026-03-09,Region C,P015,144,150,1.44
2026-03-09,Region C,P016,152,157,0.08
2026-03-09,Region C,P017,82,84,0.72
2026-03-09,Region C,P018,110,113,0.67
2026-03-09,Region C,P019,105,108,0.59
2026-03-09,Region C,P020,107,113,0.92
2026-03-09,Region C,P021,120,126,0.32
2026-03-09,Region C,P022,88,92,1.63
2026-03-09,Region C,P023,96,100,1.19
2026-03-09,Region C,P024,135,144,1.14
2026-03-09,Region C,P025,129,138,1.62
2026-03-09,Region C,P026,96,102,0.88
2026-03-09,Region C,P027,130,133,0.78
2026-03-09,Region C,P028,92,95,0.2
2026-03-09,Region C,P029,132,141,1.87
2026-03-09,Region C,P030,99,101,0.0
2026-03-09,Region D,P001,149,155,1.05
2026-03-09,Region D,P002,89,91,0.0
2026-03-09,Region D,P003,138,144,1.38
2026-03-09,Region D,P004,84,86,0.27
2026-03-09,Region D,P005,91,95,0.73
2026-03-09,Region D,P006,151,156,0.95
2026-03-09,Region D,P007,138,145,0.65
2026-03-09,Region D,P008,114,117,0.69
2026-03-09,Region D,P009,94,98,1.39
2026-03-09,Region D,P010,96,102,1.54
2026-03-09,Region D,P011,101,107,1.89
2026-03-09,Region D,P012,133,137,0.83
2026-03-09,Region D,P013,86,88,0.0
2026-03-09,Region D,P014,90,92,0.33
2026-03-09,Region D,P015,137,145,0.81
2026-03-09,Region D,P016,116,122,1.59
2026-03-09,Region D,P017,79,83,1.62
2026-03-09,Region D,P018,130,136,1.79
2026-03-09,Region D,P019,83,87,1.29
2026-03-09,Region D,P020,81,83,0.34
2026-03-09,Region D,P021,78,80,0.73
2026-03-09,Region D,P022,152,157,0.0
2026-03-09,Region D,P023,147,151,0.0
2026-03-09,Region D,P024,126,133,1.35
2026-03-09,Region D,P025,136,142,0.84
2026-03-09,Region D,P026,96,102,2.14
2026-03-09,Region D,P027,118,125,1.34
2026-03-09,Region D,P028,106,110,0.42
2026-03-09,Region D,P029,139,147,1.43
2026-03-09,Region D,P030,99,102,0.32
2026-03-10,Region A,P001,80,84,0.58
2026-03-10,Region A,P002,88,90,0.71
2026-03-10,Region A,P003,83,87,1.04
2026-03-10,Region A,P004,106,113,1.34
2026-03-10,Region A,P005,111,114,1.07
2026-03-10,Region A,P006,148,151,0.39
2026-03-10,Region A,P007,117,120,1.52
2026-03-10,Region A,P008,129,137,1.63
2026-03-10,Region A,P009,143,151,2.03
2026-03-10,Region A,P010,123,130,0.88
2026-03-10,Region A,P011,129,134,1.77
2026-03-10,Region A,P012,94,98,1.56
2026-03-10,Region A,P013,98,103,0.39
2026-03-10,Region A,P014,126,129,0.7
2026-03-10,Region A,P015,93,98,1.44
2026-03-10,Region A,P016,89,93,0.0
2026-03-10,Region A,P017,87,92,1.88
2026-03-10,Region A,P018,107,112,1.18
2026-03-10,Region A,P019,126,129,0.0
2026-03-10,Region A,P020,128,136,1.18
2026-03-10,Region A,P021,90,94,0.68
2026-03-10,Region A,P022,140,146,0.81
2026-03-10,Region A,P023,138,146,2.26
2026-03-10,Region A,P024,133,140,1.42
2026-03-10,Region A,P025,124,132,1.72
2026-03-10,Region A,P026,111,116,1.21
2026-03-10,Region A,P027,113,118,1.43
2026-03-10,Region A,P028,85,89,1.33
2026-03-10,Region A,P029,122,128,1.4
2026-03-10,Region A,P030,146,148,0.0
2026-03-10,Region B,P001,139,148,0.84
2026-03-10,Region B,P002,89,94,1.28
2026-03-10,Region B,P003,97,101,0.0
2026-03-10,Region B,P004,134,140,0.41
2026-03-10,Region B,P005,100,104,1.35
2026-03-10,Region B,P006,76,80,1.33
2026-03-10,Region B,P007,130,137,1.51
2026-03-10,Region B,P008,121,129,0.79
2026-03-10,Region B,P009,139,146,0.78
2026-03-10,Region B,P010,145,155,0.65
2026-03-10,Region B,P011,148,151,0.0
2026-03-10,Region B,P012,106,110,1.16
2026-03-10,Region B,P013,141,143,0.39
2026-03-10,Region B,P014,89,94,0.92
2026-03-10,Region B,P015,94,96,0.07
2026-03-10,Region B,P016,129,132,0.87
2026-03-10,Region B,P017,123,131,1.43
2026-03-10,Region B,P018,100,106,1.58
2026-03-10,Region B,P019,81,84,0.72
2026-03-10,Region B,P020,124,128,0.73
2026-03-10,Region B,P021,136,138,1.04
2026-03-10,Region B,P022,134,143,1.73
2026-03-10,Region B,P023,105,110,0.0
2026-03-10,Region B,P024,115,123,2.62
2026-03-10,Region B,P025,100,103,0.59
2026-03-10,Region B,P026,119,122,0.78
2026-03-10,Region B,P027,152,159,0.65
2026-03-10,Region B,P028,141,149,1.56
2026-03-10,Region B,P029,87,91,0.4
2026-03-10,Region B,P030,128,134,0.7
2026-03-10,Region C,P001,117,125,1.78
2026-03-10,Region C,P002,108,115,1.67
2026-03-10,Region C,P003,119,124,0.7
2026-03-10,Region C,P004,117,124,0.68
2026-03-10,Region C,P005,87,91,0.34
2026-03-10,Region C,P006,104,107,0.67
2026-03-10,Region C,P007,100,104,0.85
2026-03-10,Region C,P008,110,112,0.14
2026-03-10,Region C,P009,127,135,1.59
2026-03-10,Region C,P010,87,92,1.15
2026-03-10,Region C,P011,89,92,0.7
2026-03-10,Region C,P012,110,117,0.59
2026-03-10,Region C,P013,97,99,0.0
2026-03-10,Region C,P014,142,150,1.2
2026-03-10,Region C,P015,150,152,0.0
2026-03-10,Region C,P016,149,157,0.98
2026-03-10,Region C,P017,112,118,0.55
2026-03-10,Region C,P018,142,150,1.22
2026-03-10,Region C,P019,77,80,0.66
2026-03-10,Region C,P020,150,159,0.85
2026-03-10,Region C,P021,119,126,1.16
2026-03-10,Region C,P022,140,142,0.0
2026-03-10,Region C,P023,154,156,0.0
2026-03-10,Region C,P024,126,128,1.08
2026-03-10,Region C,P025,88,93,1.21
2026-03-10,Region C,P026,156,158,0.3
2026-03-10,Region C,P027,150,155,1.0
2026-03-10,Region C,P028,150,154,0.67
2026-03-10,Region C,P029,88,94,2.29
2026-03-10,Region C,P030,77,81,0.54
2026-03-10,Region D,P001,144,149,0.2
2026-03-10,Region D,P002,109,111,0.25
2026-03-10,Region D,P003,80,82,0.0
2026-03-10,Region D,P004,143,149,0.99
2026-03-10,Region D,P005,100,104,0.64
2026-03-10,Region D,P006,91,93,0.0
2026-03-10,Region D,P007,95,97,0.92
2026-03-10,Region D,P008,116,120,0.27
2026-03-10,Region D,P009,133,136,0.4
2026-03-10,Region D,P010,145,149,0.43
2026-03-10,Region D,P011,141,144,0.37
2026-03-10,Region D,P012,103,107,1.02
2026-03-10,Region D,P013,96,98,0.02
2026-03-10,Region D,P014,103,107,0.41
2026-03-10,Region D,P015,89,91,0.28
2026-03-10,Region D,P016,125,133,1.68
2026-03-10,Region D,P017,146,154,1.31
2026-03-10,Region D,P018,147,152,0.84
2026-03-10,Region D,P019,147,156,0.91
2026-03-10,Region D,P020,128,131,0.0
2026-03-10,Region D,P021,115,119,0.37
2026-03-10,Region D,P022,132,136,0.0
2026-03-10,Region D,P023,90,92,0.88
2026-03-10,Region D,P024,102,104,0.12
2026-03-10,Region D,P025,138,141,0.91
2026-03-10,Region D,P026,91,94,0.0
2026-03-10,Region D,P027,94,100,1.75
2026-03-10,Region D,P028,107,109,0.12
2026-03-10,Region D,P029,119,127,2.12
2026-03-10,Region D,P030,147,155,1.08
2026-03-11,Region A,P001,135,139,0.66
2026-03-11,Region A,P002,76,80,0.21
2026-03-11,Region A,P003,111,115,0.74
2026-03-11,Region A,P004,132,137,0.07
2026-03-11,Region A,P005,90,92,1.21
2026-03-11,Region A,P006,138,144,0.96
2026-03-11,Region A,P007,118,124,0.13
2026-03-11,Region A,P008,137,140,0.0
2026-03-11,Region A,P009,136,143,1.39
2026-03-11,Region A,P010,81,87,1.6
2026-03-11,Region A,P011,130,139,1.36
2026-03-11,Region A,P012,132,135,0.0
2026-03-11,Region A,P013,149,158,1.13
2026-03-11,Region A,P014,139,148,1.48
2026-03-11,Region A,P015,77,81,0.77
2026-03-11,Region A,P016,144,149,0.95
2026-03-11,Region A,P017,80,82,0.71
2026-03-11,Region A,P018,102,106,1.05
2026-03-11,Region A,P019,133,136,0.2
2026-03-11,Region A,P020,133,142,1.5
2026-03-11,Region A,P021,110,117,0.92
2026-03-11,Region A,P022,157,159,0.93
2026-03-11,Region A,P023,116,119,0.95
2026-03-11,Region A,P024,150,156,0.8
2026-03-11,Region A,P025,93,95,1.57
2026-03-11,Region A,P026,102,104,0.44
2026-03-11,Region A,P027,127,135,1.45
2026-03-11,Region A,P028,136,142,0.3
2026-03-11,Region A,P029,96,98,0.65
2026-03-11,Region A,P030,117,122,0.85
2026-03-11,Region B,P001,103,108,0.27
2026-03-11,Region B,P002,88,92,0.21
2026-03-11,Region B,P003,133,138,0.7
2026-03-11,Region B,P004,135,139,1.44
2026-03-11,Region B,P005,154,159,0.59
2026-03-11,Region B,P006,136,140,0.98
2026-03-11,Region B,P007,96,99,0.02
2026-03-11,Region B,P008,129,133,0.95
2026-03-11,Region B,P009,83,87,1.25
2026-03-11,Region B,P010,79,82,0.28
2026-03-11,Region B,P011,140,143,1.11
2026-03-11,Region B,P012,93,96,1.48
2026-03-11,Region B,P013,96,98,0.2
2026-03-11,Region B,P014,112,117,1.87
2026-03-11,Region B,P015,91,94,1.54
2026-03-11,Region B,P016,111,115,0.0
2026-03-11,Region B,P017,88,90,1.43
2026-03-11,Region B,P018,99,106,2.4
2026-03-11,Region B,P019,148,154,1.02
2026-03-11,Region B,P020,144,150,0.7
2026-03-11,Region B,P021,96,99,0.46
2026-03-11,Region B,P022,143,150,0.52
2026-03-11,Region B,P023,119,121,0.25
2026-03-11,Region B,P024,138,145,1.13
2026-03-11,Region B,P025,130,138,1.27
2026-03-11,Region B,P026,103,108,1.03
2026-03-11,Region B,P027,119,125,0.74
2026-03-11,Region B,P028,117,124,0.59
2026-03-11,Region B,P029,106,110,0.74
2026-03-11,Region B,P030,127,134,1.37
2026-03-11,Region C,P001,141,148,1.3
2026-03-11,Region C,P002,101,103,1.14
2026-03-11,Region C,P003,94,96,0.0
2026-03-11,Region C,P004,79,84,0.69
2026-03-11,Region C,P005,137,140,0.57
2026-03-11,Region C,P006,101,105,1.08
2026-03-11,Region C,P007,138,141,0.14
2026-03-11,Region C,P008,145,148,0.95
2026-03-11,Region C,P009,113,119,1.04
2026-03-11,Region C,P010,120,126,1.2
2026-03-11,Region C,P011,108,112,0.0
2026-03-11,Region C,P012,111,119,1.0
2026-03-11,Region C,P013,111,115,0.19
2026-03-11,Region C,P014,142,146,0.12
2026-03-11,Region C,P015,97,102,1.53
2026-03-11,Region C,P016,123,130,2.0
2026-03-11,Region C,P017,127,135,0.74
2026-03-11,Region C,P018,143,145,0.51
2026-03-11,Region C,P019,79,82,0.23
2026-03-11,Region C,P020,84,88,1.25
2026-03-11,Region C,P021,135,144,1.74
2026-03-11,Region C,P022,151,158,1.28
2026-03-11,Region C,P023,77,81,1.31
2026-03-11,Region C,P024,101,106,0.69
2026-03-11,Region C,P025,135,144,1.2
2026-03-11,Region C,P026,130,133,0.43
2026-03-11,Region C,P027,118,124,1.73
2026-03-11,Region C,P028,92,97,1.24
2026-03-11,Region C,P029,131,137,1.1
2026-03-11,Region C,P030,81,84,0.17
2026-03-11,Region D,P001,115,121,0.6
2026-03-11,Region D,P002,84,89,0.8
2026-03-11,Region D,P003,116,119,0.12
2026-03-11,Region D,P004,100,105,1.22
2026-03-11,Region D,P005,77,80,0.12
2026-03-11,Region D,P006,118,120,0.37
2026-03-11,Region D,P007,135,137,0.11
2026-03-11,Region D,P008,136,142,1.2
2026-03-11,Region D,P009,143,151,0.78
2026-03-11,Region D,P010,84,85,0.62
2026-03-11,Region D,P011,78,80,0.93
2026-03-11,Region D,P012,148,156,1.58
2026-03-11,Region D,P013,101,107,1.11
2026-03-11,Region D,P014,88,90,0.82
2026-03-11,Region D,P015,102,105,0.15
2026-03-11,Region D,P016,87,91,1.34
2026-03-11,Region D,P017,114,117,0.46
2026-03-11,Region D,P018,122,127,1.41
2026-03-11,Region D,P019,80,84,1.75
2026-03-11,Region D,P020,140,142,0.19
2026-03-11,Region D,P021,81,84,0.0
2026-03-11,Region D,P022,85,90,1.27
2026-03-11,Region D,P023,141,148,0.52
2026-03-11,Region D,P024,125,130,0.13
2026-03-11,Region D,P025,88,93,1.12
2026-03-11,Region D,P026,124,126,0.99
2026-03-11,Region D,P027,102,104,0.0
2026-03-11,Region D,P028,81,85,1.97
2026-03-11,Region D,P029,116,119,0.37
2026-03-11,Region D,P030,150,156,0.64
2026-03-12,Region A,P001,120,127,1.33
2026-03-12,Region A,P002,129,135,0.99
2026-03-12,Region A,P003,103,108,0.77
2026-03-12,Region A,P004,84,89,1.11
2026-03-12,Region A,P005,100,103,1.11
2026-03-12,Region A,P006,149,152,0.22
2026-03-12,Region A,P007,114,121,1.49
2026-03-12,Region A,P008,145,154,0.97
2026-03-12,Region A,P009,91,94,0.43
2026-03-12,Region A,P010,103,106,1.21
2026-03-12,Region A,P011,144,153,0.9
2026-03-12,Region A,P012,90,95,0.37
2026-03-12,Region A,P013,122,126,0.7
2026-03-12,Region A,P014,136,139,0.39
2026-03-12,Region A,P015,109,116,1.85
2026-03-12,Region A,P016,144,149,0.34
2026-03-12,Region A,P017,88,93,0.85
2026-03-12,Region A,P018,134,141,0.85
2026-03-12,Region A,P019,138,141,0.21
2026-03-12,Region A,P020,112,116,1.14
2026-03-12,Region A,P021,148,157,1.35
2026-03-12,Region A,P022,110,113,0.45
2026-03-12,Region A,P023,114,122,1.4
2026-03-12,Region A,P024,91,94,0.11
2026-03-12,Region A,P025,123,129,0.93
2026-03-12,Region A,P026,79,83,1.2
2026-03-12,Region A,P027,79,81,0.45
2026-03-12,Region A,P028,127,134,1.02
2026-03-12,Region A,P029,106,108,0.22
2026-03-12,Region A,P030,118,123,1.4
2026-03-12,Region B,P001,91,94,0.71
2026-03-12,Region B,P002,119,126,2.12
2026-03-12,Region B,P003,124,128,0.48
2026-03-12,Region B,P004,117,125,1.65
2026-03-12,Region B,P005,124,129,0.52
2026-03-12,Region B,P006,125,133,0.87
2026-03-12,Region B,P007,115,120,0.55
2026-03-12,Region B,P008,127,131,0.14
2026-03-12,Region B,P009,131,134,0.47
2026-03-12,Region B,P010,114,117,0.58
2026-03-12,Region B,P011,113,120,1.46
2026-03-12,Region B,P012,110,116,1.21
2026-03-12,Region B,P013,90,92,1.11
2026-03-12,Region B,P014,124,128,0.63
2026-03-12,Region B,P015,139,141,0.45
2026-03-12,Region B,P016,113,120,1.37
2026-03-12,Region B,P017,101,106,0.61
2026-03-12,Region B,P018,134,141,1.25
2026-03-12,Region B,P019,105,109,0.91
2026-03-12,Region B,P020,128,136,2.05
2026-03-12,Region B,P021,82,86,0.34
2026-03-12,Region B,P022,150,152,0.75
2026-03-12,Region B,P023,97,100,0.23
2026-03-12,Region B,P024,120,123,0.19
2026-03-12,Region B,P025,123,129,0.24
2026-03-12,Region B,P026,111,114,0.19
2026-03-12,Region B,P027,81,83,1.13
2026-03-12,Region B,P028,86,89,1.15
2026-03-12,Region B,P029,106,111,1.04
2026-03-12,Region B,P030,113,120,1.03
2026-03-12,Region C,P001,92,98,1.83
2026-03-12,Region C,P002,78,83,0.58
2026-03-12,Region C,P003,129,131,0.24
2026-03-12,Region C,P004,98,104,1.24
2026-03-12,Region C,P005,110,113,0.94
2026-03-12,Region C,P006,145,154,0.99
2026-03-12,Region C,P007,150,155,1.38
2026-03-12,Region C,P008,85,89,0.58
2026-03-12,Region C,P009,101,105,1.42
2026-03-12,Region C,P010,112,120,0.7
2026-03-12,Region C,P011,112,117,0.88
2026-03-12,Region C,P012,116,119,0.13
2026-03-12,Region C,P013,78,83,1.76
2026-03-12,Region C,P014,86,91,1.75
2026-03-12,Region C,P015,76,81,1.76
2026-03-12,Region C,P016,96,98,0.48
2026-03-12,Region C,P017,93,99,2.26
2026-03-12,Region C,P018,114,121,1.15
2026-03-12,Region C,P019,143,151,0.68
2026-03-12,Region C,P020,122,125,0.48
2026-03-12,Region C,P021,120,127,1.66
2026-03-12,Region C,P022,96,98,0.0
2026-03-12,Region C,P023,129,132,1.0
2026-03-12,Region C,P024,151,156,0.0
2026-03-12,Region C,P025,149,155,1.35
2026-03-12,Region C,P026,134,143,1.54
2026-03-12,Region C,P027,78,81,1.31
2026-03-12,Region C,P028,111,114,0.52
2026-03-12,Region C,P029,111,113,0.02
2026-03-12,Region C,P030,103,108,0.45
2026-03-12,Region D,P001,127,132,1.51
2026-03-12,Region D,P002,151,157,0.7
2026-03-12,Region D,P003,109,113,1.54
2026-03-12,Region D,P004,94,98,0.8
2026-03-12,Region D,P005,145,150,0.25
2026-03-12,Region D,P006,127,133,1.47
2026-03-12,Region D,P007,101,103,0.29
2026-03-12,Region D,P008,80,85,1.11
2026-03-12,Region D,P009,84,88,1.64
2026-03-12,Region D,P010,109,115,0.62
2026-03-12,Region D,P011,146,151,0.86
2026-03-12,Region D,P012,125,130,1.34
2026-03-12,Region D,P013,105,110,0.0
2026-03-12,Region D,P014,142,151,1.83
2026-03-12,Region D,P015,119,124,0.95
2026-03-12,Region D,P016,120,124,1.61
2026-03-12,Region D,P017,140,149,1.37
2026-03-12,Region D,P018,133,140,0.89
2026-03-12,Region D,P019,118,121,0.95
2026-03-12,Region D,P020,141,146,0.38
2026-03-12,Region D,P021,149,154,1.3
2026-03-12,Region D,P022,139,144,0.38
2026-03-12,Region D,P023,134,142,1.41
2026-03-12,Region D,P024,90,92,0.17
2026-03-12,Region D,P025,90,93,0.0
2026-03-12,Region D,P026,82,86,0.66
2026-03-12,Region D,P027,150,153,0.0
2026-03-12,Region D,P028,136,141,0.64
2026-03-12,Region D,P029,131,138,0.6
2026-03-12,Region D,P030,96,101,1.07
2026-03-13,Region A,P001,108,112,1.49
2026-03-13,Region A,P002,145,149,1.38
2026-03-13,Region A,P003,107,110,0.65
2026-03-13,Region A,P004,150,153,0.55
2026-03-13,Region A,P005,96,103,1.94
2026-03-13,Region A,P006,140,148,0.36
2026-03-13,Region A,P007,120,123,0.21
2026-03-13,Region A,P008,93,98,1.75
2026-03-13,Region A,P009,89,95,2.01
2026-03-13,Region A,P010,84,90,1.48
2026-03-13,Region A,P011,78,81,0.84
2026-03-13,Region A,P012,87,93,1.19
2026-03-13,Region A,P013,86,88,0.74
2026-03-13,Region A,P014,103,106,0.71
2026-03-13,Region A,P015,84,87,0.91
2026-03-13,Region A,P016,100,103,0.0
2026-03-13,Region A,P017,89,94,1.09
2026-03-13,Region A,P018,148,150,0.0
2026-03-13,Region A,P019,121,124,0.47
2026-03-13,Region A,P020,100,104,1.08
2026-03-13,Region A,P021,149,154,1.8
2026-03-13,Region A,P022,117,124,1.22
2026-03-13,Region A,P023,112,116,0.39
2026-03-13,Region A,P024,111,115,0.42
2026-03-13,Region A,P025,92,94,0.0
2026-03-13,Region A,P026,143,149,1.17
2026-03-13,Region A,P027,154,158,0.0
2026-03-13,Region A,P028,135,141,1.46
2026-03-13,Region A,P029,92,96,0.37
2026-03-13,Region A,P030,82,87,1.11
2026-03-13,Region B,P001,95,99,0.63
2026-03-13,Region B,P002,78,83,0.71
2026-03-13,Region B,P003,120,126,0.77
2026-03-13,Region B,P004,81,83,0.85
2026-03-13,Region B,P005,107,109,0.0
2026-03-13,Region B,P006,146,154,0.45
2026-03-13,Region B,P007,82,83,0.95
2026-03-13,Region B,P008,100,106,1.15
2026-03-13,Region B,P009,97,99,0.0
2026-03-13,Region B,P010,97,101,0.8
2026-03-13,Region B,P011,111,116,1.61
2026-03-13,Region B,P012,150,156,1.13
2026-03-13,Region B,P013,91,96,0.67
2026-03-13,Region B,P014,99,103,0.46
2026-03-13,Region B,P015,136,141,0.93
2026-03-13,Region B,P016,122,126,0.05
2026-03-13,Region B,P017,105,112,0.69
2026-03-13,Region B,P018,117,121,0.61
2026-03-13,Region B,P019,130,133,0.93
2026-03-13,Region B,P020,100,102,0.57
2026-03-13,Region B,P021,143,149,0.48
2026-03-13,Region B,P022,89,93,0.88
2026-03-13,Region B,P023,84,89,1.14
2026-03-13,Region B,P024,120,125,1.13
2026-03-13,Region B,P025,75,80,1.21
2026-03-13,Region B,P026,144,147,0.0
2026-03-13,Region B,P027,150,153,0.07
2026-03-13,Region B,P028,146,151,0.35
2026-03-13,Region B,P029,105,109,1.58
2026-03-13,Region B,P030,137,141,1.46
2026-03-13,Region C,P001,134,142,0.91
2026-03-13,Region C,P002,116,122,1.12
2026-03-13,Region C,P003,136,142,0.68
2026-03-13,Region C,P004,102,109,1.51
2026-03-13,Region C,P005,102,107,0.17
2026-03-13,Region C,P006,96,101,1.2
2026-03-13,Region C,P007,132,138,1.21
2026-03-13,Region C,P008,118,122,0.1
2026-03-13,Region C,P009,155,158,0.36
2026-03-13,Region C,P010,82,87,0.94
2026-03-13,Region C,P011,79,81,0.55
2026-03-13,Region C,P012,127,132,1.8
2026-03-13,Region C,P013,123,126,0.56
2026-03-13,Region C,P014,82,87,1.04
2026-03-13,Region C,P015,83,85,0.0
2026-03-13,Region C,P016,115,123,1.88
2026-03-13,Region C,P017,134,137,0.49
2026-03-13,Region C,P018,122,126,0.92
2026-03-13,Region C,P019,123,126,1.07
2026-03-13,Region C,P020,78,82,0.0
2026-03-13,Region C,P021,150,156,1.21
2026-03-13,Region C,P022,148,158,1.55
2026-03-13,Region C,P023,152,155,0.0
2026-03-13,Region C,P024,134,142,1.17
2026-03-13,Region C,P025,142,150,1.79
2026-03-13,Region C,P026,151,154,0.66
2026-03-13,Region C,P027,84,87,0.5
2026-03-13,Region C,P028,109,111,0.04
2026-03-13,Region C,P029,83,87,1.35
2026-03-13,Region C,P030,85,89,1.0
2026-03-13,Region D,P001,122,130,2.0
2026-03-13,Region D,P002,105,110,0.93
2026-03-13,Region D,P003,130,136,1.0
2026-03-13,Region D,P004,111,114,0.97
2026-03-13,Region D,P005,87,92,1.12
2026-03-13,Region D,P006,105,111,0.16
2026-03-13,Region D,P007,87,88,0.29
2026-03-13,Region D,P008,87,91,1.29
2026-03-13,Region D,P009,108,112,0.0
2026-03-13,Region D,P010,132,135,0.32
2026-03-13,Region D,P011,120,124,1.18
2026-03-13,Region D,P012,140,149,1.1
2026-03-13,Region D,P013,148,152,0.43
2026-03-13,Region D,P014,142,145,0.17
2026-03-13,Region D,P015,123,126,1.11
2026-03-13,Region D,P016,76,80,0.67
2026-03-13,Region D,P017,108,115,2.1
2026-03-13,Region D,P018,109,113,0.11
2026-03-13,Region D,P019,91,93,0.83
2026-03-13,Region D,P020,132,135,1.15
2026-03-13,Region D,P021,150,156,2.41
2026-03-13,Region D,P022,91,95,1.18
2026-03-13,Region D,P023,123,130,1.13
2026-03-13,Region D,P024,84,86,0.76
2026-03-13,Region D,P025,132,136,0.66
2026-03-13,Region D,P026,113,120,1.5
2026-03-13,Region D,P027,109,116,1.72
2026-03-13,Region D,P028,143,149,2.08
2026-03-13,Region D,P029,144,153,1.36
2026-03-13,Region D,P030,148,152,0.01
2026-03-14,Region A,P001,95,97,0.0
2026-03-14,Region A,P002,80,83,1.11
2026-03-14,Region A,P003,105,107,0.69
2026-03-14,Region A,P004,125,128,0.21
2026-03-14,Region A,P005,108,115,0.65
2026-03-14,Region A,P006,95,99,1.1
2026-03-14,Region A,P007,122,127,0.93
2026-03-14,Region A,P008,129,135,1.11
2026-03-14,Region A,P009,105,107,0.71
2026-03-14,Region A,P010,126,131,0.55
2026-03-14,Region A,P011,96,100,1.51
2026-03-14,Region A,P012,113,117,1.58
2026-03-14,Region A,P013,129,132,0.74
2026-03-14,Region A,P014,148,150,0.0
2026-03-14,Region A,P015,92,98,0.76
2026-03-14,Region A,P016,144,147,0.31
2026-03-14,Region A,P017,80,83,1.58
2026-03-14,Region A,P018,81,82,0.72
2026-03-14,Region A,P019,141,144,0.33
2026-03-14,Region A,P020,107,113,1.44
2026-03-14,Region A,P021,78,80,0.69
2026-03-14,Region A,P022,137,146,1.94
2026-03-14,Region A,P023,114,120,0.94
2026-03-14,Region A,P024,125,131,1.12
2026-03-14,Region A,P025,112,118,1.59
2026-03-14,Region A,P026,96,98,0.0
2026-03-14,Region A,P027,104,109,1.07
2026-03-14,Region A,P028,149,153,0.89
2026-03-14,Region A,P029,97,99,0.0
2026-03-14,Region A,P030,139,141,0.28
2026-03-14,Region B,P001,132,138,1.25
2026-03-14,Region B,P002,93,96,0.8
2026-03-14,Region B,P003,79,81,0.16
2026-03-14,Region B,P004,137,142,0.7
2026-03-14,Region B,P005,141,146,1.04
2026-03-14,Region B,P006,137,142,1.0
2026-03-14,Region B,P007,122,124,0.91
2026-03-14,Region B,P008,76,81,1.73
2026-03-14,Region B,P009,103,105,0.0
2026-03-14,Region B,P010,141,147,0.0
2026-03-14,Region B,P011,112,116,0.12
2026-03-14,Region B,P012,92,95,0.61
2026-03-14,Region B,P013,109,113,1.09
2026-03-14,Region B,P014,85,89,1.2
2026-03-14,Region B,P015,100,103,0.9
2026-03-14,Region B,P016,79,82,0.98
2026-03-14,Region B,P017,127,129,0.65
2026-03-14,Region B,P018,144,147,0.79
2026-03-14,Region B,P019,120,125,1.14
2026-03-14,Region B,P020,106,108,0.0
2026-03-14,Region B,P021,78,80,0.85
2026-03-14,Region B,P022,100,103,1.86
2026-03-14,Region B,P023,154,159,0.02
2026-03-14,Region B,P024,126,130,0.46
2026-03-14,Region B,P025,117,119,0.0
2026-03-14,Region B,P026,153,159,0.99
2026-03-14,Region B,P027,141,144,0.09
2026-03-14,Region B,P028,102,106,1.34
2026-03-14,Region B,P029,106,113,1.23
2026-03-14,Region B,P030,122,130,0.69
2026-03-14,Region C,P001,141,146,0.76
2026-03-14,Region C,P002,93,98,1.23
2026-03-14,Region C,P003,98,104,1.03
2026-03-14,Region C,P004,118,124,0.95
2026-03-14,Region C,P005,77,82,2.02
2026-03-14,Region C,P006,134,138,0.93
2026-03-14,Region C,P007,134,138,0.16
2026-03-14,Region C,P008,135,143,0.96
2026-03-14,Region C,P009,97,99,0.67
2026-03-14,Region C,P010,103,109,0.94
2026-03-14,Region C,P011,78,80,0.57
2026-03-14,Region C,P012,147,156,1.36
2026-03-14,Region C,P013,85,90,1.03
2026-03-14,Region C,P014,88,91,0.93
2026-03-14,Region C,P015,118,121,0.18
2026-03-14,Region C,P016,93,99,0.86
2026-03-14,Region C,P017,131,137,1.68
2026-03-14,Region C,P018,111,115,0.96
2026-03-14,Region C,P019,77,81,1.27
2026-03-14,Region C,P020,102,105,0.31
2026-03-14,Region C,P021,127,129,0.05
2026-03-14,Region C,P022,96,102,0.82
2026-03-14,Region C,P023,89,94,1.38
2026-03-14,Region C,P024,113,118,1.19
2026-03-14,Region C,P025,97,100,1.09
2026-03-14,Region C,P026,129,137,1.36
2026-03-14,Region C,P027,83,89,1.99
2026-03-14,Region C,P028,90,92,0.46
2026-03-14,Region C,P029,79,80,0.4
2026-03-14,Region C,P030,125,132,1.68
2026-03-14,Region D,P001,88,91,0.42
2026-03-14,Region D,P002,141,145,0.84
2026-03-14,Region D,P003,100,106,1.7
2026-03-14,Region D,P004,121,126,1.04
2026-03-14,Region D,P005,152,155,0.66
2026-03-14,Region D,P006,140,146,1.62
2026-03-14,Region D,P007,115,119,0.55
2026-03-14,Region D,P008,98,102,1.17
2026-03-14,Region D,P009,119,125,1.78
2026-03-14,Region D,P010,100,102,1.16
2026-03-14,Region D,P011,84,88,0.68
2026-03-14,Region D,P012,94,100,1.11
2026-03-14,Region D,P013,103,106,0.52
2026-03-14,Region D,P014,150,153,0.02
2026-03-14,Region D,P015,124,131,1.72
2026-03-14,Region D,P016,84,89,1.07
2026-03-14,Region D,P017,149,152,1.19
2026-03-14,Region D,P018,88,90,0.04
2026-03-14,Region D,P019,92,96,0.97
2026-03-14,Region D,P020,79,82,0.0
2026-03-14,Region D,P021,124,128,0.48
2026-03-14,Region D,P022,126,133,0.96
2026-03-14,Region D,P023,80,84,0.84
2026-03-14,Region D,P024,110,114,0.47
2026-03-14,Region D,P025,97,99,0.08
2026-03-14,Region D,P026,125,130,0.46
2026-03-14,Region D,P027,108,115,1.97
2026-03-14,Region D,P028,138,145,0.33
2026-03-14,Region D,P029,122,127,1.21
2026-03-14,Region D,P030,128,131,0.42
2026-03-15,Region A,P001,115,119,1.67
2026-03-15,Region A,P002,78,80,0.6
2026-03-15,Region A,P003,77,81,1.49
2026-03-15,Region A,P004,136,145,2.09
2026-03-15,Region A,P005,113,121,0.99
2026-03-15,Region A,P006,88,94,0.6
2026-03-15,Region A,P007,118,122,0.48
2026-03-15,Region A,P008,141,149,0.0
2026-03-15,Region A,P009,101,106,0.26
2026-03-15,Region A,P010,100,105,1.05
2026-03-15,Region A,P011,104,108,0.98
2026-03-15,Region A,P012,115,120,0.84
2026-03-15,Region A,P013,90,94,0.55
2026-03-15,Region A,P014,144,152,2.2
2026-03-15,Region A,P015,101,103,0.67
2026-03-15,Region A,P016,124,126,0.89
2026-03-15,Region A,P017,139,146,0.86
2026-03-15,Region A,P018,92,96,0.03
2026-03-15,Region A,P019,111,113,0.0
2026-03-15,Region A,P020,89,92,0.37
2026-03-15,Region A,P021,148,150,0.0
2026-03-15,Region A,P022,128,136,1.52
2026-03-15,Region A,P023,124,129,1.18
2026-03-15,Region A,P024,142,146,0.75
2026-03-15,Region A,P025,105,110,1.86
2026-03-15,Region A,P026,133,140,0.95
2026-03-15,Region A,P027,106,113,1.61
2026-03-15,Region A,P028,152,155,0.0
2026-03-15,Region A,P029,131,140,1.64
2026-03-15,Region A,P030,106,109,0.0
2026-03-15,Region B,P001,90,94,0.42
2026-03-15,Region B,P002,151,155,0.09
2026-03-15,Region B,P003,116,118,0.45
2026-03-15,Region B,P004,97,100,0.82
2026-03-15,Region B,P005,82,87,1.41
2026-03-15,Region B,P006,76,80,0.77
2026-03-15,Region B,P007,104,109,0.74
2026-03-15,Region B,P008,116,120,0.35
2026-03-15,Region B,P009,130,138,0.78
2026-03-15,Region B,P010,92,95,2.12
2026-03-15,Region B,P011,137,143,1.11
2026-03-15,Region B,P012,100,105,1.33
2026-03-15,Region B,P013,123,126,0.0
2026-03-15,Region B,P014,126,131,1.01
2026-03-15,Region B,P015,107,110,0.91
2026-03-15,Region B,P016,85,87,0.0
2026-03-15,Region B,P017,100,104,0.3
2026-03-15,Region B,P018,76,80,1.18
2026-03-15,Region B,P019,146,148,0.14
2026-03-15,Region B,P020,110,116,0.46
2026-03-15,Region B,P021,113,116,0.0
2026-03-15,Region B,P022,142,146,0.89
2026-03-15,Region B,P023,99,105,1.11
2026-03-15,Region B,P024,152,158,0.71
2026-03-15,Region B,P025,121,129,0.77
2026-03-15,Region B,P026,100,104,1.17
2026-03-15,Region B,P027,123,128,1.22
2026-03-15,Region B,P028,153,157,0.59
2026-03-15,Region B,P029,134,138,0.16
2026-03-15,Region B,P030,130,136,0.51
2026-03-15,Region C,P001,94,96,0.66
2026-03-15,Region C,P002,81,86,0.99
2026-03-15,Region C,P003,93,96,0.15
2026-03-15,Region C,P004,151,157,1.03
2026-03-15,Region C,P005,85,89,1.15
2026-03-15,Region C,P006,138,146,1.3
2026-03-15,Region C,P007,121,129,1.32
2026-03-15,Region C,P008,127,135,0.7
2026-03-15,Region C,P009,95,102,1.4
2026-03-15,Region C,P010,131,135,0.46
2026-03-15,Region C,P011,137,143,0.73
2026-03-15,Region C,P012,149,157,1.01
2026-03-15,Region C,P013,108,115,1.46
2026-03-15,Region C,P014,152,159,0.68
2026-03-15,Region C,P015,144,152,1.0
2026-03-15,Region C,P016,102,104,0.81
2026-03-15,Region C,P017,82,86,1.17
2026-03-15,Region C,P018,128,136,1.87
2026-03-15,Region C,P019,112,118,1.12
2026-03-15,Region C,P020,92,98,1.46
2026-03-15,Region C,P021,122,126,0.89
2026-03-15,Region C,P022,103,110,2.51
2026-03-15,Region C,P023,96,100,0.53
2026-03-15,Region C,P024,124,132,1.27
2026-03-15,Region C,P025,94,98,0.17
2026-03-15,Region C,P026,83,86,0.67
2026-03-15,Region C,P027,81,83,0.21
2026-03-15,Region C,P028,143,147,1.13
2026-03-15,Region C,P029,111,115,0.37
2026-03-15,Region C,P030,118,126,1.44
2026-03-15,Region D,P001,112,118,0.63
2026-03-15,Region D,P002,84,87,1.56
2026-03-15,Region D,P003,149,159,2.09
2026-03-15,Region D,P004,96,98,0.0
2026-03-15,Region D,P005,88,90,0.58
2026-03-15,Region D,P006,95,100,0.55
2026-03-15,Region D,P007,123,126,0.87
2026-03-15,Region D,P008,97,103,1.36
2026-03-15,Region D,P009,97,100,0.71
2026-03-15,Region D,P010,136,141,0.59
2026-03-15,Region D,P011,99,102,0.67
2026-03-15,Region D,P012,140,144,0.85
2026-03-15,Region D,P013,86,89,0.61
2026-03-15,Region D,P014,81,86,1.69
2026-03-15,Region D,P015,100,104,0.68
2026-03-15,Region D,P016,85,87,0.0
2026-03-15,Region D,P017,87,89,0.83
2026-03-15,Region D,P018,118,125,1.48
2026-03-15,Region D,P019,79,82,0.72
2026-03-15,Region D,P020,124,128,0.19
2026-03-15,Region D,P021,115,122,1.65
2026-03-15,Region D,P022,111,116,2.12
2026-03-15,Region D,P023,123,125,1.32
2026-03-15,Region D,P024,141,145,1.22
2026-03-15,Region D,P025,126,133,1.2
2026-03-15,Region D,P026,85,87,0.32
2026-03-15,Region D,P027,83,85,0.68
2026-03-15,Region D,P028,140,144,1.13
2026-03-15,Region D,P029,98,102,1.6
2026-03-15,Region D,P030,124,130,0.83
2026-03-16,Region A,P001,102,104,0.75
2026-03-16,Region A,P002,99,104,1.11
2026-03-16,Region A,P003,145,154,0.67
2026-03-16,Region A,P004,122,125,0.07
2026-03-16,Region A,P005,141,149,1.49
2026-03-16,Region A,P006,123,128,1.51
2026-03-16,Region A,P007,95,99,1.21
2026-03-16,Region A,P008,137,141,0.86
2026-03-16,Region A,P009,102,105,0.43
2026-03-16,Region A,P010,90,93,0.07
2026-03-16,Region A,P011,131,137,1.53
2026-03-16,Region A,P012,140,146,0.42
2026-03-16,Region A,P013,151,159,0.99
2026-03-16,Region A,P014,112,119,1.91
2026-03-16,Region A,P015,87,89,0.16
2026-03-16,Region A,P016,105,109,0.08
2026-03-16,Region A,P017,86,90,0.96
2026-03-16,Region A,P018,96,102,1.13
2026-03-16,Region A,P019,87,91,0.4
2026-03-16,Region A,P020,138,144,1.28
2026-03-16,Region A,P021,117,122,0.71
2026-03-16,Region A,P022,104,108,0.32
2026-03-16,Region A,P023,110,116,0.36
2026-03-16,Region A,P024,138,145,0.39
2026-03-16,Region A,P025,78,80,0.0
2026-03-16,Region A,P026,151,156,0.78
2026-03-16,Region A,P027,142,146,0.73
2026-03-16,Region A,P028,101,104,0.8
2026-03-16,Region A,P029,142,150,0.84
2026-03-16,Region A,P030,94,100,1.3
2026-03-16,Region B,P001,119,124,0.94
2026-03-16,Region B,P002,129,133,0.68
2026-03-16,Region B,P003,109,111,0.0
2026-03-16,Region B,P004,128,132,0.07
2026-03-16,Region B,P005,153,155,0.74
2026-03-16,Region B,P006,99,102,0.0
2026-03-16,Region B,P007,119,126,1.88
2026-03-16,Region B,P008,93,95,0.18
2026-03-16,Region B,P009,130,132,0.0
2026-03-16,Region B,P010,111,113,0.09
2026-03-16,Region B,P011,148,156,1.53
2026-03-16,Region B,P012,141,147,0.88
2026-03-16,Region B,P013,124,131,0.92
2026-03-16,Region B,P014,105,112,1.41
2026-03-16,Region B,P015,102,109,1.18
2026-03-16,Region B,P016,103,105,0.61
2026-03-16,Region B,P017,150,156,0.0
2026-03-16,Region B,P018,120,126,1.47
2026-03-16,Region B,P019,95,98,0.91
2026-03-16,Region B,P020,136,139,0.46
2026-03-16,Region B,P021,108,111,0.0
2026-03-16,Region B,P022,90,95,1.85
2026-03-16,Region B,P023,118,122,0.25
2026-03-16,Region B,P024,98,103,1.54
2026-03-16,Region B,P025,119,126,1.3
2026-03-16,Region B,P026,87,92,1.43
2026-03-16,Region B,P027,78,82,1.99
2026-03-16,Region B,P028,87,89,0.0
2026-03-16,Region B,P029,143,147,1.07
2026-03-16,Region B,P030,144,150,0.76
2026-03-16,Region C,P001,90,96,1.16
2026-03-16,Region C,P002,121,128,1.73
2026-03-16,Region C,P003,120,123,0.7
2026-03-16,Region C,P004,121,124,1.18
2026-03-16,Region C,P005,91,97,1.43
2026-03-16,Region C,P006,139,146,1.84
2026-03-16,Region C,P007,106,111,1.09
2026-03-16,Region C,P008,98,104,1.08
2026-03-16,Region C,P009,127,136,1.44
2026-03-16,Region C,P010,140,146,1.04
2026-03-16,Region C,P011,127,135,0.11
2026-03-16,Region C,P012,148,153,1.0
2026-03-16,Region C,P013,97,103,1.02
2026-03-16,Region C,P014,144,152,1.22
2026-03-16,Region C,P015,133,140,1.42
2026-03-16,Region C,P016,90,95,0.51
2026-03-16,Region C,P017,96,102,0.46
2026-03-16,Region C,P018,154,158,0.54
2026-03-16,Region C,P019,125,132,0.53
2026-03-16,Region C,P020,129,135,1.31
2026-03-16,Region C,P021,115,120,0.7
2026-03-16,Region C,P022,127,131,0.4
2026-03-16,Region C,P023,142,148,0.15
2026-03-16,Region C,P024,75,80,1.74
2026-03-16,Region C,P025,111,118,0.21
2026-03-16,Region C,P026,138,144,0.66
2026-03-16,Region C,P027,124,129,1.04
2026-03-16,Region C,P028,97,103,1.4
2026-03-16,Region C,P029,102,106,0.82
2026-03-16,Region C,P030,92,98,1.58
2026-03-16,Region D,P001,78,83,1.58
2026-03-16,Region D,P002,136,139,0.0
2026-03-16,Region D,P003,128,133,1.37
2026-03-16,Region D,P004,147,149,0.6
2026-03-16,Region D,P005,93,96,0.81
2026-03-16,Region D,P006,103,107,0.98
2026-03-16,Region D,P007,80,84,1.38
2026-03-16,Region D,P008,139,147,1.92
2026-03-16,Region D,P009,97,101,0.5
2026-03-16,Region D,P010,131,136,1.05
2026-03-16,Region D,P011,111,114,0.03
2026-03-16,Region D,P012,80,82,0.77
2026-03-16,Region D,P013,118,121,0.27
2026-03-16,Region D,P014,123,129,0.74
2026-03-16,Region D,P015,86,91,1.74
2026-03-16,Region D,P016,82,83,0.96
2026-03-16,Region D,P017,139,145,0.87
2026-03-16,Region D,P018,133,138,0.0
2026-03-16,Region D,P019,96,101,1.7
2026-03-16,Region D,P020,116,120,0.12
2026-03-16,Region D,P021,148,151,0.38
2026-03-16,Region D,P022,78,80,0.74
2026-03-16,Region D,P023,84,89,2.03
2026-03-16,Region D,P024,86,88,0.39
2026-03-16,Region D,P025,79,84,1.8
2026-03-16,Region D,P026,118,122,0.42
2026-03-16,Region D,P027,121,127,0.98
2026-03-16,Region D,P028,103,108,0.0
2026-03-16,Region D,P029,137,146,2.03
2026-03-16,Region D,P030,102,104,0.0
2026-03-17,Region A,P001,125,133,1.26
2026-03-17,Region A,P002,99,101,0.04
2026-03-17,Region A,P003,80,85,2.0
2026-03-17,Region A,P004,126,131,1.23
2026-03-17,Region A,P005,144,146,0.28
2026-03-17,Region A,P006,104,108,0.9
2026-03-17,Region A,P007,93,96,0.64
2026-03-17,Region A,P008,142,148,0.53
2026-03-17,Region A,P009,82,83,0.84
2026-03-17,Region A,P010,84,86,0.43
2026-03-17,Region A,P011,127,130,0.09
2026-03-17,Region A,P012,126,134,1.67
2026-03-17,Region A,P013,106,112,1.8
2026-03-17,Region A,P014,89,94,0.16
2026-03-17,Region A,P015,142,151,1.36
2026-03-17,Region A,P016,127,135,1.26
2026-03-17,Region A,P017,148,156,0.66
2026-03-17,Region A,P018,80,83,1.53
2026-03-17,Region A,P019,140,142,0.0
2026-03-17,Region A,P020,112,115,0.0
2026-03-17,Region A,P021,147,151,0.19
2026-03-17,Region A,P022,129,136,0.55
2026-03-17,Region A,P023,120,128,0.55
2026-03-17,Region A,P024,98,104,0.7
2026-03-17,Region A,P025,132,136,0.31
2026-03-17,Region A,P026,122,127,0.61
2026-03-17,Region A,P027,122,128,1.71
2026-03-17,Region A,P028,105,110,0.38
2026-03-17,Region A,P029,77,82,2.06
2026-03-17,Region A,P030,101,107,1.9
2026-03-17,Region B,P001,89,93,0.6
2026-03-17,Region B,P002,132,136,0.48
2026-03-17,Region B,P003,105,111,0.53
2026-03-17,Region B,P004,103,110,0.0
2026-03-17,Region B,P005,143,152,1.53
2026-03-17,Region B,P006,86,90,1.16
2026-03-17,Region B,P007,142,147,0.77
2026-03-17,Region B,P008,130,138,0.64
2026-03-17,Region B,P009,99,105,0.26
2026-03-17,Region B,P010,88,91,1.19
2026-03-17,Region B,P011,146,155,1.31
2026-03-17,Region B,P012,149,154,0.54
2026-03-17,Region B,P013,153,156,0.52
2026-03-17,Region B,P014,144,147,0.66
2026-03-17,Region B,P015,146,151,0.0
2026-03-17,Region B,P016,84,88,0.0
2026-03-17,Region B,P017,123,130,1.33
2026-03-17,Region B,P018,122,126,0.94
2026-03-17,Region B,P019,90,93,0.37
2026-03-17,Region B,P020,153,159,0.0
2026-03-17,Region B,P021,133,140,0.77
2026-03-17,Region B,P022,151,157,0.85
2026-03-17,Region B,P023,111,118,0.94
2026-03-17,Region B,P024,136,142,0.4
2026-03-17,Region B,P025,141,148,1.07
2026-03-17,Region B,P026,91,94,0.46
2026-03-17,Region B,P027,125,133,0.65
2026-03-17,Region B,P028,113,118,0.39
2026-03-17,Region B,P029,120,125,0.56
2026-03-17,Region B,P030,130,135,0.22
2026-03-17,Region C,P001,114,119,0.23
2026-03-17,Region C,P002,87,89,1.03
2026-03-17,Region C,P003,123,127,0.0
2026-03-17,Region C,P004,96,102,1.36
2026-03-17,Region C,P005,107,111,0.78
2026-03-17,Region C,P006,92,95,1.53
2026-03-17,Region C,P007,116,118,0.95
2026-03-17,Region C,P008,114,117,0.75
2026-03-17,Region C,P009,132,139,1.71
2026-03-17,Region C,P010,153,157,0.01
2026-03-17,Region C,P011,79,81,0.52
2026-03-17,Region C,P012,79,83,1.86
2026-03-17,Region C,P013,133,139,1.23
2026-03-17,Region C,P014,145,155,1.68
2026-03-17,Region C,P015,85,88,0.0
2026-03-17,Region C,P016,106,112,1.08
2026-03-17,Region C,P017,124,128,0.66
2026-03-17,Region C,P018,126,130,0.18
2026-03-17,Region C,P019,107,109,0.68
2026-03-17,Region C,P020,140,149,0.83
2026-03-17,Region C,P021,76,81,1.21
2026-03-17,Region C,P022,82,87,1.66
2026-03-17,Region C,P023,145,148,0.0
2026-03-17,Region C,P024,131,139,1.03
2026-03-17,Region C,P025,149,157,0.92
2026-03-17,Region C,P026,138,142,0.41
2026-03-17,Region C,P027,135,144,1.8
2026-03-17,Region C,P028,116,123,1.18
2026-03-17,Region C,P029,146,154,0.75
2026-03-17,Region C,P030,101,104,0.41
2026-03-17,Region D,P001,129,136,0.98
2026-03-17,Region D,P002,113,115,0.0
2026-03-17,Region D,P003,107,111,0.83
2026-03-17,Region D,P004,139,147,2.48
2026-03-17,Region D,P005,130,135,1.86
2026-03-17,Region D,P006,137,144,0.07
2026-03-17,Region D,P007,150,156,0.97
2026-03-17,Region D,P008,90,96,1.8
2026-03-17,Region D,P009,142,148,0.4
2026-03-17,Region D,P010,102,107,0.77
2026-03-17,Region D,P011,128,132,0.2
2026-03-17,Region D,P012,92,96,0.88
2026-03-17,Region D,P013,149,157,0.58
2026-03-17,Region D,P014,118,125,0.9
2026-03-17,Region D,P015,142,146,0.18
2026-03-17,Region D,P016,150,152,0.51
2026-03-17,Region D,P017,116,123,1.87
2026-03-17,Region D,P018,153,157,0.61
2026-03-17,Region D,P019,104,107,0.43
2026-03-17,Region D,P020,97,103,1.2
2026-03-17,Region D,P021,109,115,0.85
2026-03-17,Region D,P022,78,80,0.28
2026-03-17,Region D,P023,122,130,0.83
2026-03-17,Region D,P024,123,126,0.24
2026-03-17,Region D,P025,95,100,0.81
2026-03-17,Region D,P026,141,149,1.36
2026-03-17,Region D,P027,140,143,0.0
2026-03-17,Region D,P028,138,143,1.31
2026-03-17,Region D,P029,77,82,0.56
2026-03-17,Region D,P030,96,103,1.22
2026-03-18,Region A,P001,124,127,0.24
2026-03-18,Region A,P002,119,124,0.59
2026-03-18,Region A,P003,120,128,0.9
2026-03-18,Region A,P004,84,90,1.23
2026-03-18,Region A,P005,77,81,2.31
2026-03-18,Region A,P006,140,149,0.77
2026-03-18,Region A,P007,90,93,0.88
2026-03-18,Region A,P008,146,152,0.5
2026-03-18,Region A,P009,98,100,0.0
2026-03-18,Region A,P010,132,137,0.98
2026-03-18,Region A,P011,89,93,0.6
2026-03-18,Region A,P012,92,97,0.1
2026-03-18,Region A,P013,123,131,1.38
2026-03-18,Region A,P014,123,131,0.46
2026-03-18,Region A,P015,77,80,0.61
2026-03-18,Region A,P016,127,134,1.61
2026-03-18,Region A,P017,120,125,0.89
2026-03-18,Region A,P018,102,105,1.04
2026-03-18,Region A,P019,117,120,0.7
2026-03-18,Region A,P020,120,127,1.58
2026-03-18,Region A,P021,143,149,0.4
2026-03-18,Region A,P022,128,130,0.61
2026-03-18,Region A,P023,109,113,1.97
2026-03-18,Region A,P024,91,97,1.23
2026-03-18,Region A,P025,131,140,1.35
2026-03-18,Region A,P026,95,100,1.58
2026-03-18,Region A,P027,146,156,0.63
2026-03-18,Region A,P028,152,159,1.59
2026-03-18,Region A,P029,149,159,2.48
2026-03-18,Region A,P030,155,158,1.48
2026-03-18,Region B,P001,94,98,1.65
2026-03-18,Region B,P002,113,116,0.02
2026-03-18,Region B,P003,78,82,1.85
2026-03-18,Region B,P004,95,97,0.0
2026-03-18,Region B,P005,81,85,1.48
2026-03-18,Region B,P006,130,134,0.64
2026-03-18,Region B,P007,140,144,0.34
2026-03-18,Region B,P008,130,134,0.22
2026-03-18,Region B,P009,148,152,0.29
2026-03-18,Region B,P010,93,95,0.42
2026-03-18,Region B,P011,85,87,0.87
2026-03-18,Region B,P012,136,143,1.46
2026-03-18,Region B,P013,118,124,1.42
2026-03-18,Region B,P014,124,131,1.09
2026-03-18,Region B,P015,102,107,1.94
2026-03-18,Region B,P016,132,137,1.23
2026-03-18,Region B,P017,139,142,0.69
2026-03-18,Region B,P018,113,118,1.97
2026-03-18,Region B,P019,125,128,0.24
2026-03-18,Region B,P020,131,134,0.47
2026-03-18,Region B,P021,105,107,0.53
2026-03-18,Region B,P022,87,90,0.72
2026-03-18,Region B,P023,80,82,1.36
2026-03-18,Region B,P024,127,134,0.43
2026-03-18,Region B,P025,114,117,0.72
2026-03-18,Region B,P026,101,103,0.15
2026-03-18,Region B,P027,142,145,0.53
2026-03-18,Region B,P028,150,158,1.94
2026-03-18,Region B,P029,106,108,0.0
2026-03-18,Region B,P030,154,158,0.7
2026-03-18,Region C,P001,120,127,2.28
2026-03-18,Region C,P002,79,81,0.0
2026-03-18,Region C,P003,111,118,1.27
2026-03-18,Region C,P004,108,111,0.0
2026-03-18,Region C,P005,146,150,0.42
2026-03-18,Region C,P006,146,155,0.9
2026-03-18,Region C,P007,135,140,0.49
2026-03-18,Region C,P008,86,88,1.34
2026-03-18,Region C,P009,119,124,0.86
2026-03-18,Region C,P010,134,142,0.53
2026-03-18,Region C,P011,136,141,0.54
2026-03-18,Region C,P012,104,111,1.32
2026-03-18,Region C,P013,95,99,1.47
2026-03-18,Region C,P014,83,85,0.48
2026-03-18,Region C,P015,131,134,1.22
2026-03-18,Region C,P016,132,136,0.65
2026-03-18,Region C,P017,136,142,0.35
2026-03-18,Region C,P018,151,159,2.11
2026-03-18,Region C,P019,135,142,1.5
2026-03-18,Region C,P020,78,83,1.46
2026-03-18,Region C,P021,93,98,1.7
2026-03-18,Region C,P022,153,158,0.61
2026-03-18,Region C,P023,99,101,0.87
2026-03-18,Region C,P024,92,95,0.42
2026-03-18,Region C,P025,96,101,1.67
2026-03-18,Region C,P026,147,157,0.95
2026-03-18,Region C,P027,135,141,0.47
2026-03-18,Region C,P028,90,92,0.82
2026-03-18,Region C,P029,94,100,1.0
2026-03-18,Region C,P030,81,82,0.13
2026-03-18,Region D,P001,120,125,1.03
2026-03-18,Region D,P002,134,138,0.0
2026-03-18,Region D,P003,109,115,1.24
2026-03-18,Region D,P004,111,117,1.69
2026-03-18,Region D,P005,101,104,0.53
2026-03-18,Region D,P006,144,147,0.42
2026-03-18,Region D,P007,123,129,1.68
2026-03-18,Region D,P008,102,105,0.57
2026-03-18,Region D,P009,96,102,1.7
2026-03-18,Region D,P010,77,80,0.29
2026-03-18,Region D,P011,110,117,1.64
2026-03-18,Region D,P012,154,159,0.0
2026-03-18,Region D,P013,99,104,1.11
2026-03-18,Region D,P014,115,121,0.0
2026-03-18,Region D,P015,78,82,1.76
2026-03-18,Region D,P016,108,110,0.99
2026-03-18,Region D,P017,107,111,0.65
2026-03-18,Region D,P018,142,150,1.17
2026-03-18,Region D,P019,111,118,1.65
2026-03-18,Region D,P020,79,83,0.69
2026-03-18,Region D,P021,88,94,0.88
2026-03-18,Region D,P022,79,84,2.19
2026-03-18,Region D,P023,80,82,0.73
2026-03-18,Region D,P024,140,148,0.34
2026-03-18,Region D,P025,85,88,0.0
2026-03-18,Region D,P026,106,112,0.29
2026-03-18,Region D,P027,122,128,0.74
2026-03-18,Region D,P028,92,97,0.83
2026-03-18,Region D,P029,127,131,0.54
2026-03-18,Region D,P030,132,135,0.96
2026-03-19,Region A,P001,107,114,1.29
2026-03-19,Region A,P002,90,94,0.53
2026-03-19,Region A,P003,97,100,0.54
2026-03-19,Region A,P004,97,99,0.0
2026-03-19,Region A,P005,132,140,0.65
2026-03-19,Region A,P006,97,102,2.21
2026-03-19,Region A,P007,134,141,0.93
2026-03-19,Region A,P008,88,92,0.0
2026-03-19,Region A,P009,85,87,0.23
2026-03-19,Region A,P010,111,118,1.14
2026-03-19,Region A,P011,130,136,0.9
2026-03-19,Region A,P012,110,112,0.52
2026-03-19,Region A,P013,94,98,0.45
2026-03-19,Region A,P014,134,138,0.49
2026-03-19,Region A,P015,90,94,0.63
2026-03-19,Region A,P016,123,130,0.79
2026-03-19,Region A,P017,103,107,1.29
2026-03-19,Region A,P018,110,112,0.0
2026-03-19,Region A,P019,116,120,0.35
2026-03-19,Region A,P020,104,107,1.03
2026-03-19,Region A,P021,128,134,0.57
2026-03-19,Region A,P022,131,134,0.0
2026-03-19,Region A,P023,149,153,0.11
2026-03-19,Region A,P024,126,129,0.43
2026-03-19,Region A,P025,93,97,0.94
2026-03-19,Region A,P026,97,102,2.0
2026-03-19,Region A,P027,86,91,1.15
2026-03-19,Region A,P028,83,86,1.24
2026-03-19,Region A,P029,110,113,0.0
2026-03-19,Region A,P030,127,130,0.49
2026-03-19,Region B,P001,103,107,0.57
2026-03-19,Region B,P002,98,104,0.75
2026-03-19,Region B,P003,131,139,1.17
2026-03-19,Region B,P004,119,122,1.55
2026-03-19,Region B,P005,130,137,0.41
2026-03-19,Region B,P006,124,128,0.9
2026-03-19,Region B,P007,128,136,0.92
2026-03-19,Region B,P008,149,152,0.0
2026-03-19,Region B,P009,115,118,0.5
2026-03-19,Region B,P010,107,110,0.36
2026-03-19,Region B,P011,136,139,0.17
2026-03-19,Region B,P012,96,102,1.53
2026-03-19,Region B,P013,129,131,0.0
2026-03-19,Region B,P014,137,141,0.43
2026-03-19,Region B,P015,86,89,0.42
2026-03-19,Region B,P016,143,152,1.48
2026-03-19,Region B,P017,121,126,0.88
2026-03-19,Region B,P018,80,84,0.76
2026-03-19,Region B,P019,103,106,0.11
2026-03-19,Region B,P020,146,150,1.22
2026-03-19,Region B,P021,137,140,0.74
2026-03-19,Region B,P022,102,106,1.1
2026-03-19,Region B,P023,134,137,0.53
2026-03-19,Region B,P024,114,118,0.34
2026-03-19,Region B,P025,107,110,0.3
2026-03-19,Region B,P026,94,100,1.62
2026-03-19,Region B,P027,82,87,1.75
2026-03-19,Region B,P028,95,99,1.02
2026-03-19,Region B,P029,114,119,1.02
2026-03-19,Region B,P030,137,139,0.37
2026-03-19,Region C,P001,133,139,1.17
2026-03-19,Region C,P002,104,107,0.22
2026-03-19,Region C,P003,82,84,0.1
2026-03-19,Region C,P004,153,159,0.62
2026-03-19,Region C,P005,78,81,0.79
2026-03-19,Region C,P006,98,102,0.0
2026-03-19,Region C,P007,152,159,0.73
2026-03-19,Region C,P008,139,145,0.61
2026-03-19,Region C,P009,100,102,1.42
2026-03-19,Region C,P010,100,103,1.3
2026-03-19,Region C,P011,128,131,0.09
2026-03-19,Region C,P012,100,106,2.18
2026-03-19,Region C,P013,154,157,0.17
2026-03-19,Region C,P014,82,85,1.42
2026-03-19,Region C,P015,130,135,0.0
2026-03-19,Region C,P016,150,158,0.52
2026-03-19,Region C,P017,143,147,0.79
2026-03-19,Region C,P018,98,102,1.9
2026-03-19,Region C,P019,121,126,0.66
2026-03-19,Region C,P020,137,144,1.13
2026-03-19,Region C,P021,109,114,1.02
2026-03-19,Region C,P022,131,137,0.7
2026-03-19,Region C,P023,141,143,0.0
2026-03-19,Region C,P024,86,91,0.46
2026-03-19,Region C,P025,148,153,0.39
2026-03-19,Region C,P026,90,92,0.39
2026-03-19,Region C,P027,143,151,0.93
2026-03-19,Region C,P028,143,149,1.3
2026-03-19,Region C,P029,115,118,1.18
2026-03-19,Region C,P030,119,122,0.44
2026-03-19,Region D,P001,94,98,0.21
2026-03-19,Region D,P002,90,95,1.15
2026-03-19,Region D,P003,93,97,1.63
2026-03-19,Region D,P004,104,108,0.0
2026-03-19,Region D,P005,101,103,0.0
2026-03-19,Region D,P006,89,94,1.49
2026-03-19,Region D,P007,123,128,0.0
2026-03-19,Region D,P008,85,87,0.75
2026-03-19,Region D,P009,86,91,1.92
2026-03-19,Region D,P010,85,89,0.83
2026-03-19,Region D,P011,97,100,1.02
2026-03-19,Region D,P012,115,118,0.08
2026-03-19,Region D,P013,104,107,0.23
2026-03-19,Region D,P014,145,152,1.02
2026-03-19,Region D,P015,134,142,0.95
2026-03-19,Region D,P016,118,122,0.54
2026-03-19,Region D,P017,145,147,0.13
2026-03-19,Region D,P018,98,101,0.55
2026-03-19,Region D,P019,114,118,0.0
2026-03-19,Region D,P020,79,81,1.2
2026-03-19,Region D,P021,136,141,0.73
2026-03-19,Region D,P022,96,100,1.02
2026-03-19,Region D,P023,114,121,1.78
2026-03-19,Region D,P024,90,92,0.4
2026-03-19,Region D,P025,110,118,1.49
2026-03-19,Region D,P026,151,155,0.0
2026-03-19,Region D,P027,144,152,1.89
2026-03-19,Region D,P028,93,97,1.1
2026-03-19,Region D,P029,130,135,0.98
2026-03-19,Region D,P030,155,159,0.0
2026-03-20,Region A,P001,151,154,0.59
2026-03-20,Region A,P002,86,91,1.48
2026-03-20,Region A,P003,140,144,0.36
2026-03-20,Region A,P004,117,123,1.1
2026-03-20,Region A,P005,142,147,0.7
2026-03-20,Region A,P006,79,83,0.24
2026-03-20,Region A,P007,92,93,0.75
2026-03-20,Region A,P008,110,113,0.41
2026-03-20,Region A,P009,96,98,0.13
2026-03-20,Region A,P010,123,126,1.27
2026-03-20,Region A,P011,152,159,1.49
2026-03-20,Region A,P012,136,143,1.99
2026-03-20,Region A,P013,79,84,0.2
2026-03-20,Region A,P014,123,129,0.89
2026-03-20,Region A,P015,89,91,0.67
2026-03-20,Region A,P016,100,105,0.84
2026-03-20,Region A,P017,93,98,1.61
2026-03-20,Region A,P018,146,149,0.91
2026-03-20,Region A,P019,145,148,0.0
2026-03-20,Region A,P020,143,149,0.49
2026-03-20,Region A,P021,108,115,0.87
2026-03-20,Region A,P022,90,94,0.5
2026-03-20,Region A,P023,126,133,1.68
2026-03-20,Region A,P024,152,156,0.2
2026-03-20,Region A,P025,110,115,0.82
2026-03-20,Region A,P026,132,139,1.17
2026-03-20,Region A,P027,79,84,0.5
2026-03-20,Region A,P028,148,155,0.53
2026-03-20,Region A,P029,130,133,0.91
2026-03-20,Region A,P030,115,118,1.01
2026-03-20,Region B,P001,150,158,1.15
2026-03-20,Region B,P002,133,137,1.18
2026-03-20,Region B,P003,120,127,1.67
2026-03-20,Region B,P004,98,101,0.99
2026-03-20,Region B,P005,131,136,0.75
2026-03-20,Region B,P006,78,81,1.71
2026-03-20,Region B,P007,122,125,1.1
2026-03-20,Region B,P008,80,81,0.82
2026-03-20,Region B,P009,150,156,0.71
2026-03-20,Region B,P010,138,144,0.48
2026-03-20,Region B,P011,83,86,0.0
2026-03-20,Region B,P012,93,99,1.68
2026-03-20,Region B,P013,151,157,0.0
2026-03-20,Region B,P014,88,92,0.67
2026-03-20,Region B,P015,111,115,0.0
2026-03-20,Region B,P016,154,157,0.88
2026-03-20,Region B,P017,130,136,1.11
2026-03-20,Region B,P018,91,96,0.64
2026-03-20,Region B,P019,105,108,0.17
2026-03-20,Region B,P020,105,107,0.0
2026-03-20,Region B,P021,119,122,0.08
2026-03-20,Region B,P022,115,121,1.85
2026-03-20,Region B,P023,125,131,0.43
2026-03-20,Region B,P024,154,158,0.23
2026-03-20,Region B,P025,89,91,0.39
2026-03-20,Region B,P026,80,82,1.31
2026-03-20,Region B,P027,146,150,0.27
2026-03-20,Region B,P028,94,99,0.26
2026-03-20,Region B,P029,94,99,0.44
2026-03-20,Region B,P030,86,91,1.34
2026-03-20,Region C,P001,127,129,0.41
2026-03-20,Region C,P002,94,96,0.5
2026-03-20,Region C,P003,92,97,0.7
2026-03-20,Region C,P004,102,108,0.55
2026-03-20,Region C,P005,133,140,1.11
2026-03-20,Region C,P006,91,96,1.6
2026-03-20,Region C,P007,143,151,2.17
2026-03-20,Region C,P008,86,88,0.2
2026-03-20,Region C,P009,86,91,1.24
2026-03-20,Region C,P010,86,87,0.4
2026-03-20,Region C,P011,81,85,0.99
2026-03-20,Region C,P012,114,116,1.11
2026-03-20,Region C,P013,92,98,1.07
2026-03-20,Region C,P014,113,119,2.01
2026-03-20,Region C,P015,115,117,0.0
2026-03-20,Region C,P016,146,150,0.47
2026-03-20,Region C,P017,122,127,0.84
2026-03-20,Region C,P018,143,145,0.83
2026-03-20,Region C,P019,108,112,1.36
2026-03-20,Region C,P020,87,92,1.37
2026-03-20,Region C,P021,78,83,1.06
2026-03-20,Region C,P022,88,93,1.13
2026-03-20,Region C,P023,138,145,0.74
2026-03-20,Region C,P024,119,127,1.51
2026-03-20,Region C,P025,121,123,0.76
2026-03-20,Region C,P026,78,83,1.26
2026-03-20,Region C,P027,100,105,0.89
2026-03-20,Region C,P028,123,128,0.22
2026-03-20,Region C,P029,89,92,0.77
2026-03-20,Region C,P030,150,152,0.0
2026-03-20,Region D,P001,151,155,0.69
2026-03-20,Region D,P002,89,93,0.94
2026-03-20,Region D,P003,129,131,0.72
2026-03-20,Region D,P004,84,87,0.51
2026-03-20,Region D,P005,134,137,0.47
2026-03-20,Region D,P006,133,135,0.28
2026-03-20,Region D,P007,137,146,0.95
2026-03-20,Region D,P008,80,82,0.1
2026-03-20,Region D,P009,132,140,1.03
2026-03-20,Region D,P010,147,155,0.98
2026-03-20,Region D,P011,107,113,1.65
2026-03-20,Region D,P012,131,139,1.14
2026-03-20,Region D,P013,145,151,1.38
2026-03-20,Region D,P014,100,104,0.29
2026-03-20,Region D,P015,104,108,0.99
2026-03-20,Region D,P016,116,119,0.03
2026-03-20,Region D,P017,145,154,1.78
2026-03-20,Region D,P018,111,115,0.49
2026-03-20,Region D,P019,147,156,1.28
2026-03-20,Region D,P020,124,128,0.6
2026-03-20,Region D,P021,146,149,1.23
2026-03-20,Region D,P022,146,155,0.75
2026-03-20,Region D,P023,84,89,0.97
2026-03-20,Region D,P024,143,146,0.78
2026-03-20,Region D,P025,103,107,1.3
2026-03-20,Region D,P026,141,147,0.45
2026-03-20,Region D,P027,119,121,0.61
2026-03-20,Region D,P028,121,127,1.26
2026-03-20,Region D,P029,154,157,0.0
2026-03-20,Region D,P030,115,119,0.93
2026-03-21,Region A,P001,149,154,0.71
2026-03-21,Region A,P002,105,111,1.44
2026-03-21,Region A,P003,82,85,1.62
2026-03-21,Region A,P004,142,149,1.11
2026-03-21,Region A,P005,137,145,0.62
2026-03-21,Region A,P006,153,158,1.66
2026-03-21,Region A,P007,94,96,0.0
2026-03-21,Region A,P008,101,106,0.02
2026-03-21,Region A,P009,130,136,0.64
2026-03-21,Region A,P010,88,90,1.04
2026-03-21,Region A,P011,121,125,0.53
2026-03-21,Region A,P012,130,137,0.69
2026-03-21,Region A,P013,89,92,0.4
2026-03-21,Region A,P014,136,139,0.0
2026-03-21,Region A,P015,97,102,1.07
2026-03-21,Region A,P016,151,158,0.82
2026-03-21,Region A,P017,88,94,1.68
2026-03-21,Region A,P018,111,113,0.74
2026-03-21,Region A,P019,126,130,0.92
2026-03-21,Region A,P020,112,114,0.3
2026-03-21,Region A,P021,124,132,1.04
2026-03-21,Region A,P022,139,145,0.34
2026-03-21,Region A,P023,112,114,0.37
2026-03-21,Region A,P024,98,104,1.01
2026-03-21,Region A,P025,148,155,1.25
2026-03-21,Region A,P026,101,107,1.69
2026-03-21,Region A,P027,145,150,0.05
2026-03-21,Region A,P028,150,152,0.16
2026-03-21,Region A,P029,123,129,1.77
2026-03-21,Region A,P030,154,158,0.23
2026-03-21,Region B,P001,96,98,0.44
2026-03-21,Region B,P002,91,94,0.56
2026-03-21,Region B,P003,78,82,1.0
2026-03-21,Region B,P004,89,91,0.32
2026-03-21,Region B,P005,92,98,1.5
2026-03-21,Region B,P006,110,112,1.1
2026-03-21,Region B,P007,125,128,0.0
2026-03-21,Region B,P008,127,133,0.75
2026-03-21,Region B,P009,78,83,0.5
2026-03-21,Region B,P010,97,100,0.5
2026-03-21,Region B,P011,90,95,1.41
2026-03-21,Region B,P012,147,152,1.32
2026-03-21,Region B,P013,119,126,2.04
2026-03-21,Region B,P014,148,152,1.02
2026-03-21,Region B,P015,134,142,1.19
2026-03-21,Region B,P016,111,113,0.92
2026-03-21,Region B,P017,93,95,0.5
2026-03-21,Region B,P018,114,118,0.21
2026-03-21,Region B,P019,77,82,1.36
2026-03-21,Region B,P020,107,110,0.35
2026-03-21,Region B,P021,121,123,0.32
2026-03-21,Region B,P022,148,150,0.43
2026-03-21,Region B,P023,104,108,1.31
2026-03-21,Region B,P024,87,90,0.2
2026-03-21,Region B,P025,125,128,1.18
2026-03-21,Region B,P026,142,149,0.63
2026-03-21,Region B,P027,108,112,0.87
2026-03-21,Region B,P028,151,156,1.32
2026-03-21,Region B,P029,152,159,1.92
2026-03-21,Region B,P030,132,139,0.36
2026-03-21,Region C,P001,106,113,1.64
2026-03-21,Region C,P002,150,158,1.49
2026-03-21,Region C,P003,99,102,0.6
2026-03-21,Region C,P004,134,141,1.24
2026-03-21,Region C,P005,93,95,0.56
2026-03-21,Region C,P006,136,139,0.54
2026-03-21,Region C,P007,111,114,0.18
2026-03-21,Region C,P008,150,159,1.9
2026-03-21,Region C,P009,150,158,1.51
2026-03-21,Region C,P010,90,94,0.74
2026-03-21,Region C,P011,128,133,0.61
2026-03-21,Region C,P012,88,91,0.25
2026-03-21,Region C,P013,97,101,0.56
2026-03-21,Region C,P014,132,136,0.41
2026-03-21,Region C,P015,112,119,0.49
2026-03-21,Region C,P016,99,101,0.51
2026-03-21,Region C,P017,139,148,1.96
2026-03-21,Region C,P018,80,85,1.6
2026-03-21,Region C,P019,90,93,1.15
2026-03-21,Region C,P020,109,116,1.51
2026-03-21,Region C,P021,130,133,0.54
2026-03-21,Region C,P022,96,99,1.17
2026-03-21,Region C,P023,107,113,1.79
2026-03-21,Region C,P024,110,114,0.93
2026-03-21,Region C,P025,77,80,0.83
2026-03-21,Region C,P026,154,158,0.5
2026-03-21,Region C,P027,127,131,0.27
2026-03-21,Region C,P028,133,137,0.81
2026-03-21,Region C,P029,120,123,0.0
2026-03-21,Region C,P030,118,125,1.48
2026-03-21,Region D,P001,137,143,0.77
2026-03-21,Region D,P002,151,156,0.0
2026-03-21,Region D,P003,78,83,1.31
2026-03-21,Region D,P004,148,151,0.42
2026-03-21,Region D,P005,88,92,1.58
2026-03-21,Region D,P006,99,104,1.18
2026-03-21,Region D,P007,143,152,1.67
2026-03-21,Region D,P008,145,154,1.23
2026-03-21,Region D,P009,82,84,0.52
2026-03-21,Region D,P010,114,119,0.37
2026-03-21,Region D,P011,124,128,0.86
2026-03-21,Region D,P012,96,101,1.26
2026-03-21,Region D,P013,110,113,0.73
2026-03-21,Region D,P014,127,132,0.75
2026-03-21,Region D,P015,84,89,2.05
2026-03-21,Region D,P016,88,91,0.79
2026-03-21,Region D,P017,92,98,1.6
2026-03-21,Region D,P018,134,140,0.97
2026-03-21,Region D,P019,139,144,0.87
2026-03-21,Region D,P020,128,130,0.8
2026-03-21,Region D,P021,122,128,0.45
2026-03-21,Region D,P022,124,129,0.68
2026-03-21,Region D,P023,96,99,0.0
2026-03-21,Region D,P024,123,129,0.96
2026-03-21,Region D,P025,86,92,0.67
2026-03-21,Region D,P026,90,94,0.56
2026-03-21,Region D,P027,113,119,0.86
2026-03-21,Region D,P028,112,119,1.14
2026-03-21,Region D,P029,136,141,1.35
2026-03-21,Region D,P030,90,91,0.29
2026-03-22,Region A,P001,87,89,0.23
2026-03-22,Region A,P002,91,96,1.77
2026-03-22,Region A,P003,142,150,1.17
2026-03-22,Region A,P004,97,101,0.68
2026-03-22,Region A,P005,104,111,1.33
2026-03-22,Region A,P006,124,130,0.94
2026-03-22,Region A,P007,119,125,1.74
2026-03-22,Region A,P008,133,137,0.83
2026-03-22,Region A,P009,76,81,1.78
2026-03-22,Region A,P010,120,127,1.22
2026-03-22,Region A,P011,90,93,0.76
2026-03-22,Region A,P012,93,98,1.3
2026-03-22,Region A,P013,98,101,0.8
2026-03-22,Region A,P014,101,103,0.23
2026-03-22,Region A,P015,145,149,0.69
2026-03-22,Region A,P016,102,108,1.6
2026-03-22,Region A,P017,135,143,1.89
2026-03-22,Region A,P018,134,137,0.42
2026-03-22,Region A,P019,127,135,0.33
2026-03-22,Region A,P020,150,154,0.0
2026-03-22,Region A,P021,102,105,0.46
2026-03-22,Region A,P022,118,121,1.04
2026-03-22,Region A,P023,128,134,1.04
2026-03-22,Region A,P024,87,89,0.0
2026-03-22,Region A,P025,143,147,0.39
2026-03-22,Region A,P026,114,118,0.88
2026-03-22,Region A,P027,105,111,1.4
2026-03-22,Region A,P028,99,106,1.52
2026-03-22,Region A,P029,125,129,1.02
2026-03-22,Region A,P030,104,109,1.58
2026-03-22,Region B,P001,147,156,0.89
2026-03-22,Region B,P002,99,105,0.86
2026-03-22,Region B,P003,133,140,0.36
2026-03-22,Region B,P004,90,93,0.1
2026-03-22,Region B,P005,83,89,1.72
2026-03-22,Region B,P006,123,125,0.0
2026-03-22,Region B,P007,141,147,0.0
2026-03-22,Region B,P008,101,108,1.04
2026-03-22,Region B,P009,87,89,0.48
2026-03-22,Region B,P010,102,105,0.99
2026-03-22,Region B,P011,84,85,0.0
2026-03-22,Region B,P012,145,149,1.14
2026-03-22,Region B,P013,92,96,1.01
2026-03-22,Region B,P014,108,110,0.09
2026-03-22,Region B,P015,90,95,1.79
2026-03-22,Region B,P016,107,114,1.12
2026-03-22,Region B,P017,77,82,0.24
2026-03-22,Region B,P018,123,129,1.83
2026-03-22,Region B,P019,80,85,0.86
2026-03-22,Region B,P020,85,87,0.29
2026-03-22,Region B,P021,139,146,0.63
2026-03-22,Region B,P022,99,105,2.06
2026-03-22,Region B,P023,124,132,1.52
2026-03-22,Region B,P024,109,111,0.0
2026-03-22,Region B,P025,111,113,0.0
2026-03-22,Region B,P026,128,130,0.77
2026-03-22,Region B,P027,92,97,1.73
2026-03-22,Region B,P028,132,141,1.4
2026-03-22,Region B,P029,104,107,0.71
2026-03-22,Region B,P030,115,119,0.94
2026-03-22,Region C,P001,138,145,1.02
2026-03-22,Region C,P002,94,99,0.54
2026-03-22,Region C,P003,137,140,0.0
2026-03-22,Region C,P004,118,125,1.24
2026-03-22,Region C,P005,137,144,0.78
2026-03-22,Region C,P006,151,156,0.06
2026-03-22,Region C,P007,113,116,0.0
2026-03-22,Region C,P008,78,83,0.98
2026-03-22,Region C,P009,107,112,0.61
2026-03-22,Region C,P010,102,109,1.83
2026-03-22,Region C,P011,120,128,1.68
2026-03-22,Region C,P012,110,116,0.65
2026-03-22,Region C,P013,135,142,1.01
2026-03-22,Region C,P014,121,125,0.64
2026-03-22,Region C,P015,140,147,1.95
2026-03-22,Region C,P016,85,89,0.66
2026-03-22,Region C,P017,146,154,1.47
2026-03-22,Region C,P018,144,149,0.72
2026-03-22,Region C,P019,139,141,0.2
2026-03-22,Region C,P020,126,133,0.97
2026-03-22,Region C,P021,148,157,0.66
2026-03-22,Region C,P022,98,103,1.1
2026-03-22,Region C,P023,130,138,1.15
2026-03-22,Region C,P024,134,137,0.98
2026-03-22,Region C,P025,80,85,1.1
2026-03-22,Region C,P026,148,152,0.0
2026-03-22,Region C,P027,95,98,0.3
2026-03-22,Region C,P028,96,99,0.86
2026-03-22,Region C,P029,120,126,2.25
2026-03-22,Region C,P030,150,156,1.2
2026-03-22,Region D,P001,130,132,0.55
2026-03-22,Region D,P002,92,95,0.0
2026-03-22,Region D,P003,104,111,1.22
2026-03-22,Region D,P004,108,115,1.6
2026-03-22,Region D,P005,96,100,0.77
2026-03-22,Region D,P006,95,99,1.58
2026-03-22,Region D,P007,93,97,0.71
2026-03-22,Region D,P008,127,133,2.44
2026-03-22,Region D,P009,153,158,0.84
2026-03-22,Region D,P010,81,83,0.5
2026-03-22,Region D,P011,76,81,1.27
2026-03-22,Region D,P012,93,99,1.02
2026-03-22,Region D,P013,89,91,0.63
2026-03-22,Region D,P014,106,108,0.0
2026-03-22,Region D,P015,120,122,0.92
2026-03-22,Region D,P016,149,155,0.79
2026-03-22,Region D,P017,111,115,0.3
2026-03-22,Region D,P018,120,126,0.75
2026-03-22,Region D,P019,116,121,1.67
2026-03-22,Region D,P020,130,133,0.19
2026-03-22,Region D,P021,145,155,1.78
2026-03-22,Region D,P022,131,138,1.85
2026-03-22,Region D,P023,97,103,1.36
2026-03-22,Region D,P024,118,125,0.32
2026-03-22,Region D,P025,89,93,1.17
2026-03-22,Region D,P026,110,117,0.77
2026-03-22,Region D,P027,151,157,0.0
2026-03-22,Region D,P028,77,81,1.31
2026-03-22,Region D,P029,120,125,0.82
2026-03-22,Region D,P030,99,106,1.7
2026-03-23,Region A,P001,114,121,0.6
2026-03-23,Region A,P002,107,110,0.78
2026-03-23,Region A,P003,88,94,0.68
2026-03-23,Region A,P004,91,93,1.32
2026-03-23,Region A,P005,75,80,1.7
2026-03-23,Region A,P006,112,116,1.0
2026-03-23,Region A,P007,86,91,0.54
2026-03-23,Region A,P008,131,135,0.67
2026-03-23,Region A,P009,89,95,2.45
2026-03-23,Region A,P010,111,114,0.13
2026-03-23,Region A,P011,105,108,0.47
2026-03-23,Region A,P012,87,91,0.39
2026-03-23,Region A,P013,122,127,0.69
2026-03-23,Region A,P014,121,128,1.36
2026-03-23,Region A,P015,131,134,0.43
2026-03-23,Region A,P016,146,154,0.41
2026-03-23,Region A,P017,128,131,0.99
2026-03-23,Region A,P018,118,124,1.47
2026-03-23,Region A,P019,136,145,2.05
2026-03-23,Region A,P020,129,136,0.7
2026-03-23,Region A,P021,116,120,0.63
2026-03-23,Region A,P022,152,159,1.29
2026-03-23,Region A,P023,124,127,0.78
2026-03-23,Region A,P024,114,120,0.64
2026-03-23,Region A,P025,80,85,0.6
2026-03-23,Region A,P026,101,106,0.91
2026-03-23,Region A,P027,139,141,0.04
2026-03-23,Region A,P028,147,150,0.0
2026-03-23,Region A,P029,99,101,0.1
2026-03-23,Region A,P030,135,139,1.19
2026-03-23,Region B,P001,87,90,0.0
2026-03-23,Region B,P002,134,140,1.12
2026-03-23,Region B,P003,116,124,1.72
2026-03-23,Region B,P004,114,116,0.0
2026-03-23,Region B,P005,105,108,0.0
2026-03-23,Region B,P006,106,112,0.0
2026-03-23,Region B,P007,117,124,1.45
2026-03-23,Region B,P008,131,135,0.94
2026-03-23,Region B,P009,111,113,0.6
2026-03-23,Region B,P010,127,135,1.21
2026-03-23,Region B,P011,90,92,0.6
2026-03-23,Region B,P012,142,147,0.45
2026-03-23,Region B,P013,114,117,0.0
2026-03-23,Region B,P014,149,153,0.87
2026-03-23,Region B,P015,150,156,0.12
2026-03-23,Region B,P016,144,147,0.74
2026-03-23,Region B,P017,107,113,1.35
2026-03-23,Region B,P018,129,137,1.49
2026-03-23,Region B,P019,144,149,0.22
2026-03-23,Region B,P020,104,106,0.38
2026-03-23,Region B,P021,139,147,1.63
2026-03-23,Region B,P022,100,102,0.0
2026-03-23,Region B,P023,115,120,0.0
2026-03-23,Region B,P024,79,83,1.04
2026-03-23,Region B,P025,77,82,0.71
2026-03-23,Region B,P026,95,98,1.28
2026-03-23,Region B,P027,136,139,0.45
2026-03-23,Region B,P028,123,128,0.59
2026-03-23,Region B,P029,130,135,1.22
2026-03-23,Region B,P030,93,99,1.14
2026-03-23,Region C,P001,139,148,1.2
2026-03-23,Region C,P002,134,139,1.6
2026-03-23,Region C,P003,153,159,0.96
2026-03-23,Region C,P004,108,112,0.67
2026-03-23,Region C,P005,87,89,0.18
2026-03-23,Region C,P006,98,102,1.12
2026-03-23,Region C,P007,111,118,1.86
2026-03-23,Region C,P008,129,131,0.0
2026-03-23,Region C,P009,139,142,0.46
2026-03-23,Region C,P010,92,94,0.27
2026-03-23,Region C,P011,124,130,0.14
2026-03-23,Region C,P012,120,127,1.26
2026-03-23,Region C,P013,106,112,1.71
2026-03-23,Region C,P014,147,154,0.99
2026-03-23,Region C,P015,141,150,1.43
2026-03-23,Region C,P016,94,99,0.42
2026-03-23,Region C,P017,107,109,0.0
2026-03-23,Region C,P018,103,105,0.78
2026-03-23,Region C,P019,125,130,0.76
2026-03-23,Region C,P020,143,145,0.65
2026-03-23,Region C,P021,137,145,1.76
2026-03-23,Region C,P022,101,106,1.17
2026-03-23,Region C,P023,90,94,1.58
2026-03-23,Region C,P024,99,106,1.77
2026-03-23,Region C,P025,84,87,1.16
2026-03-23,Region C,P026,118,125,1.76
2026-03-23,Region C,P027,118,125,0.63
2026-03-23,Region C,P028,118,120,0.0
2026-03-23,Region C,P029,146,155,1.98
2026-03-23,Region C,P030,90,93,1.18
2026-03-23,Region D,P001,124,131,0.79
2026-03-23,Region D,P002,110,114,0.98
2026-03-23,Region D,P003,105,107,1.29
2026-03-23,Region D,P004,96,99,0.77
2026-03-23,Region D,P005,150,156,1.2
2026-03-23,Region D,P006,138,146,0.57
2026-03-23,Region D,P007,144,150,1.2
2026-03-23,Region D,P008,79,84,0.11
2026-03-23,Region D,P009,150,154,0.43
2026-03-23,Region D,P010,80,82,0.8
2026-03-23,Region D,P011,133,140,1.66
2026-03-23,Region D,P012,92,98,1.61
2026-03-23,Region D,P013,79,81,0.84
2026-03-23,Region D,P014,144,151,1.17
2026-03-23,Region D,P015,83,89,1.22
2026-03-23,Region D,P016,123,131,0.11
2026-03-23,Region D,P017,109,116,1.45
2026-03-23,Region D,P018,133,138,1.08
2026-03-23,Region D,P019,101,105,0.91
2026-03-23,Region D,P020,102,109,2.28
2026-03-23,Region D,P021,137,140,0.3
2026-03-23,Region D,P022,119,126,1.45
2026-03-23,Region D,P023,142,151,1.36
2026-03-23,Region D,P024,148,156,1.08
2026-03-23,Region D,P025,103,105,0.34
2026-03-23,Region D,P026,150,154,1.05
2026-03-23,Region D,P027,153,158,0.0
2026-03-23,Region D,P028,81,84,0.73
2026-03-23,Region D,P029,130,137,1.21
2026-03-23,Region D,P030,113,115,0.25
2026-03-24,Region A,P001,113,116,0.65
2026-03-24,Region A,P002,98,103,1.66
2026-03-24,Region A,P003,96,101,0.71
2026-03-24,Region A,P004,99,102,0.56
2026-03-24,Region A,P005,88,90,0.0
2026-03-24,Region A,P006,146,151,0.46
2026-03-24,Region A,P007,95,100,1.89
2026-03-24,Region A,P008,120,122,0.0
2026-03-24,Region A,P009,113,116,0.38
2026-03-24,Region A,P010,132,140,1.28
2026-03-24,Region A,P011,115,122,0.86
2026-03-24,Region A,P012,118,125,1.48
2026-03-24,Region A,P013,151,158,0.74
2026-03-24,Region A,P014,86,91,1.45
2026-03-24,Region A,P015,150,156,1.3
2026-03-24,Region A,P016,129,135,0.89
2026-03-24,Region A,P017,94,99,1.33
2026-03-24,Region A,P018,122,126,1.0
2026-03-24,Region A,P019,76,81,2.77
2026-03-24,Region A,P020,100,106,1.15
2026-03-24,Region A,P021,137,144,1.32
2026-03-24,Region A,P022,91,96,0.53
2026-03-24,Region A,P023,97,102,1.48
2026-03-24,Region A,P024,137,142,0.6
2026-03-24,Region A,P025,115,117,0.0
2026-03-24,Region A,P026,84,89,1.5
2026-03-24,Region A,P027,115,121,1.48
2026-03-24,Region A,P028,153,155,0.0
2026-03-24,Region A,P029,131,133,0.12
2026-03-24,Region A,P030,125,130,1.1
2026-03-24,Region B,P001,110,114,0.61
2026-03-24,Region B,P002,75,80,0.77
2026-03-24,Region B,P003,84,88,0.0
2026-03-24,Region B,P004,124,132,1.88
2026-03-24,Region B,P005,103,108,0.45
2026-03-24,Region B,P006,98,104,1.51
2026-03-24,Region B,P007,106,109,0.52
2026-03-24,Region B,P008,139,148,1.75
2026-03-24,Region B,P009,118,121,0.99
2026-03-24,Region B,P010,143,150,0.15
2026-03-24,Region B,P011,104,110,0.73
2026-03-24,Region B,P012,124,126,1.76
2026-03-24,Region B,P013,86,90,0.69
2026-03-24,Region B,P014,93,97,0.88
2026-03-24,Region B,P015,110,113,0.88
2026-03-24,Region B,P016,116,123,1.56
2026-03-24,Region B,P017,131,134,0.91
2026-03-24,Region B,P018,146,151,0.98
2026-03-24,Region B,P019,136,142,0.01
2026-03-24,Region B,P020,147,154,1.75
2026-03-24,Region B,P021,94,99,1.71
2026-03-24,Region B,P022,139,147,1.22
2026-03-24,Region B,P023,81,86,0.8
2026-03-24,Region B,P024,117,125,1.72
2026-03-24,Region B,P025,117,123,0.99
2026-03-24,Region B,P026,149,156,0.2
2026-03-24,Region B,P027,97,102,1.2
2026-03-24,Region B,P028,127,130,0.8
2026-03-24,Region B,P029,110,115,1.71
2026-03-24,Region B,P030,129,132,0.31
2026-03-24,Region C,P001,85,87,0.39
2026-03-24,Region C,P002,109,111,0.0
2026-03-24,Region C,P003,83,86,0.56
2026-03-24,Region C,P004,103,107,1.13
2026-03-24,Region C,P005,95,102,2.0
2026-03-24,Region C,P006,84,87,0.17
2026-03-24,Region C,P007,84,87,1.77
2026-03-24,Region C,P008,135,144,1.24
2026-03-24,Region C,P009,95,99,1.14
2026-03-24,Region C,P010,122,126,0.63
2026-03-24,Region C,P011,78,80,0.11
2026-03-24,Region C,P012,84,87,0.06
2026-03-24,Region C,P013,105,111,1.09
2026-03-24,Region C,P014,79,85,0.63
2026-03-24,Region C,P015,80,85,1.7
2026-03-24,Region C,P016,99,104,0.92
2026-03-24,Region C,P017,141,151,1.94
2026-03-24,Region C,P018,93,99,1.04
2026-03-24,Region C,P019,89,91,0.0
2026-03-24,Region C,P020,78,83,1.89
2026-03-24,Region C,P021,95,100,1.79
2026-03-24,Region C,P022,127,134,1.1
2026-03-24,Region C,P023,105,111,1.55
2026-03-24,Region C,P024,130,133,0.9
2026-03-24,Region C,P025,90,92,1.26
2026-03-24,Region C,P026,87,92,1.74
2026-03-24,Region C,P027,156,159,0.45
2026-03-24,Region C,P028,121,127,1.61
2026-03-24,Region C,P029,151,156,0.91
2026-03-24,Region C,P030,151,159,0.64
2026-03-24,Region D,P001,144,146,0.17
2026-03-24,Region D,P002,101,107,1.97
2026-03-24,Region D,P003,147,155,0.4
2026-03-24,Region D,P004,113,116,0.66
2026-03-24,Region D,P005,87,90,0.64
2026-03-24,Region D,P006,129,136,1.86
2026-03-24,Region D,P007,90,93,0.0
2026-03-24,Region D,P008,139,145,1.3
2026-03-24,Region D,P009,92,94,0.19
2026-03-24,Region D,P010,81,87,1.02
2026-03-24,Region D,P011,76,80,0.74
2026-03-24,Region D,P012,131,135,0.28
2026-03-24,Region D,P013,151,154,0.72
2026-03-24,Region D,P014,134,142,2.41
2026-03-24,Region D,P015,128,130,0.59
2026-03-24,Region D,P016,129,132,0.06
2026-03-24,Region D,P017,81,84,0.8
2026-03-24,Region D,P018,103,108,0.61
2026-03-24,Region D,P019,146,156,0.85
2026-03-24,Region D,P020,142,148,1.43
2026-03-24,Region D,P021,110,114,0.82
2026-03-24,Region D,P022,114,119,0.08
2026-03-24,Region D,P023,141,148,0.53
2026-03-24,Region D,P024,125,130,1.23
2026-03-24,Region D,P025,83,87,0.54
2026-03-24,Region D,P026,96,99,0.42
2026-03-24,Region D,P027,110,112,0.02
2026-03-24,Region D,P028,128,132,0.81
2026-03-24,Region D,P029,93,98,1.0
2026-03-24,Region D,P030,102,106,0.1
2026-03-25,Region A,P001,81,83,0.96
2026-03-25,Region A,P002,93,95,0.0
2026-03-25,Region A,P003,86,88,0.0
2026-03-25,Region A,P004,83,86,0.91
2026-03-25,Region A,P005,83,86,0.39
2026-03-25,Region A,P006,109,112,0.62
2026-03-25,Region A,P007,129,134,1.07
2026-03-25,Region A,P008,135,142,1.74
2026-03-25,Region A,P009,132,140,1.56
2026-03-25,Region A,P010,143,151,0.61
2026-03-25,Region A,P011,149,158,1.7
2026-03-25,Region A,P012,94,98,1.05
2026-03-25,Region A,P013,83,84,0.52
2026-03-25,Region A,P014,121,125,1.15
2026-03-25,Region A,P015,83,88,0.92
2026-03-25,Region A,P016,116,120,0.07
2026-03-25,Region A,P017,95,100,0.75
2026-03-25,Region A,P018,110,113,0.91
2026-03-25,Region A,P019,128,130,0.0
2026-03-25,Region A,P020,145,155,2.18
2026-03-25,Region A,P021,99,105,1.25
2026-03-25,Region A,P022,78,83,1.57
2026-03-25,Region A,P023,129,137,1.31
2026-03-25,Region A,P024,81,86,1.84
2026-03-25,Region A,P025,145,150,0.88
2026-03-25,Region A,P026,138,143,0.61
2026-03-25,Region A,P027,110,116,0.62
2026-03-25,Region A,P028,124,129,1.25
2026-03-25,Region A,P029,90,93,1.79
2026-03-25,Region A,P030,146,148,0.06
2026-03-25,Region B,P001,78,82,0.72
2026-03-25,Region B,P002,130,134,0.33
2026-03-25,Region B,P003,79,84,1.05
2026-03-25,Region B,P004,82,86,0.33
2026-03-25,Region B,P005,128,131,0.21
2026-03-25,Region B,P006,101,107,1.47
2026-03-25,Region B,P007,142,149,1.3
2026-03-25,Region B,P008,109,112,0.75
2026-03-25,Region B,P009,92,96,0.96
2026-03-25,Region B,P010,128,135,0.94
2026-03-25,Region B,P011,97,102,0.71
2026-03-25,Region B,P012,116,118,0.0
2026-03-25,Region B,P013,111,114,0.97
2026-03-25,Region B,P014,145,151,0.31
2026-03-25,Region B,P015,90,92,0.0
2026-03-25,Region B,P016,129,133,0.0
2026-03-25,Region B,P017,97,100,0.69
2026-03-25,Region B,P018,135,144,0.32
2026-03-25,Region B,P019,101,108,1.6
2026-03-25,Region B,P020,116,123,0.76
2026-03-25,Region B,P021,124,127,0.76
2026-03-25,Region B,P022,155,158,0.63
2026-03-25,Region B,P023,131,137,1.6
2026-03-25,Region B,P024,129,135,0.59
2026-03-25,Region B,P025,95,97,0.97
2026-03-25,Region B,P026,91,93,0.17
2026-03-25,Region B,P027,128,136,1.81
2026-03-25,Region B,P028,127,134,1.92
2026-03-25,Region B,P029,101,107,1.61
2026-03-25,Region B,P030,116,121,1.29
2026-03-25,Region C,P001,130,134,0.76
2026-03-25,Region C,P002,91,97,1.3
2026-03-25,Region C,P003,131,134,1.05
2026-03-25,Region C,P004,113,118,1.36
2026-03-25,Region C,P005,90,95,0.6
2026-03-25,Region C,P006,113,115,0.55
2026-03-25,Region C,P007,141,148,0.4
2026-03-25,Region C,P008,126,130,0.07
2026-03-25,Region C,P009,152,156,0.85
2026-03-25,Region C,P010,151,159,2.3
2026-03-25,Region C,P011,135,141,1.35
2026-03-25,Region C,P012,81,85,1.12
2026-03-25,Region C,P013,77,81,0.7
2026-03-25,Region C,P014,101,106,0.08
2026-03-25,Region C,P015,97,100,0.74
2026-03-25,Region C,P016,86,92,2.11
2026-03-25,Region C,P017,97,102,1.29
2026-03-25,Region C,P018,111,117,1.29
2026-03-25,Region C,P019,87,93,1.08
2026-03-25,Region C,P020,86,90,0.88
2026-03-25,Region C,P021,136,144,1.47
2026-03-25,Region C,P022,151,157,1.69
2026-03-25,Region C,P023,100,103,0.76
2026-03-25,Region C,P024,97,99,0.0
2026-03-25,Region C,P025,119,127,1.47
2026-03-25,Region C,P026,120,127,1.19
2026-03-25,Region C,P027,122,128,1.0
2026-03-25,Region C,P028,106,112,1.41
2026-03-25,Region C,P029,120,124,1.08
2026-03-25,Region C,P030,79,81,1.02
2026-03-25,Region D,P001,103,105,0.0
2026-03-25,Region D,P002,123,127,0.37
2026-03-25,Region D,P003,120,122,0.0
2026-03-25,Region D,P004,93,99,1.08
2026-03-25,Region D,P005,91,97,1.33
2026-03-25,Region D,P006,146,151,1.34
2026-03-25,Region D,P007,86,91,1.11
2026-03-25,Region D,P008,88,90,0.0
2026-03-25,Region D,P009,118,123,1.05
2026-03-25,Region D,P010,90,92,0.0
2026-03-25,Region D,P011,94,100,1.4
2026-03-25,Region D,P012,140,147,1.3
2026-03-25,Region D,P013,90,93,0.56
2026-03-25,Region D,P014,94,100,1.6
2026-03-25,Region D,P015,117,123,0.56
2026-03-25,Region D,P016,135,138,0.45
2026-03-25,Region D,P017,106,112,1.31
2026-03-25,Region D,P018,115,120,0.27
2026-03-25,Region D,P019,83,86,0.86
2026-03-25,Region D,P020,91,97,1.23
2026-03-25,Region D,P021,143,146,0.14
2026-03-25,Region D,P022,112,118,1.22
2026-03-25,Region D,P023,84,85,0.0
2026-03-25,Region D,P024,121,123,0.0
2026-03-25,Region D,P025,101,104,0.0
2026-03-25,Region D,P026,135,143,1.03
2026-03-25,Region D,P027,127,132,0.89
2026-03-25,Region D,P028,146,155,0.37
2026-03-25,Region D,P029,84,86,0.12
2026-03-25,Region D,P030,135,140,0.13
2026-03-26,Region A,P001,98,100,0.0
2026-03-26,Region A,P002,82,85,0.66
2026-03-26,Region A,P003,139,142,0.55
2026-03-26,Region A,P004,153,155,0.4
2026-03-26,Region A,P005,128,133,0.91
2026-03-26,Region A,P006,119,121,0.16
2026-03-26,Region A,P007,80,83,1.28
2026-03-26,Region A,P008,125,132,0.79
2026-03-26,Region A,P009,130,137,0.87
2026-03-26,Region A,P010,104,106,0.91
2026-03-26,Region A,P011,116,119,1.03
2026-03-26,Region A,P012,99,105,1.36
2026-03-26,Region A,P013,128,134,1.09
2026-03-26,Region A,P014,92,94,0.61
2026-03-26,Region A,P015,114,118,0.0
2026-03-26,Region A,P016,102,108,1.77
2026-03-26,Region A,P017,138,141,0.84
2026-03-26,Region A,P018,99,105,1.29
2026-03-26,Region A,P019,99,103,1.6
2026-03-26,Region A,P020,103,110,1.31
2026-03-26,Region A,P021,105,107,0.0
2026-03-26,Region A,P022,149,152,0.92
2026-03-26,Region A,P023,80,82,0.7
2026-03-26,Region A,P024,144,149,0.0
2026-03-26,Region A,P025,98,103,1.88
2026-03-26,Region A,P026,90,92,0.44
2026-03-26,Region A,P027,109,112,0.74
2026-03-26,Region A,P028,88,93,0.93
2026-03-26,Region A,P029,112,116,1.73
2026-03-26,Region A,P030,153,157,0.53
2026-03-26,Region B,P001,103,107,1.72
2026-03-26,Region B,P002,101,106,0.93
2026-03-26,Region B,P003,123,125,0.67
2026-03-26,Region B,P004,116,123,0.73
2026-03-26,Region B,P005,135,141,1.28
2026-03-26,Region B,P006,89,95,1.7
2026-03-26,Region B,P007,84,87,1.03
2026-03-26,Region B,P008,124,130,1.62
2026-03-26,Region B,P009,87,89,0.0
2026-03-26,Region B,P010,148,157,2.02
2026-03-26,Region B,P011,81,84,0.26
2026-03-26,Region B,P012,121,127,0.83
2026-03-26,Region B,P013,152,154,0.26
2026-03-26,Region B,P014,127,132,0.59
2026-03-26,Region B,P015,107,110,0.28
2026-03-26,Region B,P016,97,99,0.79
2026-03-26,Region B,P017,103,106,0.0
2026-03-26,Region B,P018,98,101,0.88
2026-03-26,Region B,P019,134,139,1.45
2026-03-26,Region B,P020,103,108,1.42
2026-03-26,Region B,P021,136,141,1.22
2026-03-26,Region B,P022,133,142,1.43
2026-03-26,Region B,P023,121,129,1.34
2026-03-26,Region B,P024,90,94,0.55
2026-03-26,Region B,P025,82,85,0.73
2026-03-26,Region B,P026,100,103,0.87
2026-03-26,Region B,P027,124,130,1.39
2026-03-26,Region B,P028,82,86,0.3
2026-03-26,Region B,P029,147,150,0.36
2026-03-26,Region B,P030,136,142,1.2
2026-03-26,Region C,P001,152,157,1.11
2026-03-26,Region C,P002,118,121,0.0
2026-03-26,Region C,P003,86,88,0.5
2026-03-26,Region C,P004,101,105,0.66
2026-03-26,Region C,P005,147,154,0.91
2026-03-26,Region C,P006,84,90,1.35
2026-03-26,Region C,P007,76,81,1.81
2026-03-26,Region C,P008,90,94,0.91
2026-03-26,Region C,P009,148,150,0.15
2026-03-26,Region C,P010,116,122,1.59
2026-03-26,Region C,P011,130,138,1.95
2026-03-26,Region C,P012,132,138,1.0
2026-03-26,Region C,P013,100,104,1.17
2026-03-26,Region C,P014,85,86,0.0
2026-03-26,Region C,P015,79,84,1.41
2026-03-26,Region C,P016,111,116,0.52
2026-03-26,Region C,P017,107,114,0.68
2026-03-26,Region C,P018,104,109,1.95
2026-03-26,Region C,P019,110,113,0.94
2026-03-26,Region C,P020,116,124,1.49
2026-03-26,Region C,P021,113,115,0.09
2026-03-26,Region C,P022,102,105,0.45
2026-03-26,Region C,P023,137,142,0.94
2026-03-26,Region C,P024,77,82,0.94
2026-03-26,Region C,P025,112,119,0.68
2026-03-26,Region C,P026,96,98,0.0
2026-03-26,Region C,P027,124,127,0.16
2026-03-26,Region C,P028,127,129,0.0
2026-03-26,Region C,P029,94,97,0.89
2026-03-26,Region C,P030,120,124,0.31
2026-03-26,Region D,P001,145,153,1.13
2026-03-26,Region D,P002,88,90,0.92
2026-03-26,Region D,P003,116,120,1.42
2026-03-26,Region D,P004,90,94,0.43
2026-03-26,Region D,P005,142,149,1.25
2026-03-26,Region D,P006,81,83,0.0
2026-03-26,Region D,P007,147,150,0.21
2026-03-26,Region D,P008,136,139,0.0
2026-03-26,Region D,P009,132,137,0.91
2026-03-26,Region D,P010,128,131,0.62
2026-03-26,Region D,P011,150,155,0.0
2026-03-26,Region D,P012,149,151,0.0
2026-03-26,Region D,P013,152,155,0.73
2026-03-26,Region D,P014,79,84,0.97
2026-03-26,Region D,P015,115,122,1.41
2026-03-26,Region D,P016,95,100,1.31
2026-03-26,Region D,P017,136,138,0.15
2026-03-26,Region D,P018,109,114,0.43
2026-03-26,Region D,P019,141,143,0.61
2026-03-26,Region D,P020,93,95,0.95
2026-03-26,Region D,P021,127,130,0.5
2026-03-26,Region D,P022,78,83,1.91
2026-03-26,Region D,P023,118,120,0.42
2026-03-26,Region D,P024,103,110,1.96
2026-03-26,Region D,P025,144,148,0.99
2026-03-26,Region D,P026,86,88,0.0
2026-03-26,Region D,P027,153,159,0.18
2026-03-26,Region D,P028,138,143,0.0
2026-03-26,Region D,P029,141,149,0.85
2026-03-26,Region D,P030,130,137,0.34
2026-03-27,Region A,P001,107,112,1.38
2026-03-27,Region A,P002,110,115,0.96
2026-03-27,Region A,P003,95,97,1.21
2026-03-27,Region A,P004,125,129,1.68
2026-03-27,Region A,P005,114,116,0.99
2026-03-27,Region A,P006,78,83,0.97
2026-03-27,Region A,P007,103,109,1.3
2026-03-27,Region A,P008,143,150,1.62
2026-03-27,Region A,P009,123,131,1.52
2026-03-27,Region A,P010,87,92,0.93
2026-03-27,Region A,P011,151,153,0.0
2026-03-27,Region A,P012,135,138,0.63
2026-03-27,Region A,P013,129,135,0.18
2026-03-27,Region A,P014,126,128,0.52
2026-03-27,Region A,P015,129,136,0.88
2026-03-27,Region A,P016,109,111,0.72
2026-03-27,Region A,P017,116,122,0.0
2026-03-27,Region A,P018,151,158,1.81
2026-03-27,Region A,P019,125,132,1.05
2026-03-27,Region A,P020,89,92,0.24
2026-03-27,Region A,P021,107,111,0.0
2026-03-27,Region A,P022,138,144,0.52
2026-03-27,Region A,P023,145,149,0.11
2026-03-27,Region A,P024,131,140,1.82
2026-03-27,Region A,P025,112,116,1.28
2026-03-27,Region A,P026,86,89,0.7
2026-03-27,Region A,P027,120,124,1.19
2026-03-27,Region A,P028,121,128,1.43
2026-03-27,Region A,P029,108,111,0.0
2026-03-27,Region A,P030,152,156,0.97
2026-03-27,Region B,P001,143,150,1.52
2026-03-27,Region B,P002,109,114,0.79
2026-03-27,Region B,P003,136,139,0.55
2026-03-27,Region B,P004,100,105,1.05
2026-03-27,Region B,P005,120,122,0.49
2026-03-27,Region B,P006,99,102,1.03
2026-03-27,Region B,P007,96,102,1.13
2026-03-27,Region B,P008,143,150,0.6
2026-03-27,Region B,P009,144,150,0.8
2026-03-27,Region B,P010,130,134,1.39
2026-03-27,Region B,P011,111,114,0.67
2026-03-27,Region B,P012,93,97,0.57
2026-03-27,Region B,P013,84,90,0.98
2026-03-27,Region B,P014,80,82,1.66
2026-03-27,Region B,P015,86,89,0.7
2026-03-27,Region B,P016,119,125,1.07
2026-03-27,Region B,P017,106,110,1.05
2026-03-27,Region B,P018,132,136,1.19
2026-03-27,Region B,P019,151,155,0.72
2026-03-27,Region B,P020,143,151,1.59
2026-03-27,Region B,P021,122,128,1.13
2026-03-27,Region B,P022,125,133,1.47
2026-03-27,Region B,P023,118,125,1.41
2026-03-27,Region B,P024,135,143,0.91
2026-03-27,Region B,P025,119,125,0.74
2026-03-27,Region B,P026,97,102,0.0
2026-03-27,Region B,P027,95,101,1.43
2026-03-27,Region B,P028,104,110,2.28
2026-03-27,Region B,P029,141,148,1.63
2026-03-27,Region B,P030,106,113,2.29
2026-03-27,Region C,P001,91,94,0.25
2026-03-27,Region C,P002,136,139,0.41
2026-03-27,Region C,P003,89,91,0.09
2026-03-27,Region C,P004,118,123,0.88
2026-03-27,Region C,P005,136,144,1.25
2026-03-27,Region C,P006,144,148,0.63
2026-03-27,Region C,P007,114,119,0.9
2026-03-27,Region C,P008,115,122,1.21
2026-03-27,Region C,P009,118,124,0.75
2026-03-27,Region C,P010,141,150,2.14
2026-03-27,Region C,P011,121,127,0.8
2026-03-27,Region C,P012,139,146,0.42
2026-03-27,Region C,P013,114,119,0.69
2026-03-27,Region C,P014,145,151,0.58
2026-03-27,Region C,P015,133,139,1.03
2026-03-27,Region C,P016,77,80,0.05
2026-03-27,Region C,P017,143,150,0.97
2026-03-27,Region C,P018,132,137,0.56
2026-03-27,Region C,P019,124,126,0.0
2026-03-27,Region C,P020,129,134,0.14
2026-03-27,Region C,P021,94,100,1.75
2026-03-27,Region C,P022,95,98,0.84
2026-03-27,Region C,P023,134,140,1.2
2026-03-27,Region C,P024,127,133,1.77
2026-03-27,Region C,P025,88,93,1.36
2026-03-27,Region C,P026,85,87,1.0
2026-03-27,Region C,P027,148,152,0.09
2026-03-27,Region C,P028,130,136,0.0
2026-03-27,Region C,P029,135,141,1.09
2026-03-27,Region C,P030,136,144,1.68
2026-03-27,Region D,P001,116,123,1.0
2026-03-27,Region D,P002,143,152,1.22
2026-03-27,Region D,P003,137,144,2.15
2026-03-27,Region D,P004,142,151,1.83
2026-03-27,Region D,P005,147,156,1.31
2026-03-27,Region D,P006,151,156,0.24
2026-03-27,Region D,P007,123,131,1.55
2026-03-27,Region D,P008,132,141,1.93
2026-03-27,Region D,P009,125,127,1.27
2026-03-27,Region D,P010,87,93,1.35
2026-03-27,Region D,P011,99,102,0.15
2026-03-27,Region D,P012,76,80,0.91
2026-03-27,Region D,P013,140,145,0.72
2026-03-27,Region D,P014,87,90,1.28
2026-03-27,Region D,P015,107,114,0.78
2026-03-27,Region D,P016,113,117,0.98
2026-03-27,Region D,P017,122,130,1.47
2026-03-27,Region D,P018,79,84,0.8
2026-03-27,Region D,P019,146,151,0.0
2026-03-27,Region D,P020,132,141,0.05
2026-03-27,Region D,P021,126,129,0.0
2026-03-27,Region D,P022,99,104,0.85
2026-03-27,Region D,P023,115,120,1.76
2026-03-27,Region D,P024,81,84,0.95
2026-03-27,Region D,P025,149,157,1.37
2026-03-27,Region D,P026,114,118,1.25
2026-03-27,Region D,P027,121,124,1.23
2026-03-27,Region D,P028,133,140,2.0
2026-03-27,Region D,P029,113,115,0.0
2026-03-27,Region D,P030,84,86,0.68
2026-03-28,Region A,P001,142,146,0.56
2026-03-28,Region A,P002,132,135,1.39
2026-03-28,Region A,P003,105,108,1.22
2026-03-28,Region A,P004,136,143,0.89
2026-03-28,Region A,P005,91,93,0.95
2026-03-28,Region A,P006,124,127,0.65
2026-03-28,Region A,P007,134,140,0.25
2026-03-28,Region A,P008,125,132,0.94
2026-03-28,Region A,P009,126,133,0.57
2026-03-28,Region A,P010,105,108,0.69
2026-03-28,Region A,P011,108,111,0.4
2026-03-28,Region A,P012,143,145,0.83
2026-03-28,Region A,P013,99,102,0.63
2026-03-28,Region A,P014,105,107,0.11
2026-03-28,Region A,P015,145,150,0.0
2026-03-28,Region A,P016,119,123,0.35
2026-03-28,Region A,P017,87,92,1.12
2026-03-28,Region A,P018,106,112,0.9
2026-03-28,Region A,P019,104,108,1.33
2026-03-28,Region A,P020,109,114,0.26
2026-03-28,Region A,P021,138,145,0.21
2026-03-28,Region A,P022,147,157,1.1
2026-03-28,Region A,P023,84,89,1.89
2026-03-28,Region A,P024,144,153,1.84
2026-03-28,Region A,P025,89,92,0.43
2026-03-28,Region A,P026,148,154,0.74
2026-03-28,Region A,P027,118,123,1.01
2026-03-28,Region A,P028,120,122,0.86
2026-03-28,Region A,P029,84,89,1.65
2026-03-28,Region A,P030,99,101,0.0
2026-03-28,Region B,P001,89,91,0.29
2026-03-28,Region B,P002,153,155,1.04
2026-03-28,Region B,P003,106,109,0.77
2026-03-28,Region B,P004,107,109,0.0
2026-03-28,Region B,P005,121,124,0.23
2026-03-28,Region B,P006,82,87,0.0
2026-03-28,Region B,P007,125,128,0.0
2026-03-28,Region B,P008,139,148,1.37
2026-03-28,Region B,P009,95,101,1.79
2026-03-28,Region B,P010,149,158,1.24
2026-03-28,Region B,P011,132,135,0.93
2026-03-28,Region B,P012,134,139,1.24
2026-03-28,Region B,P013,148,154,0.71
2026-03-28,Region B,P014,123,130,2.16
2026-03-28,Region B,P015,89,95,0.78
2026-03-28,Region B,P016,83,88,1.09
2026-03-28,Region B,P017,94,99,0.9
2026-03-28,Region B,P018,145,151,0.0
2026-03-28,Region B,P019,92,94,0.0
2026-03-28,Region B,P020,82,83,0.28
2026-03-28,Region B,P021,138,141,0.62
2026-03-28,Region B,P022,136,145,1.73
2026-03-28,Region B,P023,142,146,0.58
2026-03-28,Region B,P024,101,104,1.25
2026-03-28,Region B,P025,82,87,0.85
2026-03-28,Region B,P026,87,91,0.29
2026-03-28,Region B,P027,120,125,1.51
2026-03-28,Region B,P028,124,130,0.58
2026-03-28,Region B,P029,142,144,0.0
2026-03-28,Region B,P030,119,123,1.09
2026-03-28,Region C,P001,88,90,0.0
2026-03-28,Region C,P002,115,122,0.58
2026-03-28,Region C,P003,96,102,1.0
2026-03-28,Region C,P004,110,112,0.0
2026-03-28,Region C,P005,122,129,1.76
2026-03-28,Region C,P006,130,135,1.15
2026-03-28,Region C,P007,106,111,1.64
2026-03-28,Region C,P008,95,99,0.45
2026-03-28,Region C,P009,126,130,0.58
2026-03-28,Region C,P010,114,119,1.69
2026-03-28,Region C,P011,131,134,0.14
2026-03-28,Region C,P012,141,147,1.31
2026-03-28,Region C,P013,148,155,0.1
2026-03-28,Region C,P014,121,124,0.0
2026-03-28,Region C,P015,138,142,0.13
2026-03-28,Region C,P016,127,131,1.09
2026-03-28,Region C,P017,120,124,0.75
2026-03-28,Region C,P018,128,132,1.52
2026-03-28,Region C,P019,102,109,1.71
2026-03-28,Region C,P020,124,128,0.86
2026-03-28,Region C,P021,124,132,1.04
2026-03-28,Region C,P022,105,107,0.22
2026-03-28,Region C,P023,94,97,0.18
2026-03-28,Region C,P024,105,110,1.55
2026-03-28,Region C,P025,87,90,0.57
2026-03-28,Region C,P026,145,151,0.85
2026-03-28,Region C,P027,91,96,1.76
2026-03-28,Region C,P028,114,120,1.8
2026-03-28,Region C,P029,119,124,0.51
2026-03-28,Region C,P030,130,137,1.9
2026-03-28,Region D,P001,114,120,2.12
2026-03-28,Region D,P002,122,129,0.53
2026-03-28,Region D,P003,140,146,0.47
2026-03-28,Region D,P004,142,147,0.28
2026-03-28,Region D,P005,149,157,1.32
2026-03-28,Region D,P006,133,135,0.3
2026-03-28,Region D,P007,91,93,0.64
2026-03-28,Region D,P008,142,148,1.19
2026-03-28,Region D,P009,149,156,1.05
2026-03-28,Region D,P010,82,85,0.0
2026-03-28,Region D,P011,144,152,1.33
2026-03-28,Region D,P012,109,113,0.84
2026-03-28,Region D,P013,116,124,1.26
2026-03-28,Region D,P014,132,139,0.76
2026-03-28,Region D,P015,105,109,1.23
2026-03-28,Region D,P016,123,126,0.68
2026-03-28,Region D,P017,137,143,0.93
2026-03-28,Region D,P018,142,151,1.63
2026-03-28,Region D,P019,122,128,0.32
2026-03-28,Region D,P020,132,135,0.88
2026-03-28,Region D,P021,122,125,0.0
2026-03-28,Region D,P022,115,120,0.23
2026-03-28,Region D,P023,134,137,0.03
2026-03-28,Region D,P024,77,81,0.22
2026-03-28,Region D,P025,134,142,0.87
2026-03-28,Region D,P026,95,98,1.27
2026-03-28,Region D,P027,106,112,1.27
2026-03-28,Region D,P028,125,130,0.0
2026-03-28,Region D,P029,150,159,1.63
2026-03-28,Region D,P030,135,144,1.46
2026-03-29,Region A,P001,93,97,1.8
2026-03-29,Region A,P002,126,133,0.69
2026-03-29,Region A,P003,131,134,0.9
2026-03-29,Region A,P004,98,104,0.42
2026-03-29,Region A,P005,91,95,1.21
2026-03-29,Region A,P006,149,157,2.12
2026-03-29,Region A,P007,81,87,1.51
2026-03-29,Region A,P008,123,127,1.8
2026-03-29,Region A,P009,131,140,1.33
2026-03-29,Region A,P010,111,115,0.5
2026-03-29,Region A,P011,76,80,0.94
2026-03-29,Region A,P012,116,118,1.25
2026-03-29,Region A,P013,105,109,0.82
2026-03-29,Region A,P014,125,127,0.0
2026-03-29,Region A,P015,134,139,1.39
2026-03-29,Region A,P016,130,137,0.6
2026-03-29,Region A,P017,83,86,0.66
2026-03-29,Region A,P018,122,124,1.22
2026-03-29,Region A,P019,132,134,0.34
2026-03-29,Region A,P020,83,88,1.45
2026-03-29,Region A,P021,119,126,1.18
2026-03-29,Region A,P022,97,99,0.0
2026-03-29,Region A,P023,133,139,0.81
2026-03-29,Region A,P024,135,144,1.66
2026-03-29,Region A,P025,84,89,1.89
2026-03-29,Region A,P026,143,149,0.26
2026-03-29,Region A,P027,137,145,1.32
2026-03-29,Region A,P028,80,85,1.46
2026-03-29,Region A,P029,141,150,1.39
2026-03-29,Region A,P030,94,99,0.15
2026-03-29,Region B,P001,118,120,0.56
2026-03-29,Region B,P002,120,125,1.47
2026-03-29,Region B,P003,75,80,1.13
2026-03-29,Region B,P004,152,154,0.46
2026-03-29,Region B,P005,143,145,0.08
2026-03-29,Region B,P006,140,143,0.0
2026-03-29,Region B,P007,125,130,0.71
2026-03-29,Region B,P008,89,91,0.04
2026-03-29,Region B,P009,103,106,1.02
2026-03-29,Region B,P010,84,88,1.93
2026-03-29,Region B,P011,101,103,0.48
2026-03-29,Region B,P012,95,98,0.74
2026-03-29,Region B,P013,119,124,0.67
2026-03-29,Region B,P014,133,141,0.59
2026-03-29,Region B,P015,151,154,0.92
2026-03-29,Region B,P016,79,83,2.01
2026-03-29,Region B,P017,92,98,1.01
2026-03-29,Region B,P018,94,97,0.78
2026-03-29,Region B,P019,150,156,0.83
2026-03-29,Region B,P020,97,103,1.44
2026-03-29,Region B,P021,93,96,0.89
2026-03-29,Region B,P022,109,113,1.98
2026-03-29,Region B,P023,127,134,0.6
2026-03-29,Region B,P024,95,100,1.54
2026-03-29,Region B,P025,111,116,0.37
2026-03-29,Region B,P026,134,141,0.43
2026-03-29,Region B,P027,154,159,0.63
2026-03-29,Region B,P028,87,92,0.2
2026-03-29,Region B,P029,148,158,0.43
2026-03-29,Region B,P030,149,155,0.1
2026-03-29,Region C,P001,131,136,0.93
2026-03-29,Region C,P002,117,120,0.0
2026-03-29,Region C,P003,117,123,1.02
2026-03-29,Region C,P004,144,152,0.86
2026-03-29,Region C,P005,149,159,1.5
2026-03-29,Region C,P006,116,120,1.59
2026-03-29,Region C,P007,135,141,0.67
2026-03-29,Region C,P008,104,110,1.3
2026-03-29,Region C,P009,86,91,1.08
2026-03-29,Region C,P010,144,153,1.75
2026-03-29,Region C,P011,126,132,1.65
2026-03-29,Region C,P012,117,119,0.47
2026-03-29,Region C,P013,144,147,0.0
2026-03-29,Region C,P014,131,138,1.94
2026-03-29,Region C,P015,127,130,0.0
2026-03-29,Region C,P016,133,137,0.08
2026-03-29,Region C,P017,134,140,1.11
2026-03-29,Region C,P018,111,115,0.2
2026-03-29,Region C,P019,114,120,0.85
2026-03-29,Region C,P020,140,145,0.98
2026-03-29,Region C,P021,139,148,1.36
2026-03-29,Region C,P022,101,103,0.58
2026-03-29,Region C,P023,77,80,0.69
2026-03-29,Region C,P024,110,112,0.0
2026-03-29,Region C,P025,142,146,0.43
2026-03-29,Region C,P026,106,113,1.01
2026-03-29,Region C,P027,78,81,0.0
2026-03-29,Region C,P028,130,133,0.53
2026-03-29,Region C,P029,134,139,0.22
2026-03-29,Region C,P030,145,148,0.53
2026-03-29,Region D,P001,97,99,0.51
2026-03-29,Region D,P002,111,117,0.82
2026-03-29,Region D,P003,130,135,1.29
2026-03-29,Region D,P004,128,133,0.41
2026-03-29,Region D,P005,103,109,1.78
2026-03-29,Region D,P006,121,124,0.75
2026-03-29,Region D,P007,146,153,0.73
2026-03-29,Region D,P008,115,119,0.8
2026-03-29,Region D,P009,91,94,0.84
2026-03-29,Region D,P010,140,145,1.11
2026-03-29,Region D,P011,129,133,0.42
2026-03-29,Region D,P012,99,102,0.0
2026-03-29,Region D,P013,142,144,0.31
2026-03-29,Region D,P014,142,148,0.9
2026-03-29,Region D,P015,104,108,0.79
2026-03-29,Region D,P016,93,97,1.4
2026-03-29,Region D,P017,144,152,1.4
2026-03-29,Region D,P018,122,124,0.35
2026-03-29,Region D,P019,154,157,0.25
2026-03-29,Region D,P020,130,132,0.68
2026-03-29,Region D,P021,107,109,0.0
2026-03-29,Region D,P022,108,112,0.26
2026-03-29,Region D,P023,108,111,1.27
2026-03-29,Region D,P024,151,158,1.68
2026-03-29,Region D,P025,146,153,1.25
2026-03-29,Region D,P026,127,133,1.28
2026-03-29,Region D,P027,81,86,1.77
2026-03-29,Region D,P028,135,137,0.18
2026-03-29,Region D,P029,144,150,1.24
2026-03-29,Region D,P030,91,93,1.13
2026-03-30,Region A,P001,122,129,1.08
2026-03-30,Region A,P002,108,112,1.47
2026-03-30,Region A,P003,101,104,0.33
2026-03-30,Region A,P004,79,81,0.13
2026-03-30,Region A,P005,140,146,0.23
2026-03-30,Region A,P006,80,85,1.49
2026-03-30,Region A,P007,113,120,1.39
2026-03-30,Region A,P008,86,87,0.0
2026-03-30,Region A,P009,111,117,0.67
2026-03-30,Region A,P010,112,116,0.56
2026-03-30,Region A,P011,116,124,1.0
2026-03-30,Region A,P012,106,108,0.5
2026-03-30,Region A,P013,84,88,0.24
2026-03-30,Region A,P014,115,122,1.82
2026-03-30,Region A,P015,124,131,1.38
2026-03-30,Region A,P016,132,136,0.22
2026-03-30,Region A,P017,89,95,0.8
2026-03-30,Region A,P018,116,119,0.84
2026-03-30,Region A,P019,107,114,1.95
2026-03-30,Region A,P020,88,92,0.96
2026-03-30,Region A,P021,143,150,1.83
2026-03-30,Region A,P022,81,87,1.58
2026-03-30,Region A,P023,124,130,1.29
2026-03-30,Region A,P024,96,99,0.74
2026-03-30,Region A,P025,149,153,0.58
2026-03-30,Region A,P026,129,135,0.73
2026-03-30,Region A,P027,142,146,0.16
2026-03-30,Region A,P028,114,118,0.24
2026-03-30,Region A,P029,121,128,0.94
2026-03-30,Region A,P030,114,119,0.17
2026-03-30,Region B,P001,150,158,0.54
2026-03-30,Region B,P002,84,87,0.6
2026-03-30,Region B,P003,152,159,0.88
2026-03-30,Region B,P004,85,91,1.08
2026-03-30,Region B,P005,116,120,0.17
2026-03-30,Region B,P006,127,129,0.14
2026-03-30,Region B,P007,124,130,0.0
2026-03-30,Region B,P008,77,82,0.87
2026-03-30,Region B,P009,149,158,1.84
2026-03-30,Region B,P010,124,130,2.17
2026-03-30,Region B,P011,123,126,0.88
2026-03-30,Region B,P012,82,85,0.6
2026-03-30,Region B,P013,100,106,0.0
2026-03-30,Region B,P014,122,129,1.44
2026-03-30,Region B,P015,143,152,0.59
2026-03-30,Region B,P016,80,83,0.66
2026-03-30,Region B,P017,144,147,0.64
2026-03-30,Region B,P018,134,138,0.0
2026-03-30,Region B,P019,103,110,1.94
2026-03-30,Region B,P020,113,120,1.12
2026-03-30,Region B,P021,152,158,0.81
2026-03-30,Region B,P022,94,98,1.39
2026-03-30,Region B,P023,76,81,1.25
2026-03-30,Region B,P024,108,114,1.81
2026-03-30,Region B,P025,136,140,0.27
2026-03-30,Region B,P026,108,114,0.03
2026-03-30,Region B,P027,154,158,0.31
2026-03-30,Region B,P028,96,99,0.5
2026-03-30,Region B,P029,143,151,1.36
2026-03-30,Region B,P030,104,106,0.35
2026-03-30,Region C,P001,107,111,1.03
2026-03-30,Region C,P002,103,107,0.34
2026-03-30,Region C,P003,90,92,0.56
2026-03-30,Region C,P004,97,102,1.75
2026-03-30,Region C,P005,84,86,0.24
2026-03-30,Region C,P006,116,122,1.3
2026-03-30,Region C,P007,136,140,0.01
2026-03-30,Region C,P008,119,125,1.31
2026-03-30,Region C,P009,131,137,0.56
2026-03-30,Region C,P010,87,91,1.51
2026-03-30,Region C,P011,152,158,1.03
2026-03-30,Region C,P012,138,142,0.0
2026-03-30,Region C,P013,100,103,0.8
2026-03-30,Region C,P014,114,118,1.41
2026-03-30,Region C,P015,89,94,1.61
2026-03-30,Region C,P016,148,156,0.87
2026-03-30,Region C,P017,79,83,0.84
2026-03-30,Region C,P018,153,157,0.8
2026-03-30,Region C,P019,91,94,0.96
2026-03-30,Region C,P020,132,135,0.77
2026-03-30,Region C,P021,104,110,0.41
2026-03-30,Region C,P022,118,124,0.75
2026-03-30,Region C,P023,96,101,0.9
2026-03-30,Region C,P024,91,93,0.65
2026-03-30,Region C,P025,92,96,0.0
2026-03-30,Region C,P026,144,147,0.0
2026-03-30,Region C,P027,119,126,0.86
2026-03-30,Region C,P028,106,112,0.87
2026-03-30,Region C,P029,102,104,0.0
2026-03-30,Region C,P030,151,157,1.35
2026-03-30,Region D,P001,141,149,1.25
2026-03-30,Region D,P002,112,116,0.64
2026-03-30,Region D,P003,150,155,1.02
2026-03-30,Region D,P004,126,134,0.94
2026-03-30,Region D,P005,99,105,0.57
2026-03-30,Region D,P006,130,136,1.43
2026-03-30,Region D,P007,77,81,1.45
2026-03-30,Region D,P008,85,88,0.0
2026-03-30,Region D,P009,151,155,1.04
2026-03-30,Region D,P010,128,136,1.67
2026-03-30,Region D,P011,134,139,1.18
2026-03-30,Region D,P012,95,102,1.97
2026-03-30,Region D,P013,101,107,0.78
2026-03-30,Region D,P014,137,145,0.86
2026-03-30,Region D,P015,84,87,0.75
2026-03-30,Region D,P016,129,136,0.69
2026-03-30,Region D,P017,136,142,1.19
2026-03-30,Region D,P018,112,120,1.71
2026-03-30,Region D,P019,144,147,0.59
2026-03-30,Region D,P020,150,158,1.84
2026-03-30,Region D,P021,119,126,2.07
2026-03-30,Region D,P022,138,144,1.64
2026-03-30,Region D,P023,91,94,0.0
2026-03-30,Region D,P024,148,153,0.9
2026-03-30,Region D,P025,90,92,0.0
2026-03-30,Region D,P026,95,99,1.63
2026-03-30,Region D,P027,93,96,0.64
2026-03-30,Region D,P028,101,107,1.12
2026-03-30,Region D,P029,77,81,1.31
2026-03-30,Region D,P030,145,152,1.28
2026-03-31,Region A,P001,154,157,0.66
2026-03-31,Region A,P002,85,87,0.88
2026-03-31,Region A,P003,134,137,0.51
2026-03-31,Region A,P004,89,91,1.29
2026-03-31,Region A,P005,115,119,0.31
2026-03-31,Region A,P006,126,129,0.16
2026-03-31,Region A,P007,111,115,0.66
2026-03-31,Region A,P008,91,95,0.76
2026-03-31,Region A,P009,84,86,0.0
2026-03-31,Region A,P010,130,133,0.02
2026-03-31,Region A,P011,141,145,0.85
2026-03-31,Region A,P012,130,133,0.95
2026-03-31,Region A,P013,142,149,1.68
2026-03-31,Region A,P014,125,128,0.44
2026-03-31,Region A,P015,81,85,0.92
2026-03-31,Region A,P016,111,114,0.96
2026-03-31,Region A,P017,120,127,1.12
2026-03-31,Region A,P018,101,106,1.24
2026-03-31,Region A,P019,123,127,0.0
2026-03-31,Region A,P020,120,123,0.0
2026-03-31,Region A,P021,135,143,1.46
2026-03-31,Region A,P022,124,132,2.25
2026-03-31,Region A,P023,95,96,0.47
2026-03-31,Region A,P024,80,83,1.06
2026-03-31,Region A,P025,139,145,1.12
2026-03-31,Region A,P026,114,116,0.01
2026-03-31,Region A,P027,115,117,1.05
2026-03-31,Region A,P028,149,157,1.51
2026-03-31,Region A,P029,117,125,2.03
2026-03-31,Region A,P030,103,108,1.84
2026-03-31,Region B,P001,151,153,0.99
2026-03-31,Region B,P002,83,85,0.38
2026-03-31,Region B,P003,137,146,2.48
2026-03-31,Region B,P004,126,130,0.44
2026-03-31,Region B,P005,109,113,1.32
2026-03-31,Region B,P006,136,139,0.3
2026-03-31,Region B,P007,82,85,1.22
2026-03-31,Region B,P008,132,136,0.45
2026-03-31,Region B,P009,113,115,0.16
2026-03-31,Region B,P010,146,154,0.92
2026-03-31,Region B,P011,134,137,0.0
2026-03-31,Region B,P012,83,87,0.36
2026-03-31,Region B,P013,112,117,0.77
2026-03-31,Region B,P014,93,95,0.63
2026-03-31,Region B,P015,111,118,1.17
2026-03-31,Region B,P016,97,101,0.0
2026-03-31,Region B,P017,133,141,2.23
2026-03-31,Region B,P018,107,110,0.78
2026-03-31,Region B,P019,105,111,0.52
2026-03-31,Region B,P020,147,153,1.26
2026-03-31,Region B,P021,140,147,0.6
2026-03-31,Region B,P022,104,108,0.54
2026-03-31,Region B,P023,90,96,0.78
2026-03-31,Region B,P024,142,150,1.62
2026-03-31,Region B,P025,147,149,0.78
2026-03-31,Region B,P026,151,156,0.0
2026-03-31,Region B,P027,154,157,0.76
2026-03-31,Region B,P028,75,80,1.34
2026-03-31,Region B,P029,82,84,0.0
2026-03-31,Region B,P030,140,143,0.65
2026-03-31,Region C,P001,122,124,1.24
2026-03-31,Region C,P002,102,104,1.13
2026-03-31,Region C,P003,132,136,1.09
2026-03-31,Region C,P004,89,91,0.09
2026-03-31,Region C,P005,119,127,1.31
2026-03-31,Region C,P006,113,121,0.98
2026-03-31,Region C,P007,140,143,0.91
2026-03-31,Region C,P008,146,150,1.43
2026-03-31,Region C,P009,119,122,0.16
2026-03-31,Region C,P010,149,155,0.78
2026-03-31,Region C,P011,143,151,1.19
2026-03-31,Region C,P012,116,123,0.82
2026-03-31,Region C,P013,145,152,1.17
2026-03-31,Region C,P014,153,159,1.59
2026-03-31,Region C,P015,92,98,0.75
2026-03-31,Region C,P016,81,83,0.83
2026-03-31,Region C,P017,150,154,0.67
2026-03-31,Region C,P018,98,104,1.44
2026-03-31,Region C,P019,125,132,1.19
2026-03-31,Region C,P020,115,120,0.7
2026-03-31,Region C,P021,114,117,1.24
2026-03-31,Region C,P022,127,134,1.8
2026-03-31,Region C,P023,106,109,0.11
2026-03-31,Region C,P024,105,112,1.7
2026-03-31,Region C,P025,119,125,1.53
2026-03-31,Region C,P026,99,105,0.75
2026-03-31,Region C,P027,135,138,0.43
2026-03-31,Region C,P028,132,135,0.09
2026-03-31,Region C,P029,114,119,1.67
2026-03-31,Region C,P030,135,137,0.78
2026-03-31,Region D,P001,142,146,0.67
2026-03-31,Region D,P002,98,101,0.86
2026-03-31,Region D,P003,107,111,1.2
2026-03-31,Region D,P004,126,132,1.13
2026-03-31,Region D,P005,87,89,0.3
2026-03-31,Region D,P006,123,129,0.36
2026-03-31,Region D,P007,153,157,0.31
2026-03-31,Region D,P008,118,120,0.52
2026-03-31,Region D,P009,121,128,1.01
2026-03-31,Region D,P010,126,132,1.31
2026-03-31,Region D,P011,124,130,1.32
2026-03-31,Region D,P012,132,134,0.0
2026-03-31,Region D,P013,103,109,1.34
2026-03-31,Region D,P014,77,80,0.26
2026-03-31,Region D,P015,86,91,2.31
2026-03-31,Region D,P016,126,128,0.0
2026-03-31,Region D,P017,124,132,1.3
2026-03-31,Region D,P018,112,117,0.49
2026-03-31,Region D,P019,97,102,1.52
2026-03-31,Region D,P020,79,82,0.55
2026-03-31,Region D,P021,85,90,1.16
2026-03-31,Region D,P022,153,157,1.18
2026-03-31,Region D,P023,87,92,1.04
2026-03-31,Region D,P024,115,117,0.0
2026-03-31,Region D,P025,117,120,0.76
2026-03-31,Region D,P026,103,110,1.5
2026-03-31,Region D,P027,106,110,0.68
2026-03-31,Region D,P028,150,154,0.53
2026-03-31,Region D,P029,147,155,1.61
2026-03-31,Region D,P030,153,159,0.76
2026-04-01,Region A,P001,134,143,1.37
2026-04-01,Region A,P002,114,117,0.11
2026-04-01,Region A,P003,149,153,1.14
2026-04-01,Region A,P004,129,136,2.42
2026-04-01,Region A,P005,100,106,1.12
2026-04-01,Region A,P006,93,96,1.22
2026-04-01,Region A,P007,117,121,1.5
2026-04-01,Region A,P008,138,146,1.68
2026-04-01,Region A,P009,86,89,0.06
2026-04-01,Region A,P010,124,126,0.43
2026-04-01,Region A,P011,105,108,0.95
2026-04-01,Region A,P012,133,139,1.8
2026-04-01,Region A,P013,91,92,0.0
2026-04-01,Region A,P014,83,88,1.25
2026-04-01,Region A,P015,91,94,0.07
2026-04-01,Region A,P016,84,88,0.66
2026-04-01,Region A,P017,99,102,0.31
2026-04-01,Region A,P018,99,101,0.72
2026-04-01,Region A,P019,91,93,0.83
2026-04-01,Region A,P020,110,113,0.37
2026-04-01,Region A,P021,118,125,1.02
2026-04-01,Region A,P022,124,129,0.94
2026-04-01,Region A,P023,146,155,1.6
2026-04-01,Region A,P024,109,115,1.79
2026-04-01,Region A,P025,94,100,1.64
2026-04-01,Region A,P026,82,86,0.54
2026-04-01,Region A,P027,80,81,0.74
2026-04-01,Region A,P028,140,144,0.0
2026-04-01,Region A,P029,137,144,1.56
2026-04-01,Region A,P030,140,145,1.22
2026-04-01,Region B,P001,75,80,1.99
2026-04-01,Region B,P002,127,133,1.11
2026-04-01,Region B,P003,124,132,2.25
2026-04-01,Region B,P004,98,101,0.89
2026-04-01,Region B,P005,126,130,0.5
2026-04-01,Region B,P006,94,96,0.18
2026-04-01,Region B,P007,146,152,0.56
2026-04-01,Region B,P008,143,151,2.07
2026-04-01,Region B,P009,110,117,0.9
2026-04-01,Region B,P010,120,127,0.07
2026-04-01,Region B,P011,86,88,0.08
2026-04-01,Region B,P012,108,113,0.84
2026-04-01,Region B,P013,132,141,1.29
2026-04-01,Region B,P014,92,97,0.94
2026-04-01,Region B,P015,109,116,1.42
2026-04-01,Region B,P016,102,108,1.42
2026-04-01,Region B,P017,114,116,0.0
2026-04-01,Region B,P018,129,137,1.58
2026-04-01,Region B,P019,147,156,1.27
2026-04-01,Region B,P020,77,81,1.27
2026-04-01,Region B,P021,121,123,0.0
2026-04-01,Region B,P022,89,95,1.82
2026-04-01,Region B,P023,132,140,1.03
2026-04-01,Region B,P024,94,96,0.43
2026-04-01,Region B,P025,132,136,0.79
2026-04-01,Region B,P026,77,80,1.07
2026-04-01,Region B,P027,122,126,0.94
2026-04-01,Region B,P028,116,120,0.41
2026-04-01,Region B,P029,128,131,0.0
2026-04-01,Region B,P030,109,116,2.0
2026-04-01,Region C,P001,130,134,0.13
2026-04-01,Region C,P002,142,151,2.67
2026-04-01,Region C,P003,145,153,1.07
2026-04-01,Region C,P004,130,136,1.16
2026-04-01,Region C,P005,78,83,1.44
2026-04-01,Region C,P006,121,127,1.94
2026-04-01,Region C,P007,75,80,1.44
2026-04-01,Region C,P008,103,105,0.67
2026-04-01,Region C,P009,132,134,0.66
2026-04-01,Region C,P010,144,149,0.88
2026-04-01,Region C,P011,119,124,0.65
2026-04-01,Region C,P012,101,106,1.35
2026-04-01,Region C,P013,78,80,0.0
2026-04-01,Region C,P014,149,154,0.91
2026-04-01,Region C,P015,76,80,1.31
2026-04-01,Region C,P016,83,88,0.79
2026-04-01,Region C,P017,111,115,0.84
2026-04-01,Region C,P018,152,158,1.18
2026-04-01,Region C,P019,81,84,0.4
2026-04-01,Region C,P020,128,133,0.88
2026-04-01,Region C,P021,88,93,0.48
2026-04-01,Region C,P022,110,112,1.05
2026-04-01,Region C,P023,80,83,0.9
2026-04-01,Region C,P024,100,105,1.91
2026-04-01,Region C,P025,130,136,1.03
2026-04-01,Region C,P026,85,90,1.45
2026-04-01,Region C,P027,120,126,1.06
2026-04-01,Region C,P028,111,115,0.62
2026-04-01,Region C,P029,137,141,0.38
2026-04-01,Region C,P030,147,152,0.86
2026-04-01,Region D,P001,127,129,0.99
2026-04-01,Region D,P002,114,120,0.0
2026-04-01,Region D,P003,89,93,1.19
2026-04-01,Region D,P004,78,80,0.88
2026-04-01,Region D,P005,145,154,2.0
2026-04-01,Region D,P006,116,123,1.08
2026-04-01,Region D,P007,84,88,0.53
2026-04-01,Region D,P008,76,81,1.89
2026-04-01,Region D,P009,82,86,0.42
2026-04-01,Region D,P010,121,128,2.24
2026-04-01,Region D,P011,149,159,1.39
2026-04-01,Region D,P012,114,119,1.69
2026-04-01,Region D,P013,88,93,0.93
2026-04-01,Region D,P014,91,95,0.71
2026-04-01,Region D,P015,132,137,1.07
2026-04-01,Region D,P016,106,111,0.44
2026-04-01,Region D,P017,106,110,1.07
2026-04-01,Region D,P018,129,136,1.73
2026-04-01,Region D,P019,123,126,0.55
2026-04-01,Region D,P020,126,129,0.11
2026-04-01,Region D,P021,104,107,1.16
2026-04-01,Region D,P022,121,124,0.49
2026-04-01,Region D,P023,88,92,0.38
2026-04-01,Region D,P024,143,146,0.0
2026-04-01,Region D,P025,94,99,0.41
2026-04-01,Region D,P026,131,137,0.84
2026-04-01,Region D,P027,109,111,0.51
2026-04-01,Region D,P028,92,98,1.7
2026-04-01,Region D,P029,103,107,0.4
2026-04-01,Region D,P030,120,124,0.31
2026-04-02,Region A,P001,119,126,1.41
2026-04-02,Region A,P002,121,125,0.47
2026-04-02,Region A,P003,85,87,0.36
2026-04-02,Region A,P004,89,92,0.0
2026-04-02,Region A,P005,79,81,0.35
2026-04-02,Region A,P006,96,100,0.29
2026-04-02,Region A,P007,127,130,0.0
2026-04-02,Region A,P008,107,110,0.01
2026-04-02,Region A,P009,94,96,0.4
2026-04-02,Region A,P010,117,119,0.25
2026-04-02,Region A,P011,78,80,0.43
2026-04-02,Region A,P012,90,94,1.1
2026-04-02,Region A,P013,95,99,0.82
2026-04-02,Region A,P014,113,117,1.72
2026-04-02,Region A,P015,115,118,0.63
2026-04-02,Region A,P016,83,87,1.09
2026-04-02,Region A,P017,99,101,0.0
2026-04-02,Region A,P018,127,133,1.8
2026-04-02,Region A,P019,101,103,0.0
2026-04-02,Region A,P020,147,155,1.99
2026-04-02,Region A,P021,130,137,1.52
2026-04-02,Region A,P022,104,110,1.67
2026-04-02,Region A,P023,91,93,0.19
2026-04-02,Region A,P024,91,93,0.16
2026-04-02,Region A,P025,147,151,1.33
2026-04-02,Region A,P026,112,118,1.49
2026-04-02,Region A,P027,143,146,0.0
2026-04-02,Region A,P028,93,99,1.05
2026-04-02,Region A,P029,96,100,0.93
2026-04-02,Region A,P030,99,102,0.3
2026-04-02,Region B,P001,84,88,0.79
2026-04-02,Region B,P002,80,84,1.74
2026-04-02,Region B,P003,104,106,0.0
2026-04-02,Region B,P004,130,134,0.79
2026-04-02,Region B,P005,83,85,0.0
2026-04-02,Region B,P006,117,121,1.03
2026-04-02,Region B,P007,86,92,2.28
2026-04-02,Region B,P008,139,146,0.78
2026-04-02,Region B,P009,137,144,0.83
2026-04-02,Region B,P010,138,144,1.63
2026-04-02,Region B,P011,81,83,0.46
2026-04-02,Region B,P012,105,110,1.8
2026-04-02,Region B,P013,83,85,0.39
2026-04-02,Region B,P014,88,90,0.46
2026-04-02,Region B,P015,144,148,0.67
2026-04-02,Region B,P016,141,144,1.24
2026-04-02,Region B,P017,106,111,0.76
2026-04-02,Region B,P018,84,90,1.97
2026-04-02,Region B,P019,144,147,0.0
2026-04-02,Region B,P020,152,155,0.7
2026-04-02,Region B,P021,129,136,1.54
2026-04-02,Region B,P022,81,85,1.27
2026-04-02,Region B,P023,79,82,1.43
2026-04-02,Region B,P024,116,119,0.52
2026-04-02,Region B,P025,129,131,0.67
2026-04-02,Region B,P026,111,115,0.83
2026-04-02,Region B,P027,130,139,1.32
2026-04-02,Region B,P028,83,84,0.68
2026-04-02,Region B,P029,91,96,0.53
2026-04-02,Region B,P030,80,84,0.54
2026-04-02,Region C,P001,142,144,0.94
2026-04-02,Region C,P002,116,122,1.53
2026-04-02,Region C,P003,89,92,0.84
2026-04-02,Region C,P004,117,121,1.13
2026-04-02,Region C,P005,132,135,0.0
2026-04-02,Region C,P006,156,158,0.39
2026-04-02,Region C,P007,84,88,0.12
2026-04-02,Region C,P008,117,125,2.03
2026-04-02,Region C,P009,133,142,1.38
2026-04-02,Region C,P010,106,113,1.72
2026-04-02,Region C,P011,113,119,1.7
2026-04-02,Region C,P012,82,84,0.92
2026-04-02,Region C,P013,143,148,1.13
2026-04-02,Region C,P014,93,97,1.54
2026-04-02,Region C,P015,101,107,1.52
2026-04-02,Region C,P016,89,93,0.48
2026-04-02,Region C,P017,123,125,0.76
2026-04-02,Region C,P018,83,87,1.45
2026-04-02,Region C,P019,109,112,1.56
2026-04-02,Region C,P020,86,89,0.43
2026-04-02,Region C,P021,89,94,1.0
2026-04-02,Region C,P022,152,156,1.24
2026-04-02,Region C,P023,148,158,1.69
2026-04-02,Region C,P024,151,156,0.36
2026-04-02,Region C,P025,140,147,0.46
2026-04-02,Region C,P026,148,156,1.49
2026-04-02,Region C,P027,119,125,0.8
2026-04-02,Region C,P028,106,113,1.34
2026-04-02,Region C,P029,136,140,0.89
2026-04-02,Region C,P030,96,98,0.6
2026-04-02,Region D,P001,141,146,1.07
2026-04-02,Region D,P002,140,149,1.3
2026-04-02,Region D,P003,82,88,1.74
2026-04-02,Region D,P004,93,96,1.13
2026-04-02,Region D,P005,124,130,0.79
2026-04-02,Region D,P006,122,124,0.85
2026-04-02,Region D,P007,147,155,0.8
2026-04-02,Region D,P008,138,145,0.64
2026-04-02,Region D,P009,122,127,0.63
2026-04-02,Region D,P010,117,124,1.71
2026-04-02,Region D,P011,105,109,0.79
2026-04-02,Region D,P012,121,129,1.7
2026-04-02,Region D,P013,100,102,0.0
2026-04-02,Region D,P014,81,83,0.54
2026-04-02,Region D,P015,135,138,0.0
2026-04-02,Region D,P016,89,93,1.76
2026-04-02,Region D,P017,97,99,0.28
2026-04-02,Region D,P018,95,98,0.6
2026-04-02,Region D,P019,105,107,0.0
2026-04-02,Region D,P020,88,92,1.04
2026-04-02,Region D,P021,134,138,1.19
2026-04-02,Region D,P022,110,114,1.05
2026-04-02,Region D,P023,137,140,0.51
2026-04-02,Region D,P024,79,82,0.4
2026-04-02,Region D,P025,113,120,1.17
2026-04-02,Region D,P026,95,100,1.38
2026-04-02,Region D,P027,145,153,0.81
2026-04-02,Region D,P028,111,113,0.85
2026-04-02,Region D,P029,98,104,0.66
2026-04-02,Region D,P030,141,143,0.94
2026-04-03,Region A,P001,111,113,1.13
2026-04-03,Region A,P002,142,147,0.83
2026-04-03,Region A,P003,146,155,1.61
2026-04-03,Region A,P004,111,114,0.87
2026-04-03,Region A,P005,113,116,0.59
2026-04-03,Region A,P006,95,97,0.54
2026-04-03,Region A,P007,154,158,0.92
2026-04-03,Region A,P008,140,146,1.17
2026-04-03,Region A,P009,88,92,0.16
2026-04-03,Region A,P010,134,138,1.22
2026-04-03,Region A,P011,96,100,1.01
2026-04-03,Region A,P012,110,112,0.0
2026-04-03,Region A,P013,131,138,1.29
2026-04-03,Region A,P014,128,137,1.56
2026-04-03,Region A,P015,85,91,1.2
2026-04-03,Region A,P016,133,142,1.27
2026-04-03,Region A,P017,144,146,0.49
2026-04-03,Region A,P018,140,143,0.76
2026-04-03,Region A,P019,150,154,0.59
2026-04-03,Region A,P020,86,88,0.27
2026-04-03,Region A,P021,103,105,0.58
2026-04-03,Region A,P022,141,149,1.29
2026-04-03,Region A,P023,90,95,1.0
2026-04-03,Region A,P024,132,140,1.24
2026-04-03,Region A,P025,85,89,0.2
2026-04-03,Region A,P026,103,107,0.68
2026-04-03,Region A,P027,147,150,1.07
2026-04-03,Region A,P028,109,112,1.72
2026-04-03,Region A,P029,125,129,1.1
2026-04-03,Region A,P030,142,150,1.08
2026-04-03,Region B,P001,108,111,0.43
2026-04-03,Region B,P002,135,140,0.65
2026-04-03,Region B,P003,117,124,2.01
2026-04-03,Region B,P004,95,100,1.18
2026-04-03,Region B,P005,97,99,0.19
2026-04-03,Region B,P006,130,133,0.0
2026-04-03,Region B,P007,103,106,0.03
2026-04-03,Region B,P008,118,123,1.99
2026-04-03,Region B,P009,142,147,0.5
2026-04-03,Region B,P010,108,113,1.41
2026-04-03,Region B,P011,103,107,0.84
2026-04-03,Region B,P012,81,83,0.22
2026-04-03,Region B,P013,134,140,0.84
2026-04-03,Region B,P014,108,114,1.14
2026-04-03,Region B,P015,107,110,1.06
2026-04-03,Region B,P016,91,93,0.0
2026-04-03,Region B,P017,77,82,1.28
2026-04-03,Region B,P018,117,120,0.28
2026-04-03,Region B,P019,103,105,0.12
2026-04-03,Region B,P020,84,89,1.67
2026-04-03,Region B,P021,81,85,0.47
2026-04-03,Region B,P022,152,158,0.59
2026-04-03,Region B,P023,101,108,0.16
2026-04-03,Region B,P024,132,138,0.66
2026-04-03,Region B,P025,90,95,0.04
2026-04-03,Region B,P026,84,86,0.12
2026-04-03,Region B,P027,92,94,0.0
2026-04-03,Region B,P028,147,157,0.63
2026-04-03,Region B,P029,127,134,1.2
2026-04-03,Region B,P030,96,98,0.43
2026-04-03,Region C,P001,147,156,1.46
2026-04-03,Region C,P002,147,151,0.0
2026-04-03,Region C,P003,127,130,1.18
2026-04-03,Region C,P004,136,142,0.41
2026-04-03,Region C,P005,98,102,0.86
2026-04-03,Region C,P006,144,154,1.05
2026-04-03,Region C,P007,124,126,0.0
2026-04-03,Region C,P008,91,96,0.71
2026-04-03,Region C,P009,133,136,1.42
2026-04-03,Region C,P010,110,116,1.73
2026-04-03,Region C,P011,92,97,1.02
2026-04-03,Region C,P012,148,155,1.29
2026-04-03,Region C,P013,139,142,0.73
2026-04-03,Region C,P014,98,101,1.55
2026-04-03,Region C,P015,87,92,0.82
2026-04-03,Region C,P016,77,81,0.24
2026-04-03,Region C,P017,149,158,1.41
2026-04-03,Region C,P018,145,151,0.29
2026-04-03,Region C,P019,104,109,2.14
2026-04-03,Region C,P020,140,143,0.76
2026-04-03,Region C,P021,109,114,1.1
2026-04-03,Region C,P022,120,122,0.08
2026-04-03,Region C,P023,83,86,0.0
2026-04-03,Region C,P024,142,146,0.93
2026-04-03,Region C,P025,100,107,0.82
2026-04-03,Region C,P026,127,129,0.0
2026-04-03,Region C,P027,152,159,1.05
2026-04-03,Region C,P028,154,156,0.84
2026-04-03,Region C,P029,114,116,0.52
2026-04-03,Region C,P030,138,144,0.38
2026-04-03,Region D,P001,78,80,0.39
2026-04-03,Region D,P002,82,88,2.18
2026-04-03,Region D,P003,152,157,1.0
2026-04-03,Region D,P004,155,158,0.01
2026-04-03,Region D,P005,110,117,2.58
2026-04-03,Region D,P006,98,101,0.31
2026-04-03,Region D,P007,104,110,1.73
2026-04-03,Region D,P008,133,142,1.36
2026-04-03,Region D,P009,94,97,0.35
2026-04-03,Region D,P010,155,159,0.18
2026-04-03,Region D,P011,142,147,0.0
2026-04-03,Region D,P012,154,159,0.51
2026-04-03,Region D,P013,132,139,0.91
2026-04-03,Region D,P014,86,92,0.72
2026-04-03,Region D,P015,113,117,0.27
2026-04-03,Region D,P016,142,144,1.07
2026-04-03,Region D,P017,84,87,0.57
2026-04-03,Region D,P018,148,151,0.7
2026-04-03,Region D,P019,116,120,0.92
2026-04-03,Region D,P020,138,141,0.53
2026-04-03,Region D,P021,131,134,1.21
2026-04-03,Region D,P022,144,153,1.32
2026-04-03,Region D,P023,130,139,1.47
2026-04-03,Region D,P024,106,112,1.4
2026-04-03,Region D,P025,149,155,1.26
2026-04-03,Region D,P026,141,149,1.1
2026-04-03,Region D,P027,148,151,0.1
2026-04-03,Region D,P028,101,104,0.68
2026-04-03,Region D,P029,79,82,0.31
2026-04-03,Region D,P030,75,80,0.65
2026-04-04,Region A,P001,95,99,0.7
2026-04-04,Region A,P002,103,109,0.34
2026-04-04,Region A,P003,99,101,0.08
2026-04-04,Region A,P004,118,125,0.59
2026-04-04,Region A,P005,112,115,0.58
2026-04-04,Region A,P006,94,96,0.17
2026-04-04,Region A,P007,94,99,0.0
2026-04-04,Region A,P008,95,100,0.52
2026-04-04,Region A,P009,94,99,0.02
2026-04-04,Region A,P010,98,100,1.05
2026-04-04,Region A,P011,81,84,1.24
2026-04-04,Region A,P012,128,131,0.3
2026-04-04,Region A,P013,154,158,0.0
2026-04-04,Region A,P014,84,89,0.67
2026-04-04,Region A,P015,103,110,1.35
2026-04-04,Region A,P016,98,101,1.15
2026-04-04,Region A,P017,102,109,1.7
2026-04-04,Region A,P018,143,147,1.05
2026-04-04,Region A,P019,135,144,0.47
2026-04-04,Region A,P020,100,107,1.39
2026-04-04,Region A,P021,86,90,2.09
2026-04-04,Region A,P022,146,154,0.68
2026-04-04,Region A,P023,126,135,1.19
2026-04-04,Region A,P024,121,129,1.15
2026-04-04,Region A,P025,130,135,0.31
2026-04-04,Region A,P026,122,125,0.8
2026-04-04,Region A,P027,93,95,0.0
2026-04-04,Region A,P028,149,156,1.32
2026-04-04,Region A,P029,149,156,1.27
2026-04-04,Region A,P030,154,159,0.46
2026-04-04,Region B,P001,129,137,0.95
2026-04-04,Region B,P002,111,113,0.0
2026-04-04,Region B,P003,108,112,0.69
2026-04-04,Region B,P004,88,90,0.58
2026-04-04,Region B,P005,139,144,1.3
2026-04-04,Region B,P006,90,93,1.61
2026-04-04,Region B,P007,149,157,0.64
2026-04-04,Region B,P008,80,84,1.69
2026-04-04,Region B,P009,98,100,0.67
2026-04-04,Region B,P010,98,100,0.44
2026-04-04,Region B,P011,109,116,1.62
2026-04-04,Region B,P012,107,110,1.15
2026-04-04,Region B,P013,152,157,0.92
2026-04-04,Region B,P014,122,124,0.0
2026-04-04,Region B,P015,102,107,0.65
2026-04-04,Region B,P016,135,142,0.54
2026-04-04,Region B,P017,97,101,0.86
2026-04-04,Region B,P018,101,103,1.44
2026-04-04,Region B,P019,115,118,0.0
2026-04-04,Region B,P020,80,84,1.37
2026-04-04,Region B,P021,109,113,0.92
2026-04-04,Region B,P022,115,123,1.6
2026-04-04,Region B,P023,79,81,0.78
2026-04-04,Region B,P024,137,142,0.33
2026-04-04,Region B,P025,87,92,1.21
2026-04-04,Region B,P026,135,140,1.4
2026-04-04,Region B,P027,156,159,0.02
2026-04-04,Region B,P028,132,137,0.45
2026-04-04,Region B,P029,93,97,0.89
2026-04-04,Region B,P030,78,80,0.78
2026-04-04,Region C,P001,100,106,0.76
2026-04-04,Region C,P002,122,129,1.32
2026-04-04,Region C,P003,140,146,0.64
2026-04-04,Region C,P004,108,115,0.31
2026-04-04,Region C,P005,76,81,2.04
2026-04-04,Region C,P006,104,110,2.0
2026-04-04,Region C,P007,129,135,0.96
2026-04-04,Region C,P008,88,90,0.38
2026-04-04,Region C,P009,115,121,1.63
2026-04-04,Region C,P010,137,142,1.26
2026-04-04,Region C,P011,131,135,1.07
2026-04-04,Region C,P012,154,159,0.23
2026-04-04,Region C,P013,92,94,0.87
2026-04-04,Region C,P014,81,85,1.18
2026-04-04,Region C,P015,97,100,0.34
2026-04-04,Region C,P016,100,106,1.31
2026-04-04,Region C,P017,148,157,1.29
2026-04-04,Region C,P018,96,101,1.17
2026-04-04,Region C,P019,99,105,0.11
2026-04-04,Region C,P020,133,137,0.31
2026-04-04,Region C,P021,120,128,1.32
2026-04-04,Region C,P022,120,128,1.5
2026-04-04,Region C,P023,134,143,1.54
2026-04-04,Region C,P024,136,142,0.27
2026-04-04,Region C,P025,144,152,2.15
2026-04-04,Region C,P026,142,148,0.87
2026-04-04,Region C,P027,86,90,0.41
2026-04-04,Region C,P028,101,108,0.91
2026-04-04,Region C,P029,116,120,0.14
2026-04-04,Region C,P030,139,148,1.44
2026-04-04,Region D,P001,135,139,0.17
2026-04-04,Region D,P002,96,102,1.86
2026-04-04,Region D,P003,136,141,0.32
2026-04-04,Region D,P004,144,151,2.02
2026-04-04,Region D,P005,118,123,1.05
2026-04-04,Region D,P006,94,97,0.6
2026-04-04,Region D,P007,82,84,0.72
2026-04-04,Region D,P008,82,84,0.56
2026-04-04,Region D,P009,145,148,0.81
2026-04-04,Region D,P010,143,146,0.2
2026-04-04,Region D,P011,128,136,1.56
2026-04-04,Region D,P012,94,96,0.0
2026-04-04,Region D,P013,111,113,0.0
2026-04-04,Region D,P014,148,152,0.0
2026-04-04,Region D,P015,124,129,0.71
2026-04-04,Region D,P016,84,86,0.7
2026-04-04,Region D,P017,112,115,0.0
2026-04-04,Region D,P018,119,123,0.92
2026-04-04,Region D,P019,139,144,1.71
2026-04-04,Region D,P020,82,86,0.96
2026-04-04,Region D,P021,145,153,1.83
2026-04-04,Region D,P022,94,99,0.82
2026-04-04,Region D,P023,130,136,0.76
2026-04-04,Region D,P024,115,118,1.28
2026-04-04,Region D,P025,144,147,0.65
2026-04-04,Region D,P026,85,89,0.37
2026-04-04,Region D,P027,132,138,1.34
2026-04-04,Region D,P028,135,138,1.4
2026-04-04,Region D,P029,112,117,0.96
2026-04-04,Region D,P030,96,101,0.48
2026-04-05,Region A,P001,125,132,0.55
2026-04-05,Region A,P002,78,82,1.11
2026-04-05,Region A,P003,90,94,1.63
2026-04-05,Region A,P004,127,129,0.27
2026-04-05,Region A,P005,87,91,1.01
2026-04-05,Region A,P006,94,98,1.14
2026-04-05,Region A,P007,136,144,2.17
2026-04-05,Region A,P008,137,144,1.62
2026-04-05,Region A,P009,138,141,0.89
2026-04-05,Region A,P010,118,125,0.34
2026-04-05,Region A,P011,126,134,1.92
2026-04-05,Region A,P012,132,140,1.67
2026-04-05,Region A,P013,107,114,0.92
2026-04-05,Region A,P014,106,113,0.78
2026-04-05,Region A,P015,130,135,2.01
2026-04-05,Region A,P016,134,139,0.14
2026-04-05,Region A,P017,118,123,1.21
2026-04-05,Region A,P018,110,113,0.7
2026-04-05,Region A,P019,142,150,1.45
2026-04-05,Region A,P020,146,152,1.16
2026-04-05,Region A,P021,133,136,0.78
2026-04-05,Region A,P022,143,147,0.68
2026-04-05,Region A,P023,132,141,1.97
2026-04-05,Region A,P024,147,152,0.35
2026-04-05,Region A,P025,123,131,1.64
2026-04-05,Region A,P026,129,136,1.4
2026-04-05,Region A,P027,100,102,0.94
2026-04-05,Region A,P028,125,127,0.87
2026-04-05,Region A,P029,82,86,1.3
2026-04-05,Region A,P030,106,111,1.21
2026-04-05,Region B,P001,151,153,0.04
2026-04-05,Region B,P002,92,96,0.31
2026-04-05,Region B,P003,142,144,0.0
2026-04-05,Region B,P004,100,104,1.35
2026-04-05,Region B,P005,136,144,0.79
2026-04-05,Region B,P006,131,138,0.62
2026-04-05,Region B,P007,144,149,0.2
2026-04-05,Region B,P008,126,131,1.84
2026-04-05,Region B,P009,136,139,0.72
2026-04-05,Region B,P010,156,158,0.35
2026-04-05,Region B,P011,82,86,0.61
2026-04-05,Region B,P012,106,109,0.71
2026-04-05,Region B,P013,89,92,0.63
2026-04-05,Region B,P014,88,92,0.74
2026-04-05,Region B,P015,130,136,1.13
2026-04-05,Region B,P016,123,125,0.56
2026-04-05,Region B,P017,80,84,1.52
2026-04-05,Region B,P018,79,82,0.0
2026-04-05,Region B,P019,79,81,0.64
2026-04-05,Region B,P020,92,97,1.03
2026-04-05,Region B,P021,111,117,1.78
2026-04-05,Region B,P022,99,104,0.49
2026-04-05,Region B,P023,104,107,0.51
2026-04-05,Region B,P024,126,131,0.83
2026-04-05,Region B,P025,93,99,1.3
2026-04-05,Region B,P026,81,86,0.93
2026-04-05,Region B,P027,127,129,0.0
2026-04-05,Region B,P028,139,145,1.33
2026-04-05,Region B,P029,129,134,0.85
2026-04-05,Region B,P030,93,95,1.03
2026-04-05,Region C,P001,147,151,0.06
2026-04-05,Region C,P002,77,81,1.43
2026-04-05,Region C,P003,93,95,0.65
2026-04-05,Region C,P004,84,88,0.77
2026-04-05,Region C,P005,113,117,0.6
2026-04-05,Region C,P006,134,138,0.47
2026-04-05,Region C,P007,92,94,0.61
2026-04-05,Region C,P008,123,127,1.04
2026-04-05,Region C,P009,102,106,0.09
2026-04-05,Region C,P010,85,90,0.71
2026-04-05,Region C,P011,102,104,0.0
2026-04-05,Region C,P012,139,144,0.74
2026-04-05,Region C,P013,150,154,1.58
2026-04-05,Region C,P014,117,120,0.6
2026-04-05,Region C,P015,120,125,0.92
2026-04-05,Region C,P016,105,109,1.02
2026-04-05,Region C,P017,100,105,1.51
2026-04-05,Region C,P018,109,112,0.87
2026-04-05,Region C,P019,89,91,0.38
2026-04-05,Region C,P020,114,117,0.0
2026-04-05,Region C,P021,149,152,0.0
2026-04-05,Region C,P022,95,101,1.39
2026-04-05,Region C,P023,128,131,0.25
2026-04-05,Region C,P024,79,82,0.0
2026-04-05,Region C,P025,150,157,1.21
2026-04-05,Region C,P026,94,99,0.92
2026-04-05,Region C,P027,109,114,0.94
2026-04-05,Region C,P028,133,140,1.52
2026-04-05,Region C,P029,94,100,0.94
2026-04-05,Region C,P030,78,81,0.66
2026-04-05,Region D,P001,130,137,2.14
2026-04-05,Region D,P002,96,102,1.77
2026-04-05,Region D,P003,76,80,0.98
2026-04-05,Region D,P004,84,89,1.7
2026-04-05,Region D,P005,124,129,0.0
2026-04-05,Region D,P006,113,115,0.31
2026-04-05,Region D,P007,93,99,0.96
2026-04-05,Region D,P008,92,98,2.19
2026-04-05,Region D,P009,98,100,0.93
2026-04-05,Region D,P010,87,89,0.0
2026-04-05,Region D,P011,76,81,0.96
2026-04-05,Region D,P012,140,143,0.03
2026-04-05,Region D,P013,101,107,1.35
2026-04-05,Region D,P014,95,101,1.85
2026-04-05,Region D,P015,140,145,0.13
2026-04-05,Region D,P016,122,129,1.32
2026-04-05,Region D,P017,121,126,1.16
2026-04-05,Region D,P018,92,96,0.28
2026-04-05,Region D,P019,111,116,1.14
2026-04-05,Region D,P020,151,157,1.03
2026-04-05,Region D,P021,104,108,0.82
2026-04-05,Region D,P022,123,130,1.98
2026-04-05,Region D,P023,118,121,0.33
2026-04-05,Region D,P024,119,126,1.67
2026-04-05,Region D,P025,119,125,0.6
2026-04-05,Region D,P026,132,137,1.0
2026-04-05,Region D,P027,83,86,1.09
2026-04-05,Region D,P028,140,145,0.04
2026-04-05,Region D,P029,144,148,0.89
2026-04-05,Region D,P030,101,104,0.56
2026-04-06,Region A,P001,112,115,1.46
2026-04-06,Region A,P002,143,146,0.58
2026-04-06,Region A,P003,85,86,0.03
2026-04-06,Region A,P004,90,94,1.97
2026-04-06,Region A,P005,116,120,0.56
2026-04-06,Region A,P006,130,138,1.49
2026-04-06,Region A,P007,86,88,0.0
2026-04-06,Region A,P008,87,91,0.93
2026-04-06,Region A,P009,134,141,0.92
2026-04-06,Region A,P010,90,95,1.94
2026-04-06,Region A,P011,126,132,0.87
2026-04-06,Region A,P012,81,83,0.35
2026-04-06,Region A,P013,120,126,1.9
2026-04-06,Region A,P014,124,126,0.41
2026-04-06,Region A,P015,113,115,1.16
2026-04-06,Region A,P016,134,139,1.22
2026-04-06,Region A,P017,90,95,1.37
2026-04-06,Region A,P018,114,118,0.46
2026-04-06,Region A,P019,90,96,0.92
2026-04-06,Region A,P020,135,137,0.0
2026-04-06,Region A,P021,77,81,0.47
2026-04-06,Region A,P022,89,94,0.57
2026-04-06,Region A,P023,99,103,0.31
2026-04-06,Region A,P024,78,81,0.54
2026-04-06,Region A,P025,123,127,0.8
2026-04-06,Region A,P026,93,97,0.6
2026-04-06,Region A,P027,89,94,1.26
2026-04-06,Region A,P028,132,140,0.77
2026-04-06,Region A,P029,137,142,0.72
2026-04-06,Region A,P030,135,138,1.14
2026-04-06,Region B,P001,135,142,0.38
2026-04-06,Region B,P002,89,94,0.9
2026-04-06,Region B,P003,148,154,0.41
2026-04-06,Region B,P004,131,139,0.0
2026-04-06,Region B,P005,90,94,0.8
2026-04-06,Region B,P006,133,139,1.15
2026-04-06,Region B,P007,116,119,0.03
2026-04-06,Region B,P008,143,152,1.72
2026-04-06,Region B,P009,124,131,1.17
2026-04-06,Region B,P010,126,129,0.55
2026-04-06,Region B,P011,106,113,1.07
2026-04-06,Region B,P012,106,108,0.0
2026-04-06,Region B,P013,81,86,0.44
2026-04-06,Region B,P014,87,92,1.23
2026-04-06,Region B,P015,139,145,0.07
2026-04-06,Region B,P016,125,127,0.69
2026-04-06,Region B,P017,142,150,1.69
2026-04-06,Region B,P018,84,89,1.46
2026-04-06,Region B,P019,123,129,0.46
2026-04-06,Region B,P020,107,111,0.35
2026-04-06,Region B,P021,152,159,1.35
2026-04-06,Region B,P022,126,132,0.77
2026-04-06,Region B,P023,147,153,0.78
2026-04-06,Region B,P024,86,92,1.81
2026-04-06,Region B,P025,110,116,1.07
2026-04-06,Region B,P026,88,92,0.13
2026-04-06,Region B,P027,86,91,1.84
2026-04-06,Region B,P028,135,137,0.0
2026-04-06,Region B,P029,132,137,0.5
2026-04-06,Region B,P030,139,148,0.21
2026-04-06,Region C,P001,127,134,0.44
2026-04-06,Region C,P002,145,152,0.78
2026-04-06,Region C,P003,139,142,1.53
2026-04-06,Region C,P004,151,154,0.0
2026-04-06,Region C,P005,142,146,0.31
2026-04-06,Region C,P006,126,130,0.67
2026-04-06,Region C,P007,154,159,0.77
2026-04-06,Region C,P008,106,110,0.0
2026-04-06,Region C,P009,145,151,0.0
2026-04-06,Region C,P010,124,128,0.61
2026-04-06,Region C,P011,121,123,0.41
2026-04-06,Region C,P012,123,125,0.39
2026-04-06,Region C,P013,152,155,0.68
2026-04-06,Region C,P014,110,116,1.12
2026-04-06,Region C,P015,124,128,0.32
2026-04-06,Region C,P016,113,118,1.14
2026-04-06,Region C,P017,103,105,0.0
2026-04-06,Region C,P018,148,151,0.0
2026-04-06,Region C,P019,135,138,0.0
2026-04-06,Region C,P020,129,137,0.74
2026-04-06,Region C,P021,97,101,0.35
2026-04-06,Region C,P022,109,112,0.44
2026-04-06,Region C,P023,97,103,1.73
2026-04-06,Region C,P024,117,125,1.89
2026-04-06,Region C,P025,117,124,1.3
2026-04-06,Region C,P026,117,119,0.0
2026-04-06,Region C,P027,149,155,1.18
2026-04-06,Region C,P028,118,125,0.98
2026-04-06,Region C,P029,138,147,1.57
2026-04-06,Region C,P030,137,143,0.93
2026-04-06,Region D,P001,112,115,0.55
2026-04-06,Region D,P002,102,106,1.11
2026-04-06,Region D,P003,99,103,1.05
2026-04-06,Region D,P004,117,121,0.77
2026-04-06,Region D,P005,117,124,1.1
2026-04-06,Region D,P006,101,106,1.33
2026-04-06,Region D,P007,83,88,0.85
2026-04-06,Region D,P008,89,93,1.38
2026-04-06,Region D,P009,115,122,0.98
2026-04-06,Region D,P010,144,151,1.47
2026-04-06,Region D,P011,89,95,0.71
2026-04-06,Region D,P012,148,152,0.66
2026-04-06,Region D,P013,108,113,0.51
2026-04-06,Region D,P014,127,134,1.28
2026-04-06,Region D,P015,115,118,1.25
2026-04-06,Region D,P016,131,137,1.36
2026-04-06,Region D,P017,107,109,0.07
2026-04-06,Region D,P018,134,140,0.46
2026-04-06,Region D,P019,153,155,0.0
2026-04-06,Region D,P020,132,139,0.55
2026-04-06,Region D,P021,115,122,0.98
2026-04-06,Region D,P022,89,95,1.46
2026-04-06,Region D,P023,125,129,0.56
2026-04-06,Region D,P024,150,155,0.35
2026-04-06,Region D,P025,155,159,0.9
2026-04-06,Region D,P026,117,123,0.82
2026-04-06,Region D,P027,102,108,1.1
2026-04-06,Region D,P028,138,146,1.22
2026-04-06,Region D,P029,113,120,0.93
2026-04-06,Region D,P030,93,99,1.32
2026-04-07,Region A,P001,120,122,1.43
2026-04-07,Region A,P002,125,132,1.05
2026-04-07,Region A,P003,101,103,0.0
2026-04-07,Region A,P004,87,91,0.63
2026-04-07,Region A,P005,113,120,1.37
2026-04-07,Region A,P006,127,131,0.56
2026-04-07,Region A,P007,136,144,1.2
2026-04-07,Region A,P008,118,125,1.16
2026-04-07,Region A,P009,112,118,1.1
2026-04-07,Region A,P010,75,80,0.95
2026-04-07,Region A,P011,146,153,0.82
2026-04-07,Region A,P012,82,87,1.27
2026-04-07,Region A,P013,143,149,1.06
2026-04-07,Region A,P014,93,98,0.2
2026-04-07,Region A,P015,78,81,0.66
2026-04-07,Region A,P016,78,81,0.52
2026-04-07,Region A,P017,126,129,0.67
2026-04-07,Region A,P018,120,126,0.88
2026-04-07,Region A,P019,122,126,0.62
2026-04-07,Region A,P020,120,126,0.58
2026-04-07,Region A,P021,130,138,1.22
2026-04-07,Region A,P022,111,113,0.25
2026-04-07,Region A,P023,147,153,1.09
2026-04-07,Region A,P024,152,156,0.75
2026-04-07,Region A,P025,83,88,1.27
2026-04-07,Region A,P026,86,91,1.59
2026-04-07,Region A,P027,109,114,1.19
2026-04-07,Region A,P028,96,102,1.18
2026-04-07,Region A,P029,126,133,0.75
2026-04-07,Region A,P030,108,113,0.92
2026-04-07,Region B,P001,141,145,1.25
2026-04-07,Region B,P002,84,85,0.97
2026-04-07,Region B,P003,137,139,0.01
2026-04-07,Region B,P004,94,98,1.27
2026-04-07,Region B,P005,128,135,1.28
2026-04-07,Region B,P006,136,140,1.95
2026-04-07,Region B,P007,104,108,0.9
2026-04-07,Region B,P008,123,129,1.97
2026-04-07,Region B,P009,145,150,0.33
2026-04-07,Region B,P010,147,153,1.17
2026-04-07,Region B,P011,87,91,0.54
2026-04-07,Region B,P012,133,137,1.19
2026-04-07,Region B,P013,103,106,0.31
2026-04-07,Region B,P014,135,143,1.51
2026-04-07,Region B,P015,136,144,1.56
2026-04-07,Region B,P016,111,118,0.68
2026-04-07,Region B,P017,107,113,1.14
2026-04-07,Region B,P018,98,100,0.0
2026-04-07,Region B,P019,87,93,1.93
2026-04-07,Region B,P020,87,93,1.97
2026-04-07,Region B,P021,129,133,0.3
2026-04-07,Region B,P022,115,121,1.7
2026-04-07,Region B,P023,83,87,1.33
2026-04-07,Region B,P024,133,138,0.47
2026-04-07,Region B,P025,99,102,0.81
2026-04-07,Region B,P026,129,131,0.0
2026-04-07,Region B,P027,147,155,0.2
2026-04-07,Region B,P028,145,154,1.38
2026-04-07,Region B,P029,80,84,1.41
2026-04-07,Region B,P030,153,158,1.13
2026-04-07,Region C,P001,90,94,0.68
2026-04-07,Region C,P002,148,155,1.48
2026-04-07,Region C,P003,97,103,2.09
2026-04-07,Region C,P004,99,103,0.18
2026-04-07,Region C,P005,90,94,1.23
2026-04-07,Region C,P006,150,154,0.21
2026-04-07,Region C,P007,86,91,0.55
2026-04-07,Region C,P008,87,93,1.68
2026-04-07,Region C,P009,139,147,2.15
2026-04-07,Region C,P010,147,157,1.99
2026-04-07,Region C,P011,123,126,0.59
2026-04-07,Region C,P012,103,106,1.48
2026-04-07,Region C,P013,146,150,1.2
2026-04-07,Region C,P014,79,84,1.67
2026-04-07,Region C,P015,136,141,0.51
2026-04-07,Region C,P016,120,125,0.92
2026-04-07,Region C,P017,124,128,0.54
2026-04-07,Region C,P018,117,122,0.89
2026-04-07,Region C,P019,98,102,0.84
2026-04-07,Region C,P020,122,127,1.39
2026-04-07,Region C,P021,148,152,0.68
2026-04-07,Region C,P022,95,101,0.89
2026-04-07,Region C,P023,113,119,0.95
2026-04-07,Region C,P024,123,126,1.48
2026-04-07,Region C,P025,82,85,0.0
2026-04-07,Region C,P026,97,101,0.85
2026-04-07,Region C,P027,136,145,2.14
2026-04-07,Region C,P028,86,89,0.77
2026-04-07,Region C,P029,109,115,0.77
2026-04-07,Region C,P030,129,132,0.0
2026-04-07,Region D,P001,89,92,0.79
2026-04-07,Region D,P002,140,147,0.78
2026-04-07,Region D,P003,142,149,1.19
2026-04-07,Region D,P004,85,88,1.24
2026-04-07,Region D,P005,145,151,0.54
2026-04-07,Region D,P006,93,99,0.07
2026-04-07,Region D,P007,93,95,2.29
2026-04-07,Region D,P008,154,159,0.55
2026-04-07,Region D,P009,103,107,0.15
2026-04-07,Region D,P010,142,148,0.0
2026-04-07,Region D,P011,119,124,1.31
2026-04-07,Region D,P012,109,113,0.81
2026-04-07,Region D,P013,98,101,0.72
2026-04-07,Region D,P014,106,111,1.65
2026-04-07,Region D,P015,96,100,1.59
2026-04-07,Region D,P016,98,101,0.91
2026-04-07,Region D,P017,100,103,0.0
2026-04-07,Region D,P018,77,82,1.45
2026-04-07,Region D,P019,104,111,1.48
2026-04-07,Region D,P020,148,151,0.47
2026-04-07,Region D,P021,89,95,1.41
2026-04-07,Region D,P022,115,117,0.65
2026-04-07,Region D,P023,83,89,1.43
2026-04-07,Region D,P024,108,112,0.0
2026-04-07,Region D,P025,113,118,0.98
2026-04-07,Region D,P026,144,153,0.98
2026-04-07,Region D,P027,108,110,0.09
2026-04-07,Region D,P028,115,118,0.75
2026-04-07,Region D,P029,134,136,0.53
2026-04-07,Region D,P030,111,114,0.18
2026-04-08,Region A,P001,132,140,1.7
2026-04-08,Region A,P002,100,106,1.14
2026-04-08,Region A,P003,104,109,1.21
2026-04-08,Region A,P004,130,135,0.42
2026-04-08,Region A,P005,151,155,0.88
2026-04-08,Region A,P006,119,121,0.02
2026-04-08,Region A,P007,150,159,1.98
2026-04-08,Region A,P008,123,126,0.63
2026-04-08,Region A,P009,120,125,1.45
2026-04-08,Region A,P010,116,120,0.23
2026-04-08,Region A,P011,124,128,0.33
2026-04-08,Region A,P012,121,128,2.0
2026-04-08,Region A,P013,156,159,0.0
2026-04-08,Region A,P014,109,114,1.23
2026-04-08,Region A,P015,113,115,0.0
2026-04-08,Region A,P016,79,83,0.47
2026-04-08,Region A,P017,84,90,1.29
2026-04-08,Region A,P018,132,139,1.36
2026-04-08,Region A,P019,149,154,0.0
2026-04-08,Region A,P020,99,104,1.18
2026-04-08,Region A,P021,110,114,0.0
2026-04-08,Region A,P022,117,122,1.73
2026-04-08,Region A,P023,157,159,0.39
2026-04-08,Region A,P024,90,94,0.59
2026-04-08,Region A,P025,122,129,1.0
2026-04-08,Region A,P026,89,90,0.13
2026-04-08,Region A,P027,150,158,1.05
2026-04-08,Region A,P028,112,116,0.27
2026-04-08,Region A,P029,80,85,0.21
2026-04-08,Region A,P030,121,124,0.45
2026-04-08,Region B,P001,99,103,0.31
2026-04-08,Region B,P002,119,124,0.19
2026-04-08,Region B,P003,76,81,1.67
2026-04-08,Region B,P004,117,122,2.01
2026-04-08,Region B,P005,143,147,0.64
2026-04-08,Region B,P006,137,139,1.06
2026-04-08,Region B,P007,93,97,0.98
2026-04-08,Region B,P008,141,149,1.6
2026-04-08,Region B,P009,95,98,0.89
2026-04-08,Region B,P010,121,128,0.93
2026-04-08,Region B,P011,84,86,0.86
2026-04-08,Region B,P012,120,127,1.19
2026-04-08,Region B,P013,95,101,2.16
2026-04-08,Region B,P014,127,132,1.22
2026-04-08,Region B,P015,122,130,0.66
2026-04-08,Region B,P016,108,112,1.11
2026-04-08,Region B,P017,132,137,0.24
2026-04-08,Region B,P018,108,111,1.36
2026-04-08,Region B,P019,111,117,0.85
2026-04-08,Region B,P020,93,97,0.92
2026-04-08,Region B,P021,96,101,0.97
2026-04-08,Region B,P022,98,102,1.27
2026-04-08,Region B,P023,104,111,0.7
2026-04-08,Region B,P024,122,130,0.9
2026-04-08,Region B,P025,142,147,0.47
2026-04-08,Region B,P026,85,86,0.34
2026-04-08,Region B,P027,138,147,1.29
2026-04-08,Region B,P028,120,123,0.25
2026-04-08,Region B,P029,147,156,0.04
2026-04-08,Region B,P030,94,99,2.09
2026-04-08,Region C,P001,149,153,0.43
2026-04-08,Region C,P002,101,107,0.45
2026-04-08,Region C,P003,92,94,0.3
2026-04-08,Region C,P004,114,121,0.61
2026-04-08,Region C,P005,101,106,0.34
2026-04-08,Region C,P006,110,113,1.52
2026-04-08,Region C,P007,111,115,1.31
2026-04-08,Region C,P008,84,86,0.32
2026-04-08,Region C,P009,103,105,0.12
2026-04-08,Region C,P010,136,139,0.56
2026-04-08,Region C,P011,113,117,1.33
2026-04-08,Region C,P012,93,97,0.93
2026-04-08,Region C,P013,78,82,0.6
2026-04-08,Region C,P014,81,85,1.78
2026-04-08,Region C,P015,147,150,1.25
2026-04-08,Region C,P016,127,133,0.97
2026-04-08,Region C,P017,83,86,0.96
2026-04-08,Region C,P018,96,98,0.41
2026-04-08,Region C,P019,146,153,0.9
2026-04-08,Region C,P020,93,94,0.0
2026-04-08,Region C,P021,91,93,0.01
2026-04-08,Region C,P022,86,91,2.22
2026-04-08,Region C,P023,138,146,0.75
2026-04-08,Region C,P024,96,98,0.42
2026-04-08,Region C,P025,94,100,1.25
2026-04-08,Region C,P026,79,81,0.06
2026-04-08,Region C,P027,90,92,0.0
2026-04-08,Region C,P028,120,122,0.0
2026-04-08,Region C,P029,119,126,0.7
2026-04-08,Region C,P030,133,141,1.24
2026-04-08,Region D,P001,98,102,0.06
2026-04-08,Region D,P002,143,151,1.5
2026-04-08,Region D,P003,130,132,0.65
2026-04-08,Region D,P004,102,104,0.43
2026-04-08,Region D,P005,92,94,0.0
2026-04-08,Region D,P006,105,108,0.79
2026-04-08,Region D,P007,102,109,1.31
2026-04-08,Region D,P008,85,89,0.79
2026-04-08,Region D,P009,121,125,0.4
2026-04-08,Region D,P010,78,80,0.0
2026-04-08,Region D,P011,98,104,1.73
2026-04-08,Region D,P012,119,124,1.26
2026-04-08,Region D,P013,95,100,1.28
2026-04-08,Region D,P014,129,132,0.61
2026-04-08,Region D,P015,128,135,1.74
2026-04-08,Region D,P016,90,95,1.77
2026-04-08,Region D,P017,100,103,1.17
2026-04-08,Region D,P018,106,110,1.12
2026-04-08,Region D,P019,145,154,1.93
2026-04-08,Region D,P020,111,117,1.26
2026-04-08,Region D,P021,101,105,0.23
2026-04-08,Region D,P022,86,88,0.0
2026-04-08,Region D,P023,117,124,1.14
2026-04-08,Region D,P024,146,148,0.51
2026-04-08,Region D,P025,108,110,0.0
2026-04-08,Region D,P026,150,155,1.02
2026-04-08,Region D,P027,144,150,0.33
2026-04-08,Region D,P028,115,120,1.3
2026-04-08,Region D,P029,132,137,1.33
2026-04-08,Region D,P030,108,111,1.15
2026-04-09,Region A,P001,139,142,0.33
2026-04-09,Region A,P002,77,81,1.11
2026-04-09,Region A,P003,124,127,0.27
2026-04-09,Region A,P004,107,114,2.33
2026-04-09,Region A,P005,117,120,0.37
2026-04-09,Region A,P006,138,142,0.98
2026-04-09,Region A,P007,84,86,1.42
2026-04-09,Region A,P008,106,108,0.5
2026-04-09,Region A,P009,85,89,0.97
2026-04-09,Region A,P010,147,151,0.37
2026-04-09,Region A,P011,88,92,1.8
2026-04-09,Region A,P012,82,87,0.16
2026-04-09,Region A,P013,146,153,0.34
2026-04-09,Region A,P014,87,93,2.06
2026-04-09,Region A,P015,103,106,0.32
2026-04-09,Region A,P016,141,146,0.88
2026-04-09,Region A,P017,89,92,0.0
2026-04-09,Region A,P018,145,148,0.49
2026-04-09,Region A,P019,99,105,1.01
2026-04-09,Region A,P020,111,114,0.03
2026-04-09,Region A,P021,104,109,0.86
2026-04-09,Region A,P022,99,101,0.61
2026-04-09,Region A,P023,113,118,1.31
2026-04-09,Region A,P024,89,94,1.44
2026-04-09,Region A,P025,136,140,0.49
2026-04-09,Region A,P026,97,100,0.56
2026-04-09,Region A,P027,121,126,1.22
2026-04-09,Region A,P028,109,116,1.95
2026-04-09,Region A,P029,132,138,1.71
2026-04-09,Region A,P030,98,101,0.25
2026-04-09,Region B,P001,117,119,0.43
2026-04-09,Region B,P002,114,117,0.87
2026-04-09,Region B,P003,83,87,0.47
2026-04-09,Region B,P004,82,87,0.21
2026-04-09,Region B,P005,125,128,1.24
2026-04-09,Region B,P006,127,130,0.35
2026-04-09,Region B,P007,123,127,1.35
2026-04-09,Region B,P008,108,111,0.03
2026-04-09,Region B,P009,78,83,0.88
2026-04-09,Region B,P010,91,96,0.54
2026-04-09,Region B,P011,85,87,0.3
2026-04-09,Region B,P012,82,85,0.87
2026-04-09,Region B,P013,79,82,0.38
2026-04-09,Region B,P014,107,112,0.95
2026-04-09,Region B,P015,102,108,0.78
2026-04-09,Region B,P016,117,123,0.99
2026-04-09,Region B,P017,125,132,1.06
2026-04-09,Region B,P018,93,98,1.49
2026-04-09,Region B,P019,120,123,0.82
2026-04-09,Region B,P020,89,92,1.1
2026-04-09,Region B,P021,111,114,0.46
2026-04-09,Region B,P022,114,118,1.53
2026-04-09,Region B,P023,110,116,1.18
2026-04-09,Region B,P024,119,127,2.23
2026-04-09,Region B,P025,108,114,0.9
2026-04-09,Region B,P026,110,116,0.83
2026-04-09,Region B,P027,98,101,1.1
2026-04-09,Region B,P028,96,100,0.31
2026-04-09,Region B,P029,119,121,0.0
2026-04-09,Region B,P030,91,93,0.7
2026-04-09,Region C,P001,76,81,1.1
2026-04-09,Region C,P002,151,155,1.06
2026-04-09,Region C,P003,92,95,1.06
2026-04-09,Region C,P004,104,109,1.32
2026-04-09,Region C,P005,98,101,0.0
2026-04-09,Region C,P006,78,81,0.39
2026-04-09,Region C,P007,133,136,1.06
2026-04-09,Region C,P008,117,120,0.3
2026-04-09,Region C,P009,119,125,1.01
2026-04-09,Region C,P010,76,80,1.14
2026-04-09,Region C,P011,124,131,0.14
2026-04-09,Region C,P012,131,138,0.55
2026-04-09,Region C,P013,149,155,0.14
2026-04-09,Region C,P014,103,105,0.72
2026-04-09,Region C,P015,123,126,0.63
2026-04-09,Region C,P016,79,83,0.94
2026-04-09,Region C,P017,98,101,0.87
2026-04-09,Region C,P018,109,114,0.98
2026-04-09,Region C,P019,127,135,0.86
2026-04-09,Region C,P020,79,81,0.3
2026-04-09,Region C,P021,148,150,0.45
2026-04-09,Region C,P022,106,112,1.0
2026-04-09,Region C,P023,101,104,0.63
2026-04-09,Region C,P024,101,105,0.98
2026-04-09,Region C,P025,99,106,1.22
2026-04-09,Region C,P026,147,154,0.69
2026-04-09,Region C,P027,148,153,0.49
2026-04-09,Region C,P028,104,107,0.54
2026-04-09,Region C,P029,140,146,0.44
2026-04-09,Region C,P030,119,125,1.68
2026-04-09,Region D,P001,152,157,1.16
2026-04-09,Region D,P002,103,110,1.48
2026-04-09,Region D,P003,107,114,1.85
2026-04-09,Region D,P004,152,156,0.0
2026-04-09,Region D,P005,94,99,1.0
2026-04-09,Region D,P006,79,84,0.75
2026-04-09,Region D,P007,99,101,0.48
2026-04-09,Region D,P008,153,156,0.89
2026-04-09,Region D,P009,153,158,0.47
2026-04-09,Region D,P010,112,117,0.49
2026-04-09,Region D,P011,143,146,1.25
2026-04-09,Region D,P012,142,149,2.21
2026-04-09,Region D,P013,113,119,0.88
2026-04-09,Region D,P014,112,118,1.36
2026-04-09,Region D,P015,126,131,0.39
2026-04-09,Region D,P016,111,117,1.43
2026-04-09,Region D,P017,102,105,0.4
2026-04-09,Region D,P018,141,145,1.2
2026-04-09,Region D,P019,145,154,1.44
2026-04-09,Region D,P020,118,120,0.85
2026-04-09,Region D,P021,151,154,0.0
2026-04-09,Region D,P022,147,154,0.58
2026-04-09,Region D,P023,92,98,1.41
2026-04-09,Region D,P024,125,133,2.17
2026-04-09,Region D,P025,144,154,1.39
2026-04-09,Region D,P026,121,127,0.19
2026-04-09,Region D,P027,146,151,1.01
2026-04-09,Region D,P028,96,100,0.16
2026-04-09,Region D,P029,78,82,1.31
2026-04-09,Region D,P030,149,155,0.58
2026-04-10,Region A,P001,103,108,1.14
2026-04-10,Region A,P002,86,92,0.0
2026-04-10,Region A,P003,107,110,0.0
2026-04-10,Region A,P004,82,87,0.7
2026-04-10,Region A,P005,123,126,0.83
2026-04-10,Region A,P006,148,154,0.73
2026-04-10,Region A,P007,124,126,0.13
2026-04-10,Region A,P008,143,149,1.66
2026-04-10,Region A,P009,111,114,0.59
2026-04-10,Region A,P010,87,91,0.06
2026-04-10,Region A,P011,88,90,0.16
2026-04-10,Region A,P012,119,122,0.0
2026-04-10,Region A,P013,110,113,0.35
2026-04-10,Region A,P014,148,157,0.96
2026-04-10,Region A,P015,134,136,0.6
2026-04-10,Region A,P016,133,138,0.3
2026-04-10,Region A,P017,149,155,0.03
2026-04-10,Region A,P018,111,115,1.83
2026-04-10,Region A,P019,116,121,1.47
2026-04-10,Region A,P020,143,148,0.7
2026-04-10,Region A,P021,75,80,1.67
2026-04-10,Region A,P022,120,126,1.51
2026-04-10,Region A,P023,98,102,1.61
2026-04-10,Region A,P024,77,82,0.61
2026-04-10,Region A,P025,97,99,0.08
2026-04-10,Region A,P026,120,126,0.84
2026-04-10,Region A,P027,77,80,0.87
2026-04-10,Region A,P028,127,129,0.84
2026-04-10,Region A,P029,93,98,1.85
2026-04-10,Region A,P030,76,80,0.99
2026-04-10,Region B,P001,97,99,0.44
2026-04-10,Region B,P002,141,148,0.53
2026-04-10,Region B,P003,127,134,0.94
2026-04-10,Region B,P004,140,142,1.81
2026-04-10,Region B,P005,109,113,0.76
2026-04-10,Region B,P006,140,143,0.0
2026-04-10,Region B,P007,112,116,1.04
2026-04-10,Region B,P008,140,143,0.54
2026-04-10,Region B,P009,142,146,0.77
2026-04-10,Region B,P010,140,145,0.7
2026-04-10,Region B,P011,92,94,1.21
2026-04-10,Region B,P012,131,136,0.29
2026-04-10,Region B,P013,83,86,1.55
2026-04-10,Region B,P014,76,81,1.21
2026-04-10,Region B,P015,97,101,0.12
2026-04-10,Region B,P016,138,143,0.92
2026-04-10,Region B,P017,81,83,0.25
2026-04-10,Region B,P018,120,127,2.29
2026-04-10,Region B,P019,82,84,0.0
2026-04-10,Region B,P020,145,148,0.33
2026-04-10,Region B,P021,89,92,1.46
2026-04-10,Region B,P022,90,92,0.88
2026-04-10,Region B,P023,144,147,0.53
2026-04-10,Region B,P024,80,81,0.0
2026-04-10,Region B,P025,115,122,1.19
2026-04-10,Region B,P026,82,87,2.2
2026-04-10,Region B,P027,147,155,1.24
2026-04-10,Region B,P028,145,155,0.89
2026-04-10,Region B,P029,97,100,0.96
2026-04-10,Region B,P030,126,134,1.87
2026-04-10,Region C,P001,148,156,1.14
2026-04-10,Region C,P002,109,116,1.73
2026-04-10,Region C,P003,127,134,1.18
2026-04-10,Region C,P004,144,152,1.78
2026-04-10,Region C,P005,115,121,1.61
2026-04-10,Region C,P006,110,114,0.38
2026-04-10,Region C,P007,149,157,0.84
2026-04-10,Region C,P008,130,135,1.01
2026-04-10,Region C,P009,87,91,1.44
2026-04-10,Region C,P010,149,152,0.81
2026-04-10,Region C,P011,77,81,1.12
2026-04-10,Region C,P012,134,139,1.01
2026-04-10,Region C,P013,150,159,1.25
2026-04-10,Region C,P014,124,131,0.85
2026-04-10,Region C,P015,95,100,1.62
2026-04-10,Region C,P016,151,156,0.13
2026-04-10,Region C,P017,142,150,0.59
2026-04-10,Region C,P018,105,108,0.44
2026-04-10,Region C,P019,100,104,2.04
2026-04-10,Region C,P020,77,82,1.8
2026-04-10,Region C,P021,143,150,1.5
2026-04-10,Region C,P022,100,106,1.69
2026-04-10,Region C,P023,78,82,1.42
2026-04-10,Region C,P024,112,116,0.86
2026-04-10,Region C,P025,122,128,0.6
2026-04-10,Region C,P026,139,141,0.29
2026-04-10,Region C,P027,143,152,1.32
2026-04-10,Region C,P028,118,126,0.47
2026-04-10,Region C,P029,122,130,1.4
2026-04-10,Region C,P030,131,134,1.14
2026-04-10,Region D,P001,109,115,0.78
2026-04-10,Region D,P002,126,128,0.0
2026-04-10,Region D,P003,138,141,0.18
2026-04-10,Region D,P004,147,153,0.6
2026-04-10,Region D,P005,146,152,0.63
2026-04-10,Region D,P006,126,134,1.91
2026-04-10,Region D,P007,137,140,0.69
2026-04-10,Region D,P008,130,135,1.2
2026-04-10,Region D,P009,145,148,0.0
2026-04-10,Region D,P010,146,156,1.76
2026-04-10,Region D,P011,153,156,0.0
2026-04-10,Region D,P012,103,107,0.88
2026-04-10,Region D,P013,141,145,1.02
2026-04-10,Region D,P014,133,135,0.0
2026-04-10,Region D,P015,113,119,1.52
2026-04-10,Region D,P016,152,158,1.23
2026-04-10,Region D,P017,147,149,0.47
2026-04-10,Region D,P018,123,128,1.39
2026-04-10,Region D,P019,96,102,1.01
2026-04-10,Region D,P020,124,131,1.22
2026-04-10,Region D,P021,105,107,0.4
2026-04-10,Region D,P022,124,132,1.72
2026-04-10,Region D,P023,96,98,0.0
2026-04-10,Region D,P024,97,101,0.55
2026-04-10,Region D,P025,119,123,1.19
2026-04-10,Region D,P026,121,128,1.24
2026-04-10,Region D,P027,126,129,0.0
2026-04-10,Region D,P028,114,119,0.14
2026-04-10,Region D,P029,115,120,1.83
2026-04-10,Region D,P030,83,85,1.14
2026-04-11,Region A,P001,133,141,1.87
2026-04-11,Region A,P002,101,107,1.41
2026-04-11,Region A,P003,138,145,1.36
2026-04-11,Region A,P004,93,98,1.34
2026-04-11,Region A,P005,96,100,1.03
2026-04-11,Region A,P006,140,144,0.78
2026-04-11,Region A,P007,116,122,0.82
2026-04-11,Region A,P008,108,111,0.75
2026-04-11,Region A,P009,98,101,0.43
2026-04-11,Region A,P010,144,148,0.46
2026-04-11,Region A,P011,103,108,0.06
2026-04-11,Region A,P012,117,120,0.85
2026-04-11,Region A,P013,144,146,0.27
2026-04-11,Region A,P014,89,93,1.33
2026-04-11,Region A,P015,80,85,1.16
2026-04-11,Region A,P016,121,123,0.0
2026-04-11,Region A,P017,122,128,0.59
2026-04-11,Region A,P018,104,107,0.5
2026-04-11,Region A,P019,143,146,0.82
2026-04-11,Region A,P020,77,82,0.79
2026-04-11,Region A,P021,95,100,1.15
2026-04-11,Region A,P022,144,147,0.24
2026-04-11,Region A,P023,144,148,0.32
2026-04-11,Region A,P024,134,136,0.12
2026-04-11,Region A,P025,124,130,0.23
2026-04-11,Region A,P026,96,98,0.31
2026-04-11,Region A,P027,148,153,0.02
2026-04-11,Region A,P028,77,80,0.77
2026-04-11,Region A,P029,146,154,1.75
2026-04-11,Region A,P030,110,117,0.0
2026-04-11,Region B,P001,93,99,1.37
2026-04-11,Region B,P002,133,139,0.54
2026-04-11,Region B,P003,137,145,0.7
2026-04-11,Region B,P004,87,89,0.77
2026-04-11,Region B,P005,127,131,0.98
2026-04-11,Region B,P006,150,156,0.95
2026-04-11,Region B,P007,76,81,1.8
2026-04-11,Region B,P008,118,124,1.13
2026-04-11,Region B,P009,150,152,0.0
2026-04-11,Region B,P010,103,109,0.83
2026-04-11,Region B,P011,142,147,1.04
2026-04-11,Region B,P012,102,107,0.21
2026-04-11,Region B,P013,136,141,2.0
2026-04-11,Region B,P014,128,135,0.78
2026-04-11,Region B,P015,136,140,0.09
2026-04-11,Region B,P016,130,133,0.61
2026-04-11,Region B,P017,94,100,1.83
2026-04-11,Region B,P018,140,149,1.33
2026-04-11,Region B,P019,133,137,0.01
2026-04-11,Region B,P020,117,125,1.78
2026-04-11,Region B,P021,95,99,0.0
2026-04-11,Region B,P022,134,140,0.73
2026-04-11,Region B,P023,134,138,1.06
2026-04-11,Region B,P024,140,143,0.5
2026-04-11,Region B,P025,148,152,1.15
2026-04-11,Region B,P026,121,125,1.08
2026-04-11,Region B,P027,137,142,0.54
2026-04-11,Region B,P028,121,128,1.31
2026-04-11,Region B,P029,131,135,0.0
2026-04-11,Region B,P030,153,157,0.0
2026-04-11,Region C,P001,148,153,0.0
2026-04-11,Region C,P002,86,87,0.0
2026-04-11,Region C,P003,121,127,0.6
2026-04-11,Region C,P004,129,133,1.15
2026-04-11,Region C,P005,106,113,1.15
2026-04-11,Region C,P006,144,149,1.17
2026-04-11,Region C,P007,139,143,0.0
2026-04-11,Region C,P008,124,127,0.12
2026-04-11,Region C,P009,110,112,0.27
2026-04-11,Region C,P010,88,92,0.0
2026-04-11,Region C,P011,144,148,0.12
2026-04-11,Region C,P012,81,84,0.3
2026-04-11,Region C,P013,98,102,0.88
2026-04-11,Region C,P014,79,83,1.05
2026-04-11,Region C,P015,81,86,0.37
2026-04-11,Region C,P016,78,83,0.92
2026-04-11,Region C,P017,113,118,0.35
2026-04-11,Region C,P018,86,91,1.59
2026-04-11,Region C,P019,83,86,0.81
2026-04-11,Region C,P020,129,135,1.78
2026-04-11,Region C,P021,141,144,0.73
2026-04-11,Region C,P022,152,157,0.03
2026-04-11,Region C,P023,83,89,0.9
2026-04-11,Region C,P024,82,84,0.98
2026-04-11,Region C,P025,150,155,0.79
2026-04-11,Region C,P026,127,131,0.0
2026-04-11,Region C,P027,154,158,0.75
2026-04-11,Region C,P028,144,149,0.0
2026-04-11,Region C,P029,137,142,0.48
2026-04-11,Region C,P030,89,91,1.26
2026-04-11,Region D,P001,154,158,0.48
2026-04-11,Region D,P002,109,114,0.66
2026-04-11,Region D,P003,116,120,0.62
2026-04-11,Region D,P004,131,136,0.0
2026-04-11,Region D,P005,107,109,0.0
2026-04-11,Region D,P006,148,154,0.8
2026-04-11,Region D,P007,81,86,2.06
2026-04-11,Region D,P008,109,115,1.01
2026-04-11,Region D,P009,112,117,0.98
2026-04-11,Region D,P010,125,132,0.92
2026-04-11,Region D,P011,94,98,0.8
2026-04-11,Region D,P012,149,159,1.8
2026-04-11,Region D,P013,93,99,1.73
2026-04-11,Region D,P014,107,111,0.0
2026-04-11,Region D,P015,144,148,0.45
2026-04-11,Region D,P016,113,121,0.88
2026-04-11,Region D,P017,118,126,0.82
2026-04-11,Region D,P018,105,107,0.82
2026-04-11,Region D,P019,129,135,0.84
2026-04-11,Region D,P020,156,159,0.48
2026-04-11,Region D,P021,153,159,0.37
2026-04-11,Region D,P022,113,121,1.77
2026-04-11,Region D,P023,81,85,0.34
2026-04-11,Region D,P024,110,114,0.59
2026-04-11,Region D,P025,121,123,0.79
2026-04-11,Region D,P026,109,113,0.32
2026-04-11,Region D,P027,147,154,0.81
2026-04-11,Region D,P028,152,156,0.74
2026-04-11,Region D,P029,151,154,0.68
2026-04-11,Region D,P030,124,130,0.5
2026-04-12,Region A,P001,82,87,1.13
2026-04-12,Region A,P002,83,89,1.13
2026-04-12,Region A,P003,100,106,1.63
2026-04-12,Region A,P004,155,159,0.85
2026-04-12,Region A,P005,129,133,0.9
2026-04-12,Region A,P006,135,144,2.22
2026-04-12,Region A,P007,86,91,1.16
2026-04-12,Region A,P008,134,142,1.84
2026-04-12,Region A,P009,95,99,0.94
2026-04-12,Region A,P010,146,153,1.52
2026-04-12,Region A,P011,100,107,0.44
2026-04-12,Region A,P012,155,158,0.0
2026-04-12,Region A,P013,89,95,0.46
2026-04-12,Region A,P014,107,113,1.53
2026-04-12,Region A,P015,98,100,0.53
2026-04-12,Region A,P016,155,158,1.32
2026-04-12,Region A,P017,147,157,1.64
2026-04-12,Region A,P018,143,147,0.0
2026-04-12,Region A,P019,131,138,2.29
2026-04-12,Region A,P020,124,132,1.3
2026-04-12,Region A,P021,80,85,0.84
2026-04-12,Region A,P022,150,157,0.09
2026-04-12,Region A,P023,130,136,0.69
2026-04-12,Region A,P024,141,147,0.06
2026-04-12,Region A,P025,144,148,0.0
2026-04-12,Region A,P026,93,97,0.0
2026-04-12,Region A,P027,97,100,1.4
2026-04-12,Region A,P028,88,94,1.65
2026-04-12,Region A,P029,135,143,1.07
2026-04-12,Region A,P030,147,152,0.4
2026-04-12,Region B,P001,120,125,1.22
2026-04-12,Region B,P002,103,108,0.93
2026-04-12,Region B,P003,135,139,0.53
2026-04-12,Region B,P004,123,125,0.28
2026-04-12,Region B,P005,116,118,0.67
2026-04-12,Region B,P006,103,107,1.48
2026-04-12,Region B,P007,150,158,0.82
2026-04-12,Region B,P008,125,129,0.89
2026-04-12,Region B,P009,81,83,0.78
2026-04-12,Region B,P010,97,102,0.47
2026-04-12,Region B,P011,144,149,0.52
2026-04-12,Region B,P012,145,152,0.85
2026-04-12,Region B,P013,128,133,0.0
2026-04-12,Region B,P014,79,83,2.13
2026-04-12,Region B,P015,154,158,0.26
2026-04-12,Region B,P016,116,120,0.2
2026-04-12,Region B,P017,106,109,0.48
2026-04-12,Region B,P018,95,101,2.06
2026-04-12,Region B,P019,83,86,1.13
2026-04-12,Region B,P020,82,86,1.5
2026-04-12,Region B,P021,86,88,0.27
2026-04-12,Region B,P022,85,89,1.0
2026-04-12,Region B,P023,100,102,0.03
2026-04-12,Region B,P024,84,88,0.07
2026-04-12,Region B,P025,104,108,0.59
2026-04-12,Region B,P026,128,136,1.51
2026-04-12,Region B,P027,75,80,1.94
2026-04-12,Region B,P028,77,81,2.11
2026-04-12,Region B,P029,150,154,0.6
2026-04-12,Region B,P030,123,130,0.96
2026-04-12,Region C,P001,139,146,1.04
2026-04-12,Region C,P002,102,104,0.41
2026-04-12,Region C,P003,156,159,0.0
2026-04-12,Region C,P004,141,149,1.57
2026-04-12,Region C,P005,142,147,0.74
2026-04-12,Region C,P006,147,154,1.44
2026-04-12,Region C,P007,150,158,2.22
2026-04-12,Region C,P008,92,96,0.82
2026-04-12,Region C,P009,88,94,1.57
2026-04-12,Region C,P010,98,101,0.06
2026-04-12,Region C,P011,105,110,1.84
2026-04-12,Region C,P012,142,149,1.97
2026-04-12,Region C,P013,108,110,0.96
2026-04-12,Region C,P014,146,151,0.58
2026-04-12,Region C,P015,149,156,0.98
2026-04-12,Region C,P016,114,117,0.44
2026-04-12,Region C,P017,84,89,0.45
2026-04-12,Region C,P018,79,82,0.51
2026-04-12,Region C,P019,75,80,0.81
2026-04-12,Region C,P020,129,137,0.54
2026-04-12,Region C,P021,79,80,1.79
2026-04-12,Region C,P022,122,128,0.38
2026-04-12,Region C,P023,91,96,1.26
2026-04-12,Region C,P024,151,155,0.96
2026-04-12,Region C,P025,141,147,0.79
2026-04-12,Region C,P026,103,106,1.27
2026-04-12,Region C,P027,93,96,0.87
2026-04-12,Region C,P028,116,119,0.19
2026-04-12,Region C,P029,149,151,1.19
2026-04-12,Region C,P030,104,111,1.04
2026-04-12,Region D,P001,131,137,0.39
2026-04-12,Region D,P002,91,95,0.95
2026-04-12,Region D,P003,132,135,0.19
2026-04-12,Region D,P004,87,91,0.0
2026-04-12,Region D,P005,78,80,0.44
2026-04-12,Region D,P006,134,139,0.87
2026-04-12,Region D,P007,137,143,1.03
2026-04-12,Region D,P008,137,140,1.01
2026-04-12,Region D,P009,88,94,2.22
2026-04-12,Region D,P010,99,101,0.09
2026-04-12,Region D,P011,98,100,0.0
2026-04-12,Region D,P012,103,106,0.13
2026-04-12,Region D,P013,118,120,0.59
2026-04-12,Region D,P014,146,153,0.9
2026-04-12,Region D,P015,147,154,2.39
2026-04-12,Region D,P016,110,115,0.53
2026-04-12,Region D,P017,95,99,0.85
2026-04-12,Region D,P018,153,156,0.51
2026-04-12,Region D,P019,140,145,1.06
2026-04-12,Region D,P020,116,120,1.12
2026-04-12,Region D,P021,91,95,0.0
2026-04-12,Region D,P022,121,127,0.42
2026-04-12,Region D,P023,120,125,1.16
2026-04-12,Region D,P024,139,144,0.83
2026-04-12,Region D,P025,148,154,0.4
2026-04-12,Region D,P026,111,115,0.89
2026-04-12,Region D,P027,117,124,0.84
2026-04-12,Region D,P028,97,99,0.59
2026-04-12,Region D,P029,83,86,0.0
2026-04-12,Region D,P030,96,102,1.16
2026-04-13,Region A,P001,81,85,1.33
2026-04-13,Region A,P002,80,86,1.27
2026-04-13,Region A,P003,131,136,1.22
2026-04-13,Region A,P004,135,140,1.08
2026-04-13,Region A,P005,144,150,1.56
2026-04-13,Region A,P006,110,117,1.68
2026-04-13,Region A,P007,79,84,1.72
2026-04-13,Region A,P008,104,106,0.92
2026-04-13,Region A,P009,144,150,0.3
2026-04-13,Region A,P010,90,96,1.95
2026-04-13,Region A,P011,136,143,2.16
2026-04-13,Region A,P012,114,121,1.53
2026-04-13,Region A,P013,139,141,2.08
2026-04-13,Region A,P014,114,121,1.56
2026-04-13,Region A,P015,146,156,0.65
2026-04-13,Region A,P016,136,142,1.45
2026-04-13,Region A,P017,107,114,1.54
2026-04-13,Region A,P018,125,132,1.25
2026-04-13,Region A,P019,104,106,0.18
2026-04-13,Region A,P020,123,127,0.76
2026-04-13,Region A,P021,128,133,0.42
2026-04-13,Region A,P022,146,151,1.18
2026-04-13,Region A,P023,93,99,0.56
2026-04-13,Region A,P024,146,150,0.0
2026-04-13,Region A,P025,102,108,1.45
2026-04-13,Region A,P026,105,108,0.88
2026-04-13,Region A,P027,146,151,1.02
2026-04-13,Region A,P028,147,153,1.14
2026-04-13,Region A,P029,143,147,1.57
2026-04-13,Region A,P030,103,108,0.77
2026-04-13,Region B,P001,88,90,1.12
2026-04-13,Region B,P002,116,123,0.68
2026-04-13,Region B,P003,140,143,0.25
2026-04-13,Region B,P004,100,107,1.64
2026-04-13,Region B,P005,84,88,0.89
2026-04-13,Region B,P006,92,95,0.12
2026-04-13,Region B,P007,78,82,1.4
2026-04-13,Region B,P008,153,158,0.2
2026-04-13,Region B,P009,127,132,0.77
2026-04-13,Region B,P010,105,111,1.84
2026-04-13,Region B,P011,118,121,0.8
2026-04-13,Region B,P012,108,111,1.0
2026-04-13,Region B,P013,125,131,0.83
2026-04-13,Region B,P014,116,121,1.2
2026-04-13,Region B,P015,93,98,1.18
2026-04-13,Region B,P016,119,122,0.38
2026-04-13,Region B,P017,110,112,0.51
2026-04-13,Region B,P018,124,130,0.2
2026-04-13,Region B,P019,87,90,0.91
2026-04-13,Region B,P020,111,119,1.92
2026-04-13,Region B,P021,96,99,0.6
2026-04-13,Region B,P022,127,135,0.81
2026-04-13,Region B,P023,114,118,0.45
2026-04-13,Region B,P024,132,134,1.08
2026-04-13,Region B,P025,85,89,0.3
2026-04-13,Region B,P026,124,129,0.28
2026-04-13,Region B,P027,127,130,0.76
2026-04-13,Region B,P028,82,84,1.82
2026-04-13,Region B,P029,81,83,1.04
2026-04-13,Region B,P030,98,103,0.29
2026-04-13,Region C,P001,93,96,0.0
2026-04-13,Region C,P002,148,154,1.82
2026-04-13,Region C,P003,96,99,1.28
2026-04-13,Region C,P004,105,108,0.21
2026-04-13,Region C,P005,143,152,1.35
2026-04-13,Region C,P006,95,98,0.4
2026-04-13,Region C,P007,147,156,1.71
2026-04-13,Region C,P008,125,130,1.9
2026-04-13,Region C,P009,81,84,0.62
2026-04-13,Region C,P010,119,121,0.87
2026-04-13,Region C,P011,100,102,0.0
2026-04-13,Region C,P012,139,148,1.95
2026-04-13,Region C,P013,103,108,0.71
2026-04-13,Region C,P014,125,130,1.04
2026-04-13,Region C,P015,98,101,0.18
2026-04-13,Region C,P016,90,94,0.91
2026-04-13,Region C,P017,120,126,0.07
2026-04-13,Region C,P018,106,110,0.71
2026-04-13,Region C,P019,102,104,0.07
2026-04-13,Region C,P020,129,135,1.7
2026-04-13,Region C,P021,145,155,1.89
2026-04-13,Region C,P022,145,152,1.47
2026-04-13,Region C,P023,128,132,1.74
2026-04-13,Region C,P024,116,122,1.28
2026-04-13,Region C,P025,152,157,1.05
2026-04-13,Region C,P026,101,103,1.14
2026-04-13,Region C,P027,119,126,1.88
2026-04-13,Region C,P028,145,149,1.06
2026-04-13,Region C,P029,98,101,0.84
2026-04-13,Region C,P030,116,122,0.0
2026-04-13,Region D,P001,146,151,0.53
2026-04-13,Region D,P002,99,105,1.08
2026-04-13,Region D,P003,138,146,0.95
2026-04-13,Region D,P004,84,87,0.61
2026-04-13,Region D,P005,111,116,1.86
2026-04-13,Region D,P006,113,115,0.62
2026-04-13,Region D,P007,127,133,0.51
2026-04-13,Region D,P008,130,137,0.78
2026-04-13,Region D,P009,133,140,0.71
2026-04-13,Region D,P010,119,123,1.23
2026-04-13,Region D,P011,105,110,0.51
2026-04-13,Region D,P012,81,85,0.42
2026-04-13,Region D,P013,149,154,0.96
2026-04-13,Region D,P014,139,145,0.7
2026-04-13,Region D,P015,89,92,0.0
2026-04-13,Region D,P016,146,152,0.73
2026-04-13,Region D,P017,144,152,2.0
2026-04-13,Region D,P018,135,141,0.98
2026-04-13,Region D,P019,108,110,0.02
2026-04-13,Region D,P020,131,134,0.36
2026-04-13,Region D,P021,136,138,0.38
2026-04-13,Region D,P022,89,93,0.0
2026-04-13,Region D,P023,94,97,0.29
2026-04-13,Region D,P024,132,137,0.75
2026-04-13,Region D,P025,106,111,0.61
2026-04-13,Region D,P026,82,87,0.32
2026-04-13,Region D,P027,143,151,1.1
2026-04-13,Region D,P028,153,156,0.05
2026-04-13,Region D,P029,85,88,0.47
2026-04-13,Region D,P030,81,84,0.45
2026-04-14,Region A,P001,103,108,0.65
2026-04-14,Region A,P002,78,80,0.65
2026-04-14,Region A,P003,107,113,1.68
2026-04-14,Region A,P004,91,93,0.4
2026-04-14,Region A,P005,101,105,0.79
2026-04-14,Region A,P006,141,149,1.33
2026-04-14,Region A,P007,104,110,1.29
2026-04-14,Region A,P008,96,101,0.75
2026-04-14,Region A,P009,90,92,0.63
2026-04-14,Region A,P010,78,82,1.31
2026-04-14,Region A,P011,97,102,1.16
2026-04-14,Region A,P012,116,121,0.77
2026-04-14,Region A,P013,125,127,0.18
2026-04-14,Region A,P014,140,149,0.55
2026-04-14,Region A,P015,97,99,0.32
2026-04-14,Region A,P016,96,98,0.1
2026-04-14,Region A,P017,109,112,0.81
2026-04-14,Region A,P018,79,83,1.88
2026-04-14,Region A,P019,110,112,0.52
2026-04-14,Region A,P020,102,108,1.66
2026-04-14,Region A,P021,139,145,1.39
2026-04-14,Region A,P022,93,96,0.16
2026-04-14,Region A,P023,99,106,1.68
2026-04-14,Region A,P024,130,138,0.58
2026-04-14,Region A,P025,83,85,0.76
2026-04-14,Region A,P026,118,125,0.94
2026-04-14,Region A,P027,147,152,0.48
2026-04-14,Region A,P028,118,120,0.0
2026-04-14,Region A,P029,144,150,1.77
2026-04-14,Region A,P030,75,80,1.13
2026-04-14,Region B,P001,86,88,1.39
2026-04-14,Region B,P002,145,151,1.08
2026-04-14,Region B,P003,147,153,0.7
2026-04-14,Region B,P004,99,101,0.24
2026-04-14,Region B,P005,150,159,2.06
2026-04-14,Region B,P006,137,145,0.83
2026-04-14,Region B,P007,123,130,0.35
2026-04-14,Region B,P008,89,92,0.75
2026-04-14,Region B,P009,125,133,1.7
2026-04-14,Region B,P010,137,140,0.0
2026-04-14,Region B,P011,98,101,1.35
2026-04-14,Region B,P012,88,93,2.09
2026-04-14,Region B,P013,147,154,1.25
2026-04-14,Region B,P014,107,113,0.8
2026-04-14,Region B,P015,148,155,0.79
2026-04-14,Region B,P016,133,138,0.42
2026-04-14,Region B,P017,86,90,0.15
2026-04-14,Region B,P018,125,132,1.2
2026-04-14,Region B,P019,103,106,0.74
2026-04-14,Region B,P020,144,147,0.09
2026-04-14,Region B,P021,146,150,1.24
2026-04-14,Region B,P022,80,85,0.63
2026-04-14,Region B,P023,113,116,0.08
2026-04-14,Region B,P024,147,155,1.07
2026-04-14,Region B,P025,141,149,1.07
2026-04-14,Region B,P026,147,152,0.75
2026-04-14,Region B,P027,79,83,1.2
2026-04-14,Region B,P028,128,130,0.0
2026-04-14,Region B,P029,140,147,1.43
2026-04-14,Region B,P030,148,152,0.24
2026-04-14,Region C,P001,127,130,0.42
2026-04-14,Region C,P002,91,97,1.24
2026-04-14,Region C,P003,86,89,1.36
2026-04-14,Region C,P004,99,106,1.15
2026-04-14,Region C,P005,108,115,1.18
2026-04-14,Region C,P006,113,121,1.0
2026-04-14,Region C,P007,118,121,0.35
2026-04-14,Region C,P008,149,158,0.78
2026-04-14,Region C,P009,140,142,0.4
2026-04-14,Region C,P010,83,87,1.36
2026-04-14,Region C,P011,118,121,0.42
2026-04-14,Region C,P012,76,81,1.2
2026-04-14,Region C,P013,96,98,0.0
2026-04-14,Region C,P014,111,114,0.54
2026-04-14,Region C,P015,143,150,1.92
2026-04-14,Region C,P016,145,150,0.28
2026-04-14,Region C,P017,96,98,0.96
2026-04-14,Region C,P018,82,86,0.78
2026-04-14,Region C,P019,97,100,0.95
2026-04-14,Region C,P020,99,104,0.72
2026-04-14,Region C,P021,120,125,1.63
2026-04-14,Region C,P022,78,83,1.68
2026-04-14,Region C,P023,124,130,1.5
2026-04-14,Region C,P024,128,135,0.91
2026-04-14,Region C,P025,105,111,0.98
2026-04-14,Region C,P026,96,99,0.0
2026-04-14,Region C,P027,112,119,1.59
2026-04-14,Region C,P028,132,136,1.61
2026-04-14,Region C,P029,136,144,0.58
2026-04-14,Region C,P030,117,123,0.06
2026-04-14,Region D,P001,92,96,0.83
2026-04-14,Region D,P002,120,125,0.56
2026-04-14,Region D,P003,89,92,0.07
2026-04-14,Region D,P004,148,155,1.39
2026-04-14,Region D,P005,83,87,1.69
2026-04-14,Region D,P006,131,138,0.07
2026-04-14,Region D,P007,143,151,1.7
2026-04-14,Region D,P008,118,120,1.16
2026-04-14,Region D,P009,99,103,0.36
2026-04-14,Region D,P010,105,107,0.37
2026-04-14,Region D,P011,101,108,1.4
2026-04-14,Region D,P012,141,144,1.05
2026-04-14,Region D,P013,138,143,0.75
2026-04-14,Region D,P014,93,97,1.05
2026-04-14,Region D,P015,129,132,0.91
2026-04-14,Region D,P016,81,82,1.2
2026-04-14,Region D,P017,125,128,1.14
2026-04-14,Region D,P018,150,153,0.97
2026-04-14,Region D,P019,127,132,0.98
2026-04-14,Region D,P020,86,88,1.52
2026-04-14,Region D,P021,102,108,0.96
2026-04-14,Region D,P022,109,112,0.52
2026-04-14,Region D,P023,125,127,0.68
2026-04-14,Region D,P024,110,115,0.72
2026-04-14,Region D,P025,87,89,0.0
2026-04-14,Region D,P026,130,135,0.0
2026-04-14,Region D,P027,125,131,0.19
2026-04-14,Region D,P028,117,122,1.74
2026-04-14,Region D,P029,150,158,1.68
2026-04-14,Region D,P030,121,127,1.51
2026-04-15,Region A,P001,155,158,0.75
2026-04-15,Region A,P002,100,106,0.0
2026-04-15,Region A,P003,120,128,1.25
2026-04-15,Region A,P004,121,123,0.36
2026-04-15,Region A,P005,115,122,1.47
2026-04-15,Region A,P006,92,98,2.2
2026-04-15,Region A,P007,141,148,0.76
2026-04-15,Region A,P008,136,138,0.0
2026-04-15,Region A,P009,139,143,0.37
2026-04-15,Region A,P010,123,130,1.56
2026-04-15,Region A,P011,119,126,1.1
2026-04-15,Region A,P012,86,89,1.12
2026-04-15,Region A,P013,148,156,1.55
2026-04-15,Region A,P014,84,87,1.3
2026-04-15,Region A,P015,78,80,0.42
2026-04-15,Region A,P016,104,111,1.25
2026-04-15,Region A,P017,154,159,0.95
2026-04-15,Region A,P018,99,101,0.92
2026-04-15,Region A,P019,119,126,1.96
2026-04-15,Region A,P020,135,138,0.0
2026-04-15,Region A,P021,98,101,0.0
2026-04-15,Region A,P022,94,99,1.12
2026-04-15,Region A,P023,106,113,1.7
2026-04-15,Region A,P024,90,94,0.24
2026-04-15,Region A,P025,117,124,1.61
2026-04-15,Region A,P026,101,104,0.46
2026-04-15,Region A,P027,120,123,0.88
2026-04-15,Region A,P028,80,82,0.04
2026-04-15,Region A,P029,134,138,1.16
2026-04-15,Region A,P030,91,94,0.0
2026-04-15,Region B,P001,99,103,1.23
2026-04-15,Region B,P002,126,132,0.32
2026-04-15,Region B,P003,89,95,0.95
2026-04-15,Region B,P004,77,82,1.04
2026-04-15,Region B,P005,144,149,0.48
2026-04-15,Region B,P006,119,125,0.75
2026-04-15,Region B,P007,91,96,0.0
2026-04-15,Region B,P008,111,114,0.5
2026-04-15,Region B,P009,126,130,1.4
2026-04-15,Region B,P010,138,145,1.37
2026-04-15,Region B,P011,125,133,0.87
2026-04-15,Region B,P012,107,110,0.68
2026-04-15,Region B,P013,132,140,0.9
2026-04-15,Region B,P014,96,100,0.96
2026-04-15,Region B,P015,139,148,0.34
2026-04-15,Region B,P016,113,120,0.07
2026-04-15,Region B,P017,125,129,0.89
2026-04-15,Region B,P018,136,139,0.0
2026-04-15,Region B,P019,82,87,1.51
2026-04-15,Region B,P020,121,126,1.39
2026-04-15,Region B,P021,91,97,1.6
2026-04-15,Region B,P022,128,130,0.25
2026-04-15,Region B,P023,141,147,1.49
2026-04-15,Region B,P024,119,125,1.21
2026-04-15,Region B,P025,129,136,0.45
2026-04-15,Region B,P026,140,143,0.7
2026-04-15,Region B,P027,108,110,0.0
2026-04-15,Region B,P028,149,152,0.0
2026-04-15,Region B,P029,102,107,0.51
2026-04-15,Region B,P030,102,107,0.79
2026-04-15,Region C,P001,80,82,0.8
2026-04-15,Region C,P002,131,136,0.21
2026-04-15,Region C,P003,77,80,0.31
2026-04-15,Region C,P004,156,159,0.15
2026-04-15,Region C,P005,148,158,1.15
2026-04-15,Region C,P006,120,126,1.65
2026-04-15,Region C,P007,143,153,1.97
2026-04-15,Region C,P008,125,129,1.02
2026-04-15,Region C,P009,118,124,1.29
2026-04-15,Region C,P010,96,101,1.03
2026-04-15,Region C,P011,96,98,0.14
2026-04-15,Region C,P012,148,156,1.78
2026-04-15,Region C,P013,147,156,0.04
2026-04-15,Region C,P014,141,145,0.0
2026-04-15,Region C,P015,115,120,1.73
2026-04-15,Region C,P016,86,89,0.56
2026-04-15,Region C,P017,131,134,0.0
2026-04-15,Region C,P018,139,145,0.9
2026-04-15,Region C,P019,98,100,0.0
2026-04-15,Region C,P020,154,157,0.34
2026-04-15,Region C,P021,129,131,0.22
2026-04-15,Region C,P022,143,148,0.6
2026-04-15,Region C,P023,136,144,1.92
2026-04-15,Region C,P024,97,100,1.28
2026-04-15,Region C,P025,99,106,1.32
2026-04-15,Region C,P026,107,111,0.0
2026-04-15,Region C,P027,148,155,0.58
2026-04-15,Region C,P028,151,159,0.2
2026-04-15,Region C,P029,127,129,0.41
2026-04-15,Region C,P030,122,130,0.78
2026-04-15,Region D,P001,136,139,0.8
2026-04-15,Region D,P002,145,151,0.03
2026-04-15,Region D,P003,121,128,1.1
2026-04-15,Region D,P004,99,105,0.52
2026-04-15,Region D,P005,143,147,0.43
2026-04-15,Region D,P006,90,96,0.44
2026-04-15,Region D,P007,85,91,1.33
2026-04-15,Region D,P008,131,134,0.75
2026-04-15,Region D,P009,145,149,1.09
2026-04-15,Region D,P010,121,128,1.14
2026-04-15,Region D,P011,125,131,1.47
2026-04-15,Region D,P012,89,94,1.15
2026-04-15,Region D,P013,128,133,0.21
2026-04-15,Region D,P014,93,95,0.0
2026-04-15,Region D,P015,94,99,1.73
2026-04-15,Region D,P016,105,108,0.16
2026-04-15,Region D,P017,131,135,0.64
2026-04-15,Region D,P018,147,155,0.85
2026-04-15,Region D,P019,124,130,1.42
2026-04-15,Region D,P020,123,128,1.8
2026-04-15,Region D,P021,133,142,1.83
2026-04-15,Region D,P022,104,109,1.12
2026-04-15,Region D,P023,97,102,1.83
2026-04-15,Region D,P024,95,99,0.94
2026-04-15,Region D,P025,149,158,1.35
2026-04-15,Region D,P026,112,115,1.15
2026-04-15,Region D,P027,99,104,0.32
2026-04-15,Region D,P028,102,104,0.07
2026-04-15,Region D,P029,93,96,0.47
2026-04-15,Region D,P030,127,133,0.58
2026-04-16,Region A,P001,134,138,0.3
2026-04-16,Region A,P002,82,85,0.05
2026-04-16,Region A,P003,122,127,0.67
2026-04-16,Region A,P004,105,112,0.2
2026-04-16,Region A,P005,134,138,0.23
2026-04-16,Region A,P006,150,158,0.0
2026-04-16,Region A,P007,128,133,0.81
2026-04-16,Region A,P008,90,94,0.04
2026-04-16,Region A,P009,103,108,1.28
2026-04-16,Region A,P010,151,154,0.31
2026-04-16,Region A,P011,124,127,0.0
2026-04-16,Region A,P012,130,137,2.27
2026-04-16,Region A,P013,104,107,0.85
2026-04-16,Region A,P014,116,122,0.51
2026-04-16,Region A,P015,113,118,0.74
2026-04-16,Region A,P016,76,80,0.34
2026-04-16,Region A,P017,146,149,0.15
2026-04-16,Region A,P018,153,157,0.75
2026-04-16,Region A,P019,95,98,0.65
2026-04-16,Region A,P020,139,144,0.69
2026-04-16,Region A,P021,156,158,0.54
2026-04-16,Region A,P022,120,128,0.99
2026-04-16,Region A,P023,150,159,0.37
2026-04-16,Region A,P024,154,157,0.81
2026-04-16,Region A,P025,150,159,1.08
2026-04-16,Region A,P026,149,156,1.46
2026-04-16,Region A,P027,135,143,0.88
2026-04-16,Region A,P028,116,123,0.09
2026-04-16,Region A,P029,148,156,0.46
2026-04-16,Region A,P030,147,152,1.15
2026-04-16,Region B,P001,149,156,1.91
2026-04-16,Region B,P002,113,120,1.43
2026-04-16,Region B,P003,88,93,0.95
2026-04-16,Region B,P004,97,101,0.94
2026-04-16,Region B,P005,146,150,1.71
2026-04-16,Region B,P006,88,90,1.35
2026-04-16,Region B,P007,128,132,1.12
2026-04-16,Region B,P008,117,121,0.77
2026-04-16,Region B,P009,133,140,1.24
2026-04-16,Region B,P010,93,97,0.51
2026-04-16,Region B,P011,132,140,1.15
2026-04-16,Region B,P012,102,104,0.29
2026-04-16,Region B,P013,81,85,1.08
2026-04-16,Region B,P014,130,138,0.58
2026-04-16,Region B,P015,125,127,0.15
2026-04-16,Region B,P016,133,136,0.22
2026-04-16,Region B,P017,92,94,0.0
2026-04-16,Region B,P018,124,126,0.42
2026-04-16,Region B,P019,84,88,0.23
2026-04-16,Region B,P020,131,134,0.37
2026-04-16,Region B,P021,78,80,1.2
2026-04-16,Region B,P022,118,125,1.62
2026-04-16,Region B,P023,135,141,1.66
2026-04-16,Region B,P024,97,103,0.38
2026-04-16,Region B,P025,96,99,0.45
2026-04-16,Region B,P026,123,125,0.4
2026-04-16,Region B,P027,126,130,1.24
2026-04-16,Region B,P028,147,154,1.38
2026-04-16,Region B,P029,150,159,1.39
2026-04-16,Region B,P030,106,109,0.98
2026-04-16,Region C,P001,95,101,0.94
2026-04-16,Region C,P002,120,127,1.43
2026-04-16,Region C,P003,102,106,0.17
2026-04-16,Region C,P004,138,146,1.11
2026-04-16,Region C,P005,119,125,0.75
2026-04-16,Region C,P006,115,119,1.1
2026-04-16,Region C,P007,83,88,1.05
2026-04-16,Region C,P008,143,151,0.75
2026-04-16,Region C,P009,148,156,0.74
2026-04-16,Region C,P010,78,81,0.21
2026-04-16,Region C,P011,93,95,0.89
2026-04-16,Region C,P012,137,141,0.68
2026-04-16,Region C,P013,117,122,0.7
2026-04-16,Region C,P014,126,134,1.48
2026-04-16,Region C,P015,118,125,0.82
2026-04-16,Region C,P016,107,112,0.96
2026-04-16,Region C,P017,86,90,1.69
2026-04-16,Region C,P018,78,83,1.92
2026-04-16,Region C,P019,121,128,1.65
2026-04-16,Region C,P020,125,133,0.5
2026-04-16,Region C,P021,92,95,0.33
2026-04-16,Region C,P022,103,107,1.6
2026-04-16,Region C,P023,103,107,0.51
2026-04-16,Region C,P024,114,117,0.0
2026-04-16,Region C,P025,96,100,1.25
2026-04-16,Region C,P026,150,159,2.07
2026-04-16,Region C,P027,148,155,0.95
2026-04-16,Region C,P028,90,95,1.43
2026-04-16,Region C,P029,133,138,0.73
2026-04-16,Region C,P030,114,119,0.85
2026-04-16,Region D,P001,107,114,2.31
2026-04-16,Region D,P002,125,132,0.98
2026-04-16,Region D,P003,130,134,1.4
2026-04-16,Region D,P004,151,156,0.98
2026-04-16,Region D,P005,114,119,1.51
2026-04-16,Region D,P006,92,94,0.0
2026-04-16,Region D,P007,129,135,0.54
2026-04-16,Region D,P008,140,146,1.16
2026-04-16,Region D,P009,83,85,0.92
2026-04-16,Region D,P010,101,107,2.04
2026-04-16,Region D,P011,131,137,0.67
2026-04-16,Region D,P012,82,87,2.04
2026-04-16,Region D,P013,99,103,1.19
2026-04-16,Region D,P014,93,96,0.24
2026-04-16,Region D,P015,132,140,1.43
2026-04-16,Region D,P016,130,134,0.11
2026-04-16,Region D,P017,96,100,1.37
2026-04-16,Region D,P018,108,110,0.0
2026-04-16,Region D,P019,126,129,0.32
2026-04-16,Region D,P020,109,113,0.84
2026-04-16,Region D,P021,98,100,1.07
2026-04-16,Region D,P022,92,98,1.69
2026-04-16,Region D,P023,89,92,0.65
2026-04-16,Region D,P024,79,81,0.0
2026-04-16,Region D,P025,90,93,0.32
2026-04-16,Region D,P026,88,90,0.95
2026-04-16,Region D,P027,101,106,0.47
2026-04-16,Region D,P028,148,151,0.0
2026-04-16,Region D,P029,87,91,1.11
2026-04-16,Region D,P030,92,94,0.86
2026-04-17,Region A,P001,128,136,1.54
2026-04-17,Region A,P002,149,153,1.06
2026-04-17,Region A,P003,105,108,0.82
2026-04-17,Region A,P004,86,89,1.25
2026-04-17,Region A,P005,96,102,1.51
2026-04-17,Region A,P006,78,83,1.38
2026-04-17,Region A,P007,111,118,1.59
2026-04-17,Region A,P008,104,107,1.22
2026-04-17,Region A,P009,107,112,1.52
2026-04-17,Region A,P010,141,150,1.86
2026-04-17,Region A,P011,94,97,0.68
2026-04-17,Region A,P012,96,102,1.63
2026-04-17,Region A,P013,114,118,0.24
2026-04-17,Region A,P014,112,115,0.57
2026-04-17,Region A,P015,89,92,1.35
2026-04-17,Region A,P016,152,156,0.0
2026-04-17,Region A,P017,90,96,0.72
2026-04-17,Region A,P018,115,122,1.0
2026-04-17,Region A,P019,146,155,1.09
2026-04-17,Region A,P020,90,92,0.18
2026-04-17,Region A,P021,131,138,1.69
2026-04-17,Region A,P022,143,146,0.0
2026-04-17,Region A,P023,128,130,0.13
2026-04-17,Region A,P024,96,99,1.42
2026-04-17,Region A,P025,101,106,0.67
2026-04-17,Region A,P026,149,156,0.68
2026-04-17,Region A,P027,101,105,0.69
2026-04-17,Region A,P028,94,97,0.29
2026-04-17,Region A,P029,132,136,0.98
2026-04-17,Region A,P030,105,108,1.04
2026-04-17,Region B,P001,149,157,1.06
2026-04-17,Region B,P002,103,105,0.3
2026-04-17,Region B,P003,123,125,0.0
2026-04-17,Region B,P004,94,97,0.51
2026-04-17,Region B,P005,104,110,0.87
2026-04-17,Region B,P006,128,134,0.7
2026-04-17,Region B,P007,130,134,0.55
2026-04-17,Region B,P008,102,105,0.68
2026-04-17,Region B,P009,96,98,0.0
2026-04-17,Region B,P010,114,121,1.03
2026-04-17,Region B,P011,109,112,0.35
2026-04-17,Region B,P012,103,105,0.0
2026-04-17,Region B,P013,96,98,0.78
2026-04-17,Region B,P014,126,132,0.74
2026-04-17,Region B,P015,145,148,0.26
2026-04-17,Region B,P016,107,113,1.89
2026-04-17,Region B,P017,96,101,1.41
2026-04-17,Region B,P018,113,120,0.92
2026-04-17,Region B,P019,100,104,0.0
2026-04-17,Region B,P020,141,149,0.1
2026-04-17,Region B,P021,147,155,1.23
2026-04-17,Region B,P022,88,90,0.03
2026-04-17,Region B,P023,133,142,1.4
2026-04-17,Region B,P024,84,89,1.54
2026-04-17,Region B,P025,132,134,0.0
2026-04-17,Region B,P026,91,97,1.64
2026-04-17,Region B,P027,118,124,1.44
2026-04-17,Region B,P028,146,154,0.39
2026-04-17,Region B,P029,84,89,1.72
2026-04-17,Region B,P030,91,95,1.35
2026-04-17,Region C,P001,119,125,0.79
2026-04-17,Region C,P002,153,155,0.77
2026-04-17,Region C,P003,138,145,1.44
2026-04-17,Region C,P004,97,100,0.0
2026-04-17,Region C,P005,146,152,0.75
2026-04-17,Region C,P006,133,140,0.92
2026-04-17,Region C,P007,91,93,0.0
2026-04-17,Region C,P008,120,125,2.08
2026-04-17,Region C,P009,148,151,0.86
2026-04-17,Region C,P010,148,151,0.01
2026-04-17,Region C,P011,109,113,0.99
2026-04-17,Region C,P012,118,121,0.5
2026-04-17,Region C,P013,124,129,0.21
2026-04-17,Region C,P014,118,120,0.0
2026-04-17,Region C,P015,102,104,0.8
2026-04-17,Region C,P016,99,105,0.69
2026-04-17,Region C,P017,110,112,0.0
2026-04-17,Region C,P018,135,143,1.6
2026-04-17,Region C,P019,153,156,0.88
2026-04-17,Region C,P020,147,150,0.0
2026-04-17,Region C,P021,135,138,0.0
2026-04-17,Region C,P022,106,113,0.73
2026-04-17,Region C,P023,107,113,1.38
2026-04-17,Region C,P024,100,103,0.59
2026-04-17,Region C,P025,144,152,1.29
2026-04-17,Region C,P026,107,114,1.66
2026-04-17,Region C,P027,126,134,1.78
2026-04-17,Region C,P028,126,131,1.2
2026-04-17,Region C,P029,94,99,1.13
2026-04-17,Region C,P030,85,87,0.0
2026-04-17,Region D,P001,136,142,0.93
2026-04-17,Region D,P002,130,135,1.09
2026-04-17,Region D,P003,134,142,1.03
2026-04-17,Region D,P004,121,123,0.0
2026-04-17,Region D,P005,144,153,1.63
2026-04-17,Region D,P006,150,159,1.88
2026-04-17,Region D,P007,141,147,1.21
2026-04-17,Region D,P008,125,131,1.43
2026-04-17,Region D,P009,100,106,1.35
2026-04-17,Region D,P010,125,129,0.6
2026-04-17,Region D,P011,101,107,0.97
2026-04-17,Region D,P012,152,155,0.28
2026-04-17,Region D,P013,85,88,0.47
2026-04-17,Region D,P014,78,83,1.51
2026-04-17,Region D,P015,114,120,1.66
2026-04-17,Region D,P016,150,154,0.4
2026-04-17,Region D,P017,78,83,0.48
2026-04-17,Region D,P018,79,83,0.81
2026-04-17,Region D,P019,110,113,0.45
2026-04-17,Region D,P020,137,141,0.6
2026-04-17,Region D,P021,87,91,1.07
2026-04-17,Region D,P022,137,139,0.34
2026-04-17,Region D,P023,144,147,0.72
2026-04-17,Region D,P024,104,111,1.5
2026-04-17,Region D,P025,117,119,0.43
2026-04-17,Region D,P026,142,147,0.6
2026-04-17,Region D,P027,86,88,0.0
2026-04-17,Region D,P028,124,131,1.08
2026-04-17,Region D,P029,96,103,1.26
2026-04-17,Region D,P030,128,132,0.0
2026-04-18,Region A,P001,84,88,1.45
2026-04-18,Region A,P002,108,112,1.24
2026-04-18,Region A,P003,137,145,1.36
2026-04-18,Region A,P004,111,118,1.27
2026-04-18,Region A,P005,125,128,0.17
2026-04-18,Region A,P006,114,118,1.08
2026-04-18,Region A,P007,142,149,0.0
2026-04-18,Region A,P008,110,116,0.87
2026-04-18,Region A,P009,81,83,0.46
2026-04-18,Region A,P010,86,89,1.33
2026-04-18,Region A,P011,93,96,1.3
2026-04-18,Region A,P012,151,155,0.58
2026-04-18,Region A,P013,131,138,0.71
2026-04-18,Region A,P014,127,130,0.32
2026-04-18,Region A,P015,145,151,0.94
2026-04-18,Region A,P016,93,97,1.27
2026-04-18,Region A,P017,141,149,0.62
2026-04-18,Region A,P018,124,130,0.0
2026-04-18,Region A,P019,141,150,1.36
2026-04-18,Region A,P020,90,96,0.79
2026-04-18,Region A,P021,108,114,1.77
2026-04-18,Region A,P022,82,83,0.0
2026-04-18,Region A,P023,109,116,0.35
2026-04-18,Region A,P024,103,107,1.15
2026-04-18,Region A,P025,96,99,0.0
2026-04-18,Region A,P026,145,152,1.25
2026-04-18,Region A,P027,108,112,0.17
2026-04-18,Region A,P028,87,89,0.0
2026-04-18,Region A,P029,79,82,0.0
2026-04-18,Region A,P030,152,154,0.28
2026-04-18,Region B,P001,114,116,0.0
2026-04-18,Region B,P002,106,110,0.36
2026-04-18,Region B,P003,93,96,1.68
2026-04-18,Region B,P004,129,132,0.87
2026-04-18,Region B,P005,99,103,0.62
2026-04-18,Region B,P006,135,137,0.1
2026-04-18,Region B,P007,128,134,0.0
2026-04-18,Region B,P008,152,157,0.49
2026-04-18,Region B,P009,115,121,0.47
2026-04-18,Region B,P010,91,93,0.07
2026-04-18,Region B,P011,139,148,1.63
2026-04-18,Region B,P012,110,115,1.13
2026-04-18,Region B,P013,85,90,0.2
2026-04-18,Region B,P014,122,124,0.45
2026-04-18,Region B,P015,88,93,0.61
2026-04-18,Region B,P016,147,156,1.84
2026-04-18,Region B,P017,145,151,1.25
2026-04-18,Region B,P018,86,92,1.44
2026-04-18,Region B,P019,127,133,0.22
2026-04-18,Region B,P020,87,92,1.71
2026-04-18,Region B,P021,120,126,0.88
2026-04-18,Region B,P022,83,86,0.15
2026-04-18,Region B,P023,85,90,0.38
2026-04-18,Region B,P024,106,109,0.46
2026-04-18,Region B,P025,143,151,0.6
2026-04-18,Region B,P026,155,159,0.56
2026-04-18,Region B,P027,101,105,0.39
2026-04-18,Region B,P028,82,87,1.25
2026-04-18,Region B,P029,91,97,1.0
2026-04-18,Region B,P030,93,96,0.55
2026-04-18,Region C,P001,76,81,1.43
2026-04-18,Region C,P002,81,84,0.73
2026-04-18,Region C,P003,84,90,0.66
2026-04-18,Region C,P004,117,120,0.75
2026-04-18,Region C,P005,143,148,0.54
2026-04-18,Region C,P006,148,152,0.07
2026-04-18,Region C,P007,154,159,0.77
2026-04-18,Region C,P008,128,136,1.11
2026-04-18,Region C,P009,130,134,0.19
2026-04-18,Region C,P010,142,145,0.0
2026-04-18,Region C,P011,94,98,0.22
2026-04-18,Region C,P012,98,100,0.91
2026-04-18,Region C,P013,141,150,1.5
2026-04-18,Region C,P014,112,117,0.57
2026-04-18,Region C,P015,86,88,0.61
2026-04-18,Region C,P016,113,117,0.81
2026-04-18,Region C,P017,81,83,0.4
2026-04-18,Region C,P018,101,106,0.86
2026-04-18,Region C,P019,91,93,0.0
2026-04-18,Region C,P020,152,157,1.01
2026-04-18,Region C,P021,121,129,2.51
2026-04-18,Region C,P022,108,111,0.0
2026-04-18,Region C,P023,146,149,0.13
2026-04-18,Region C,P024,80,85,2.04
2026-04-18,Region C,P025,86,89,1.15
2026-04-18,Region C,P026,146,153,1.35
2026-04-18,Region C,P027,97,103,1.68
2026-04-18,Region C,P028,107,109,0.56
2026-04-18,Region C,P029,106,111,0.73
2026-04-18,Region C,P030,118,121,0.01
2026-04-18,Region D,P001,109,116,1.43
2026-04-18,Region D,P002,144,149,0.42
2026-04-18,Region D,P003,88,92,1.46
2026-04-18,Region D,P004,98,102,1.36
2026-04-18,Region D,P005,92,96,0.67
2026-04-18,Region D,P006,113,118,1.01
2026-04-18,Region D,P007,149,156,1.28
2026-04-18,Region D,P008,112,119,1.93
2026-04-18,Region D,P009,155,159,0.4
2026-04-18,Region D,P010,117,120,0.12
2026-04-18,Region D,P011,130,138,0.79
2026-04-18,Region D,P012,86,91,1.74
2026-04-18,Region D,P013,111,117,0.93
2026-04-18,Region D,P014,135,138,1.03
2026-04-18,Region D,P015,81,85,0.79
2026-04-18,Region D,P016,77,80,0.91
2026-04-18,Region D,P017,147,154,1.09
2026-04-18,Region D,P018,127,130,0.25
2026-04-18,Region D,P019,153,158,0.88
2026-04-18,Region D,P020,111,116,1.76
2026-04-18,Region D,P021,133,141,1.48
2026-04-18,Region D,P022,152,159,0.05
2026-04-18,Region D,P023,103,108,1.55
2026-04-18,Region D,P024,143,146,0.89
2026-04-18,Region D,P025,102,107,0.58
2026-04-18,Region D,P026,122,126,0.08
2026-04-18,Region D,P027,85,86,0.92
2026-04-18,Region D,P028,152,157,0.0
2026-04-18,Region D,P029,75,80,1.62
2026-04-18,Region D,P030,154,159,0.28
2026-04-19,Region A,P001,133,140,1.3
2026-04-19,Region A,P002,124,131,1.29
2026-04-19,Region A,P003,112,120,1.83
2026-04-19,Region A,P004,96,98,0.18
2026-04-19,Region A,P005,126,134,1.26
2026-04-19,Region A,P006,151,156,0.29
2026-04-19,Region A,P007,85,90,0.57
2026-04-19,Region A,P008,138,142,0.37
2026-04-19,Region A,P009,135,142,0.19
2026-04-19,Region A,P010,100,103,0.0
2026-04-19,Region A,P011,84,89,1.69
2026-04-19,Region A,P012,141,144,0.0
2026-04-19,Region A,P013,139,143,0.28
2026-04-19,Region A,P014,103,108,1.43
2026-04-19,Region A,P015,91,93,0.0
2026-04-19,Region A,P016,149,151,0.29
2026-04-19,Region A,P017,78,81,1.32
2026-04-19,Region A,P018,90,96,1.04
2026-04-19,Region A,P019,79,81,0.59
2026-04-19,Region A,P020,111,115,0.53
2026-04-19,Region A,P021,107,111,0.25
2026-04-19,Region A,P022,89,92,1.38
2026-04-19,Region A,P023,114,116,0.79
2026-04-19,Region A,P024,99,102,0.77
2026-04-19,Region A,P025,138,140,0.5
2026-04-19,Region A,P026,118,122,1.52
2026-04-19,Region A,P027,115,122,1.16
2026-04-19,Region A,P028,147,155,0.93
2026-04-19,Region A,P029,82,87,1.85
2026-04-19,Region A,P030,77,81,0.95
2026-04-19,Region B,P001,116,123,1.2
2026-04-19,Region B,P002,145,153,1.23
2026-04-19,Region B,P003,122,126,0.62
2026-04-19,Region B,P004,117,125,1.9
2026-04-19,Region B,P005,153,158,0.0
2026-04-19,Region B,P006,125,129,0.52
2026-04-19,Region B,P007,84,89,1.16
2026-04-19,Region B,P008,132,140,1.0
2026-04-19,Region B,P009,155,158,0.13
2026-04-19,Region B,P010,118,124,0.61
2026-04-19,Region B,P011,147,155,0.96
2026-04-19,Region B,P012,111,117,1.99
2026-04-19,Region B,P013,128,136,1.34
2026-04-19,Region B,P014,152,156,1.04
2026-04-19,Region B,P015,95,100,1.37
2026-04-19,Region B,P016,129,131,0.16
2026-04-19,Region B,P017,152,159,0.75
2026-04-19,Region B,P018,150,156,0.78
2026-04-19,Region B,P019,101,104,0.89
2026-04-19,Region B,P020,132,139,0.27
2026-04-19,Region B,P021,142,148,1.31
2026-04-19,Region B,P022,80,83,1.59
2026-04-19,Region B,P023,130,137,0.75
2026-04-19,Region B,P024,110,115,1.3
2026-04-19,Region B,P025,79,81,0.0
2026-04-19,Region B,P026,87,90,0.11
2026-04-19,Region B,P027,84,86,1.0
2026-04-19,Region B,P028,141,147,1.18
2026-04-19,Region B,P029,113,115,0.48
2026-04-19,Region B,P030,140,148,0.59
2026-04-19,Region C,P001,111,114,0.72
2026-04-19,Region C,P002,115,121,1.65
2026-04-19,Region C,P003,147,156,0.99
2026-04-19,Region C,P004,123,128,0.71
2026-04-19,Region C,P005,79,83,0.44
2026-04-19,Region C,P006,134,138,0.0
2026-04-19,Region C,P007,127,129,0.05
2026-04-19,Region C,P008,151,156,0.05
2026-04-19,Region C,P009,131,133,0.02
2026-04-19,Region C,P010,147,152,0.71
2026-04-19,Region C,P011,141,144,0.47
2026-04-19,Region C,P012,84,89,0.55
2026-04-19,Region C,P013,99,106,1.71
2026-04-19,Region C,P014,150,153,0.34
2026-04-19,Region C,P015,142,151,1.4
2026-04-19,Region C,P016,109,113,0.53
2026-04-19,Region C,P017,109,114,1.2
2026-04-19,Region C,P018,126,132,1.13
2026-04-19,Region C,P019,85,87,0.28
2026-04-19,Region C,P020,78,83,1.75
2026-04-19,Region C,P021,109,114,1.22
2026-04-19,Region C,P022,86,92,2.0
2026-04-19,Region C,P023,105,110,1.32
2026-04-19,Region C,P024,95,97,0.0
2026-04-19,Region C,P025,93,96,1.19
2026-04-19,Region C,P026,137,143,0.26
2026-04-19,Region C,P027,90,95,1.16
2026-04-19,Region C,P028,130,135,0.85
2026-04-19,Region C,P029,137,139,0.0
2026-04-19,Region C,P030,153,155,0.82
2026-04-19,Region D,P001,98,100,0.58
2026-04-19,Region D,P002,124,131,1.37
2026-04-19,Region D,P003,100,105,0.83
2026-04-19,Region D,P004,141,148,0.64
2026-04-19,Region D,P005,81,87,2.35
2026-04-19,Region D,P006,106,111,0.89
2026-04-19,Region D,P007,92,95,0.2
2026-04-19,Region D,P008,132,138,0.61
2026-04-19,Region D,P009,151,154,0.0
2026-04-19,Region D,P010,121,128,1.32
2026-04-19,Region D,P011,116,121,1.22
2026-04-19,Region D,P012,92,97,0.83
2026-04-19,Region D,P013,153,156,0.44
2026-04-19,Region D,P014,145,147,0.47
2026-04-19,Region D,P015,120,128,1.48
2026-04-19,Region D,P016,143,151,1.2
2026-04-19,Region D,P017,100,103,0.47
2026-04-19,Region D,P018,84,85,0.0
2026-04-19,Region D,P019,118,124,0.95
2026-04-19,Region D,P020,106,111,0.51
2026-04-19,Region D,P021,106,112,0.77
2026-04-19,Region D,P022,128,135,1.07
2026-04-19,Region D,P023,103,108,0.89
2026-04-19,Region D,P024,85,89,0.28
2026-04-19,Region D,P025,114,120,1.68
2026-04-19,Region D,P026,77,81,0.98
2026-04-19,Region D,P027,136,142,1.3
2026-04-19,Region D,P028,124,127,0.0
2026-04-19,Region D,P029,146,149,0.0
2026-04-19,Region D,P030,130,138,1.79
2026-04-20,Region A,P001,98,104,0.78
2026-04-20,Region A,P002,139,143,1.83
2026-04-20,Region A,P003,120,126,0.25
2026-04-20,Region A,P004,90,95,0.82
2026-04-20,Region A,P005,79,80,0.0
2026-04-20,Region A,P006,107,114,0.55
2026-04-20,Region A,P007,94,99,1.25
2026-04-20,Region A,P008,96,98,0.26
2026-04-20,Region A,P009,143,146,0.05
2026-04-20,Region A,P010,118,125,1.46
2026-04-20,Region A,P011,111,117,1.09
2026-04-20,Region A,P012,109,114,0.92
2026-04-20,Region A,P013,101,108,0.98
2026-04-20,Region A,P014,131,137,1.02
2026-04-20,Region A,P015,101,106,1.96
2026-04-20,Region A,P016,97,100,0.65
2026-04-20,Region A,P017,131,137,0.93
2026-04-20,Region A,P018,152,155,0.55
2026-04-20,Region A,P019,93,95,0.14
2026-04-20,Region A,P020,109,112,0.0
2026-04-20,Region A,P021,81,85,1.38
2026-04-20,Region A,P022,137,144,1.46
2026-04-20,Region A,P023,139,146,1.13
2026-04-20,Region A,P024,108,111,0.0
2026-04-20,Region A,P025,96,100,0.09
2026-04-20,Region A,P026,132,137,0.33
2026-04-20,Region A,P027,144,146,0.24
2026-04-20,Region A,P028,131,139,1.42
2026-04-20,Region A,P029,122,126,0.0
2026-04-20,Region A,P030,91,93,1.21
2026-04-20,Region B,P001,126,134,0.34
2026-04-20,Region B,P002,157,159,1.19
2026-04-20,Region B,P003,78,83,1.12
2026-04-20,Region B,P004,139,146,1.02
2026-04-20,Region B,P005,150,156,0.23
2026-04-20,Region B,P006,108,115,0.94
2026-04-20,Region B,P007,116,123,1.36
2026-04-20,Region B,P008,80,84,0.62
2026-04-20,Region B,P009,148,155,0.77
2026-04-20,Region B,P010,101,106,0.0
2026-04-20,Region B,P011,108,113,0.66
2026-04-20,Region B,P012,137,143,1.44
2026-04-20,Region B,P013,154,159,0.67
2026-04-20,Region B,P014,148,157,0.15
2026-04-20,Region B,P015,120,122,0.11
2026-04-20,Region B,P016,131,135,0.0
2026-04-20,Region B,P017,121,125,1.06
2026-04-20,Region B,P018,140,143,0.67
2026-04-20,Region B,P019,78,83,0.17
2026-04-20,Region B,P020,103,106,0.68
2026-04-20,Region B,P021,88,93,0.46
2026-04-20,Region B,P022,78,82,1.73
2026-04-20,Region B,P023,148,158,1.6
2026-04-20,Region B,P024,104,109,0.72
2026-04-20,Region B,P025,77,80,0.06
2026-04-20,Region B,P026,97,103,1.63
2026-04-20,Region B,P027,109,115,0.98
2026-04-20,Region B,P028,98,100,0.37
2026-04-20,Region B,P029,94,98,0.63
2026-04-20,Region B,P030,155,159,0.52
2026-04-20,Region C,P001,150,152,0.0
2026-04-20,Region C,P002,107,114,2.0
2026-04-20,Region C,P003,78,82,1.22
2026-04-20,Region C,P004,86,87,0.1
2026-04-20,Region C,P005,125,128,0.67
2026-04-20,Region C,P006,105,107,0.0
2026-04-20,Region C,P007,84,88,1.43
2026-04-20,Region C,P008,91,96,0.83
2026-04-20,Region C,P009,146,148,0.45
2026-04-20,Region C,P010,120,126,1.39
2026-04-20,Region C,P011,88,92,1.85
2026-04-20,Region C,P012,98,102,1.18
2026-04-20,Region C,P013,133,137,0.4
2026-04-20,Region C,P014,114,116,0.12
2026-04-20,Region C,P015,148,156,0.69
2026-04-20,Region C,P016,147,150,0.91
2026-04-20,Region C,P017,124,127,0.79
2026-04-20,Region C,P018,124,127,0.23
2026-04-20,Region C,P019,77,82,1.62
2026-04-20,Region C,P020,91,94,1.22
2026-04-20,Region C,P021,147,157,1.57
2026-04-20,Region C,P022,117,123,1.05
2026-04-20,Region C,P023,139,143,0.05
2026-04-20,Region C,P024,106,109,0.04
2026-04-20,Region C,P025,146,150,0.8
2026-04-20,Region C,P026,112,118,0.27
2026-04-20,Region C,P027,137,144,0.43
2026-04-20,Region C,P028,128,131,0.53
2026-04-20,Region C,P029,77,82,1.13
2026-04-20,Region C,P030,106,110,1.69
2026-04-20,Region D,P001,137,140,0.72
2026-04-20,Region D,P002,87,92,0.84
2026-04-20,Region D,P003,117,124,1.03
2026-04-20,Region D,P004,108,111,0.36
2026-04-20,Region D,P005,101,106,0.7
2026-04-20,Region D,P006,96,100,0.98
2026-04-20,Region D,P007,114,117,0.6
2026-04-20,Region D,P008,115,117,0.2
2026-04-20,Region D,P009,99,105,1.19
2026-04-20,Region D,P010,115,119,0.39
2026-04-20,Region D,P011,135,141,0.29
2026-04-20,Region D,P012,118,122,0.97
2026-04-20,Region D,P013,112,115,0.0
2026-04-20,Region D,P014,94,99,0.07
2026-04-20,Region D,P015,156,159,0.0
2026-04-20,Region D,P016,135,137,0.2
2026-04-20,Region D,P017,102,109,1.5
2026-04-20,Region D,P018,103,106,1.97
2026-04-20,Region D,P019,111,118,0.92
2026-04-20,Region D,P020,100,106,1.32
2026-04-20,Region D,P021,130,139,1.48
2026-04-20,Region D,P022,104,107,1.09
2026-04-20,Region D,P023,153,157,1.26
2026-04-20,Region D,P024,119,124,0.77
2026-04-20,Region D,P025,141,147,0.87
2026-04-20,Region D,P026,121,126,1.12
2026-04-20,Region D,P027,106,109,1.19
2026-04-20,Region D,P028,138,142,0.91
2026-04-20,Region D,P029,82,84,0.0
2026-04-20,Region D,P030,122,126,0.05
2026-04-21,Region A,P001,143,148,0.56
2026-04-21,Region A,P002,114,119,0.88
2026-04-21,Region A,P003,116,121,1.46
2026-04-21,Region A,P004,149,153,0.29
2026-04-21,Region A,P005,133,136,0.0
2026-04-21,Region A,P006,131,134,0.78
2026-04-21,Region A,P007,93,99,1.23
2026-04-21,Region A,P008,90,94,0.78
2026-04-21,Region A,P009,96,98,0.43
2026-04-21,Region A,P010,114,120,1.79
2026-04-21,Region A,P011,123,131,0.71
2026-04-21,Region A,P012,116,118,0.52
2026-04-21,Region A,P013,142,151,1.09
2026-04-21,Region A,P014,90,92,0.05
2026-04-21,Region A,P015,124,129,0.91
2026-04-21,Region A,P016,114,117,0.02
2026-04-21,Region A,P017,125,131,1.64
2026-04-21,Region A,P018,104,106,0.92
2026-04-21,Region A,P019,115,117,0.17
2026-04-21,Region A,P020,102,104,0.49
2026-04-21,Region A,P021,134,136,0.04
2026-04-21,Region A,P022,119,123,0.67
2026-04-21,Region A,P023,150,158,1.34
2026-04-21,Region A,P024,92,96,1.07
2026-04-21,Region A,P025,146,148,0.02
2026-04-21,Region A,P026,107,114,1.24
2026-04-21,Region A,P027,124,126,0.56
2026-04-21,Region A,P028,115,119,0.0
2026-04-21,Region A,P029,132,140,1.29
2026-04-21,Region A,P030,109,111,0.23
2026-04-21,Region B,P001,135,142,1.17
2026-04-21,Region B,P002,87,90,0.52
2026-04-21,Region B,P003,123,126,0.21
2026-04-21,Region B,P004,95,97,0.0
2026-04-21,Region B,P005,113,117,0.75
2026-04-21,Region B,P006,126,129,0.25
2026-04-21,Region B,P007,85,89,2.02
2026-04-21,Region B,P008,137,144,1.28
2026-04-21,Region B,P009,85,91,1.4
2026-04-21,Region B,P010,140,142,0.4
2026-04-21,Region B,P011,108,113,1.9
2026-04-21,Region B,P012,103,106,0.59
2026-04-21,Region B,P013,144,153,2.09
2026-04-21,Region B,P014,87,89,1.55
2026-04-21,Region B,P015,95,99,0.56
2026-04-21,Region B,P016,117,122,0.48
2026-04-21,Region B,P017,106,109,0.58
2026-04-21,Region B,P018,92,97,1.3
2026-04-21,Region B,P019,116,120,0.16
2026-04-21,Region B,P020,123,128,1.74
2026-04-21,Region B,P021,128,131,0.55
2026-04-21,Region B,P022,132,137,0.73
2026-04-21,Region B,P023,132,138,0.46
2026-04-21,Region B,P024,153,159,0.34
2026-04-21,Region B,P025,120,125,0.73
2026-04-21,Region B,P026,123,126,0.0
2026-04-21,Region B,P027,134,140,1.84
2026-04-21,Region B,P028,77,80,0.44
2026-04-21,Region B,P029,88,90,1.3
2026-04-21,Region B,P030,151,155,0.0
2026-04-21,Region C,P001,84,88,0.45
2026-04-21,Region C,P002,106,112,0.44
2026-04-21,Region C,P003,114,118,0.44
2026-04-21,Region C,P004,112,117,1.14
2026-04-21,Region C,P005,123,126,1.35
2026-04-21,Region C,P006,138,142,0.02
2026-04-21,Region C,P007,133,139,1.1
2026-04-21,Region C,P008,121,128,0.17
2026-04-21,Region C,P009,79,81,0.0
2026-04-21,Region C,P010,152,158,0.48
2026-04-21,Region C,P011,101,104,1.13
2026-04-21,Region C,P012,97,101,0.72
2026-04-21,Region C,P013,105,109,1.4
2026-04-21,Region C,P014,150,156,1.69
2026-04-21,Region C,P015,91,97,0.87
2026-04-21,Region C,P016,138,142,0.08
2026-04-21,Region C,P017,127,135,2.33
2026-04-21,Region C,P018,96,102,1.15
2026-04-21,Region C,P019,124,128,1.16
2026-04-21,Region C,P020,119,124,1.7
2026-04-21,Region C,P021,155,159,0.88
2026-04-21,Region C,P022,101,103,0.86
2026-04-21,Region C,P023,94,97,1.65
2026-04-21,Region C,P024,112,116,0.54
2026-04-21,Region C,P025,139,142,0.61
2026-04-21,Region C,P026,112,115,0.61
2026-04-21,Region C,P027,94,100,1.47
2026-04-21,Region C,P028,134,137,0.32
2026-04-21,Region C,P029,130,132,0.56
2026-04-21,Region C,P030,137,140,0.11
2026-04-21,Region D,P001,139,145,1.27
2026-04-21,Region D,P002,109,117,1.56
2026-04-21,Region D,P003,98,103,0.65
2026-04-21,Region D,P004,143,147,0.97
2026-04-21,Region D,P005,117,124,1.41
2026-04-21,Region D,P006,150,159,1.31
2026-04-21,Region D,P007,119,123,1.38
2026-04-21,Region D,P008,109,112,0.86
2026-04-21,Region D,P009,132,139,1.23
2026-04-21,Region D,P010,113,120,0.16
2026-04-21,Region D,P011,135,144,2.54
2026-04-21,Region D,P012,115,123,1.26
2026-04-21,Region D,P013,107,110,0.34
2026-04-21,Region D,P014,142,146,0.21
2026-04-21,Region D,P015,104,110,1.08
2026-04-21,Region D,P016,79,82,0.77
2026-04-21,Region D,P017,146,154,0.6
2026-04-21,Region D,P018,137,140,0.64
2026-04-21,Region D,P019,131,139,1.47
2026-04-21,Region D,P020,104,108,1.17
2026-04-21,Region D,P021,122,128,1.53
2026-04-21,Region D,P022,132,136,0.11
2026-04-21,Region D,P023,114,116,0.71
2026-04-21,Region D,P024,102,108,1.14
2026-04-21,Region D,P025,128,136,0.6
2026-04-21,Region D,P026,107,114,1.93
2026-04-21,Region D,P027,108,115,1.3
2026-04-21,Region D,P028,151,155,0.15
2026-04-21,Region D,P029,149,159,1.33
2026-04-21,Region D,P030,96,101,2.19
2026-04-22,Region A,P001,136,139,0.17
2026-04-22,Region A,P002,143,149,1.26
2026-04-22,Region A,P003,148,151,1.28
2026-04-22,Region A,P004,86,92,0.87
2026-04-22,Region A,P005,78,83,1.49
2026-04-22,Region A,P006,140,146,0.46
2026-04-22,Region A,P007,107,110,0.63
2026-04-22,Region A,P008,84,89,1.03
2026-04-22,Region A,P009,100,105,2.43
2026-04-22,Region A,P010,100,103,1.04
2026-04-22,Region A,P011,100,104,0.69
2026-04-22,Region A,P012,77,81,0.96
2026-04-22,Region A,P013,99,104,1.37
2026-04-22,Region A,P014,90,96,0.41
2026-04-22,Region A,P015,79,82,0.39
2026-04-22,Region A,P016,104,111,1.24
2026-04-22,Region A,P017,110,114,0.64
2026-04-22,Region A,P018,110,113,0.29
2026-04-22,Region A,P019,121,129,1.21
2026-04-22,Region A,P020,121,124,0.5
2026-04-22,Region A,P021,131,139,1.34
2026-04-22,Region A,P022,117,123,0.51
2026-04-22,Region A,P023,109,111,0.16
2026-04-22,Region A,P024,148,150,0.98
2026-04-22,Region A,P025,123,126,0.32
2026-04-22,Region A,P026,102,107,0.25
2026-04-22,Region A,P027,147,151,0.46
2026-04-22,Region A,P028,151,158,1.49
2026-04-22,Region A,P029,94,99,1.22
2026-04-22,Region A,P030,103,105,0.72
2026-04-22,Region B,P001,85,89,0.66
2026-04-22,Region B,P002,149,155,1.2
2026-04-22,Region B,P003,103,107,0.72
2026-04-22,Region B,P004,119,121,0.32
2026-04-22,Region B,P005,94,98,0.0
2026-04-22,Region B,P006,141,148,0.66
2026-04-22,Region B,P007,95,98,0.81
2026-04-22,Region B,P008,120,124,0.0
2026-04-22,Region B,P009,99,104,1.65
2026-04-22,Region B,P010,133,142,1.45
2026-04-22,Region B,P011,104,110,1.16
2026-04-22,Region B,P012,84,86,0.11
2026-04-22,Region B,P013,117,125,2.6
2026-04-22,Region B,P014,136,145,1.48
2026-04-22,Region B,P015,152,157,0.79
2026-04-22,Region B,P016,116,122,2.38
2026-04-22,Region B,P017,103,109,0.96
2026-04-22,Region B,P018,150,157,1.88
2026-04-22,Region B,P019,91,96,1.02
2026-04-22,Region B,P020,141,150,1.58
2026-04-22,Region B,P021,102,108,1.23
2026-04-22,Region B,P022,147,157,1.22
2026-04-22,Region B,P023,138,147,0.63
2026-04-22,Region B,P024,84,89,1.21
2026-04-22,Region B,P025,136,141,0.25
2026-04-22,Region B,P026,119,126,1.24
2026-04-22,Region B,P027,130,136,1.2
2026-04-22,Region B,P028,145,148,0.78
2026-04-22,Region B,P029,101,107,0.53
2026-04-22,Region B,P030,82,85,0.33
2026-04-22,Region C,P001,139,145,0.42
2026-04-22,Region C,P002,114,119,1.03
2026-04-22,Region C,P003,82,86,1.1
2026-04-22,Region C,P004,151,158,1.44
2026-04-22,Region C,P005,107,111,1.61
2026-04-22,Region C,P006,109,115,0.62
2026-04-22,Region C,P007,96,102,0.73
2026-04-22,Region C,P008,152,159,1.25
2026-04-22,Region C,P009,146,153,0.74
2026-04-22,Region C,P010,139,148,0.89
2026-04-22,Region C,P011,115,120,0.12
2026-04-22,Region C,P012,110,116,1.66
2026-04-22,Region C,P013,92,97,0.0
2026-04-22,Region C,P014,92,95,0.43
2026-04-22,Region C,P015,136,138,0.0
2026-04-22,Region C,P016,118,122,0.0
2026-04-22,Region C,P017,83,85,0.57
2026-04-22,Region C,P018,145,154,1.14
2026-04-22,Region C,P019,85,87,0.0
2026-04-22,Region C,P020,124,126,0.0
2026-04-22,Region C,P021,123,128,1.18
2026-04-22,Region C,P022,89,95,0.5
2026-04-22,Region C,P023,103,108,1.1
2026-04-22,Region C,P024,99,106,0.6
2026-04-22,Region C,P025,82,86,0.57
2026-04-22,Region C,P026,139,147,1.57
2026-04-22,Region C,P027,126,134,1.75
2026-04-22,Region C,P028,147,152,1.85
2026-04-22,Region C,P029,100,102,0.0
2026-04-22,Region C,P030,131,139,0.9
2026-04-22,Region D,P001,116,121,0.72
2026-04-22,Region D,P002,117,124,0.86
2026-04-22,Region D,P003,150,157,0.96
2026-04-22,Region D,P004,114,121,1.37
2026-04-22,Region D,P005,97,103,1.42
2026-04-22,Region D,P006,112,117,1.06
2026-04-22,Region D,P007,134,139,0.39
2026-04-22,Region D,P008,83,88,1.87
2026-04-22,Region D,P009,109,113,0.91
2026-04-22,Region D,P010,103,110,2.14
2026-04-22,Region D,P011,141,150,0.81
2026-04-22,Region D,P012,127,135,1.42
2026-04-22,Region D,P013,101,108,1.72
2026-04-22,Region D,P014,132,137,0.58
2026-04-22,Region D,P015,145,148,0.75
2026-04-22,Region D,P016,128,130,0.21
2026-04-22,Region D,P017,151,156,0.74
2026-04-22,Region D,P018,86,90,0.6
2026-04-22,Region D,P019,102,106,1.24
2026-04-22,Region D,P020,140,142,0.16
2026-04-22,Region D,P021,122,130,1.8
2026-04-22,Region D,P022,142,146,0.15
2026-04-22,Region D,P023,124,132,0.91
2026-04-22,Region D,P024,150,159,0.77
2026-04-22,Region D,P025,143,152,1.34
2026-04-22,Region D,P026,105,108,0.31
2026-04-22,Region D,P027,77,81,1.96
2026-04-22,Region D,P028,137,146,1.21
2026-04-22,Region D,P029,145,154,0.35
2026-04-22,Region D,P030,107,111,0.5
2026-04-23,Region A,P001,154,158,0.89
2026-04-23,Region A,P002,123,129,0.93
2026-04-23,Region A,P003,97,104,1.88
2026-04-23,Region A,P004,81,85,2.13
2026-04-23,Region A,P005,119,127,0.7
2026-04-23,Region A,P006,85,87,0.6
2026-04-23,Region A,P007,151,159,0.92
2026-04-23,Region A,P008,91,93,0.0
2026-04-23,Region A,P009,135,142,0.92
2026-04-23,Region A,P010,91,93,1.3
2026-04-23,Region A,P011,149,159,1.33
2026-04-23,Region A,P012,88,93,0.58
2026-04-23,Region A,P013,111,118,0.87
2026-04-23,Region A,P014,128,136,0.65
2026-04-23,Region A,P015,125,131,0.85
2026-04-23,Region A,P016,133,139,1.72
2026-04-23,Region A,P017,80,83,1.08
2026-04-23,Region A,P018,135,140,1.1
2026-04-23,Region A,P019,129,135,1.82
2026-04-23,Region A,P020,90,93,0.8
2026-04-23,Region A,P021,75,80,1.49
2026-04-23,Region A,P022,75,80,1.61
2026-04-23,Region A,P023,77,82,1.84
2026-04-23,Region A,P024,128,133,1.55
2026-04-23,Region A,P025,143,149,0.0
2026-04-23,Region A,P026,118,125,1.53
2026-04-23,Region A,P027,103,108,0.82
2026-04-23,Region A,P028,107,111,0.29
2026-04-23,Region A,P029,103,109,0.3
2026-04-23,Region A,P030,145,149,0.26
2026-04-23,Region B,P001,124,131,1.14
2026-04-23,Region B,P002,121,127,1.23
2026-04-23,Region B,P003,91,94,0.87
2026-04-23,Region B,P004,95,101,1.04
2026-04-23,Region B,P005,90,94,0.78
2026-04-23,Region B,P006,146,152,1.22
2026-04-23,Region B,P007,125,132,1.03
2026-04-23,Region B,P008,88,90,0.0
2026-04-23,Region B,P009,146,149,0.0
2026-04-23,Region B,P010,122,127,0.67
2026-04-23,Region B,P011,94,95,0.21
2026-04-23,Region B,P012,149,152,1.24
2026-04-23,Region B,P013,95,98,0.87
2026-04-23,Region B,P014,137,143,0.99
2026-04-23,Region B,P015,101,107,1.48
2026-04-23,Region B,P016,105,107,0.0
2026-04-23,Region B,P017,153,156,0.0
2026-04-23,Region B,P018,88,89,0.58
2026-04-23,Region B,P019,150,156,1.02
2026-04-23,Region B,P020,144,150,1.33
2026-04-23,Region B,P021,114,116,0.64
2026-04-23,Region B,P022,79,82,0.55
2026-04-23,Region B,P023,141,149,1.39
2026-04-23,Region B,P024,89,91,0.44
2026-04-23,Region B,P025,149,153,0.32
2026-04-23,Region B,P026,92,95,0.18
2026-04-23,Region B,P027,142,149,0.58
2026-04-23,Region B,P028,84,89,2.04
2026-04-23,Region B,P029,87,90,0.05
2026-04-23,Region B,P030,153,158,0.75
2026-04-23,Region C,P001,91,94,0.56
2026-04-23,Region C,P002,134,138,1.02
2026-04-23,Region C,P003,87,89,0.88
2026-04-23,Region C,P004,120,124,1.27
2026-04-23,Region C,P005,94,98,0.75
2026-04-23,Region C,P006,86,92,0.8
2026-04-23,Region C,P007,134,136,0.06
2026-04-23,Region C,P008,88,91,0.54
2026-04-23,Region C,P009,155,157,0.54
2026-04-23,Region C,P010,85,88,0.92
2026-04-23,Region C,P011,143,150,0.0
2026-04-23,Region C,P012,75,80,1.25
2026-04-23,Region C,P013,91,92,0.76
2026-04-23,Region C,P014,123,127,1.38
2026-04-23,Region C,P015,134,141,2.26
2026-04-23,Region C,P016,100,103,0.66
2026-04-23,Region C,P017,122,130,1.3
2026-04-23,Region C,P018,138,145,1.75
2026-04-23,Region C,P019,123,130,1.26
2026-04-23,Region C,P020,83,87,1.07
2026-04-23,Region C,P021,84,88,0.61
2026-04-23,Region C,P022,78,80,1.17
2026-04-23,Region C,P023,93,95,0.0
2026-04-23,Region C,P024,112,117,0.97
2026-04-23,Region C,P025,82,87,0.77
2026-04-23,Region C,P026,122,127,1.1
2026-04-23,Region C,P027,154,157,0.44
2026-04-23,Region C,P028,123,127,0.77
2026-04-23,Region C,P029,142,145,0.0
2026-04-23,Region C,P030,102,105,0.91
2026-04-23,Region D,P001,142,151,1.1
2026-04-23,Region D,P002,90,93,1.83
2026-04-23,Region D,P003,81,84,0.0
2026-04-23,Region D,P004,129,136,1.19
2026-04-23,Region D,P005,87,92,1.18
2026-04-23,Region D,P006,82,88,0.76
2026-04-23,Region D,P007,152,157,1.45
2026-04-23,Region D,P008,154,157,1.4
2026-04-23,Region D,P009,107,112,0.2
2026-04-23,Region D,P010,129,138,1.6
2026-04-23,Region D,P011,100,106,1.56
2026-04-23,Region D,P012,104,110,1.57
2026-04-23,Region D,P013,140,147,1.07
2026-04-23,Region D,P014,131,133,0.34
2026-04-23,Region D,P015,96,98,0.76
2026-04-23,Region D,P016,118,125,0.93
2026-04-23,Region D,P017,79,81,0.0
2026-04-23,Region D,P018,80,84,1.44
2026-04-23,Region D,P019,100,106,0.92
2026-04-23,Region D,P020,91,93,0.32
2026-04-23,Region D,P021,145,150,0.33
2026-04-23,Region D,P022,112,119,1.4
2026-04-23,Region D,P023,131,138,1.33
2026-04-23,Region D,P024,150,159,2.17
2026-04-23,Region D,P025,86,92,1.01
2026-04-23,Region D,P026,103,105,0.46
2026-04-23,Region D,P027,101,103,0.0
2026-04-23,Region D,P028,102,104,0.61
2026-04-23,Region D,P029,148,154,1.26
2026-04-23,Region D,P030,93,95,0.75
2026-04-24,Region A,P001,89,92,0.72
2026-04-24,Region A,P002,121,128,0.54
2026-04-24,Region A,P003,108,110,0.55
2026-04-24,Region A,P004,91,93,0.0
2026-04-24,Region A,P005,99,102,0.5
2026-04-24,Region A,P006,94,96,0.1
2026-04-24,Region A,P007,137,141,0.89
2026-04-24,Region A,P008,109,112,0.52
2026-04-24,Region A,P009,145,150,1.35
2026-04-24,Region A,P010,113,116,0.33
2026-04-24,Region A,P011,145,149,0.24
2026-04-24,Region A,P012,117,122,1.82
2026-04-24,Region A,P013,150,159,1.83
2026-04-24,Region A,P014,148,153,0.33
2026-04-24,Region A,P015,129,135,1.28
2026-04-24,Region A,P016,105,110,0.31
2026-04-24,Region A,P017,138,141,0.0
2026-04-24,Region A,P018,98,101,0.64
2026-04-24,Region A,P019,81,83,0.55
2026-04-24,Region A,P020,99,104,2.17
2026-04-24,Region A,P021,131,140,1.71
2026-04-24,Region A,P022,94,97,0.0
2026-04-24,Region A,P023,91,93,0.73
2026-04-24,Region A,P024,83,88,0.44
2026-04-24,Region A,P025,94,97,0.17
2026-04-24,Region A,P026,109,112,0.63
2026-04-24,Region A,P027,111,117,0.08
2026-04-24,Region A,P028,127,133,0.68
2026-04-24,Region A,P029,150,157,1.0
2026-04-24,Region A,P030,132,139,0.18
2026-04-24,Region B,P001,102,105,0.98
2026-04-24,Region B,P002,136,140,1.2
2026-04-24,Region B,P003,133,138,0.78
2026-04-24,Region B,P004,137,144,1.38
2026-04-24,Region B,P005,103,108,1.25
2026-04-24,Region B,P006,122,128,1.24
2026-04-24,Region B,P007,137,145,1.01
2026-04-24,Region B,P008,103,109,1.88
2026-04-24,Region B,P009,148,155,0.46
2026-04-24,Region B,P010,93,98,0.61
2026-04-24,Region B,P011,95,98,1.19
2026-04-24,Region B,P012,84,86,0.89
2026-04-24,Region B,P013,110,116,1.12
2026-04-24,Region B,P014,90,96,0.82
2026-04-24,Region B,P015,121,125,0.75
2026-04-24,Region B,P016,89,95,1.81
2026-04-24,Region B,P017,136,144,1.01
2026-04-24,Region B,P018,112,119,1.35
2026-04-24,Region B,P019,98,101,0.38
2026-04-24,Region B,P020,133,141,1.42
2026-04-24,Region B,P021,97,101,0.59
2026-04-24,Region B,P022,141,145,0.61
2026-04-24,Region B,P023,125,127,0.67
2026-04-24,Region B,P024,82,83,0.0
2026-04-24,Region B,P025,133,140,1.31
2026-04-24,Region B,P026,149,158,1.47
2026-04-24,Region B,P027,129,137,1.3
2026-04-24,Region B,P028,93,97,0.77
2026-04-24,Region B,P029,85,90,1.06
2026-04-24,Region B,P030,120,128,1.14
2026-04-24,Region C,P001,113,117,0.13
2026-04-24,Region C,P002,153,159,0.82
2026-04-24,Region C,P003,87,92,1.11
2026-04-24,Region C,P004,141,150,0.46
2026-04-24,Region C,P005,94,100,0.75
2026-04-24,Region C,P006,131,138,0.57
2026-04-24,Region C,P007,140,145,1.06
2026-04-24,Region C,P008,136,145,1.72
2026-04-24,Region C,P009,146,153,0.26
2026-04-24,Region C,P010,93,97,0.54
2026-04-24,Region C,P011,93,97,0.0
2026-04-24,Region C,P012,133,138,0.8
2026-04-24,Region C,P013,131,136,1.09
2026-04-24,Region C,P014,86,88,0.0
2026-04-24,Region C,P015,103,105,0.0
2026-04-24,Region C,P016,82,83,0.97
2026-04-24,Region C,P017,94,100,1.8
2026-04-24,Region C,P018,115,120,0.67
2026-04-24,Region C,P019,102,108,1.08
2026-04-24,Region C,P020,135,137,0.12
2026-04-24,Region C,P021,92,95,1.08
2026-04-24,Region C,P022,133,142,1.63
2026-04-24,Region C,P023,145,150,0.86
2026-04-24,Region C,P024,139,147,1.04
2026-04-24,Region C,P025,103,109,1.05
2026-04-24,Region C,P026,143,151,1.82
2026-04-24,Region C,P027,96,100,1.42
2026-04-24,Region C,P028,82,86,0.9
2026-04-24,Region C,P029,102,108,0.86
2026-04-24,Region C,P030,143,145,0.57
2026-04-24,Region D,P001,125,132,0.82
2026-04-24,Region D,P002,117,124,1.83
2026-04-24,Region D,P003,105,108,1.03
2026-04-24,Region D,P004,153,156,0.56
2026-04-24,Region D,P005,108,112,0.34
2026-04-24,Region D,P006,147,156,2.22
2026-04-24,Region D,P007,127,134,1.9
2026-04-24,Region D,P008,140,144,1.54
2026-04-24,Region D,P009,137,142,0.86
2026-04-24,Region D,P010,90,94,1.08
2026-04-24,Region D,P011,80,83,1.25
2026-04-24,Region D,P012,91,93,0.26
2026-04-24,Region D,P013,96,98,0.63
2026-04-24,Region D,P014,117,119,0.06
2026-04-24,Region D,P015,111,117,0.94
2026-04-24,Region D,P016,145,150,0.63
2026-04-24,Region D,P017,81,85,1.41
2026-04-24,Region D,P018,150,157,0.85
2026-04-24,Region D,P019,78,80,0.58
2026-04-24,Region D,P020,119,126,1.2
2026-04-24,Region D,P021,98,102,0.11
2026-04-24,Region D,P022,115,122,1.17
2026-04-24,Region D,P023,136,145,1.92
2026-04-24,Region D,P024,127,132,0.45
2026-04-24,Region D,P025,154,158,0.0
2026-04-24,Region D,P026,136,143,1.66
2026-04-24,Region D,P027,100,103,0.45
2026-04-24,Region D,P028,134,142,1.42
2026-04-24,Region D,P029,121,124,0.33
2026-04-24,Region D,P030,123,126,0.78
2026-04-25,Region A,P001,76,81,1.9
2026-04-25,Region A,P002,103,109,1.04
2026-04-25,Region A,P003,106,112,1.13
2026-04-25,Region A,P004,156,159,0.65
2026-04-25,Region A,P005,121,125,1.29
2026-04-25,Region A,P006,102,109,1.67
2026-04-25,Region A,P007,120,122,0.22
2026-04-25,Region A,P008,91,96,0.87
2026-04-25,Region A,P009,103,109,0.74
2026-04-25,Region A,P010,104,109,1.06
2026-04-25,Region A,P011,106,112,0.18
2026-04-25,Region A,P012,144,150,0.52
2026-04-25,Region A,P013,139,144,0.4
2026-04-25,Region A,P014,146,153,0.03
2026-04-25,Region A,P015,106,108,0.68
2026-04-25,Region A,P016,80,82,1.35
2026-04-25,Region A,P017,145,148,0.54
2026-04-25,Region A,P018,150,159,1.25
2026-04-25,Region A,P019,96,98,0.72
2026-04-25,Region A,P020,144,148,1.22
2026-04-25,Region A,P021,144,151,0.87
2026-04-25,Region A,P022,94,97,1.34
2026-04-25,Region A,P023,98,102,1.07
2026-04-25,Region A,P024,119,124,0.57
2026-04-25,Region A,P025,112,114,0.09
2026-04-25,Region A,P026,79,82,0.0
2026-04-25,Region A,P027,77,80,0.52
2026-04-25,Region A,P028,135,142,1.14
2026-04-25,Region A,P029,122,129,0.96
2026-04-25,Region A,P030,119,125,0.0
2026-04-25,Region B,P001,142,146,0.1
2026-04-25,Region B,P002,153,155,1.37
2026-04-25,Region B,P003,102,104,0.0
2026-04-25,Region B,P004,105,111,1.97
2026-04-25,Region B,P005,88,90,0.78
2026-04-25,Region B,P006,149,155,0.25
2026-04-25,Region B,P007,138,143,0.0
2026-04-25,Region B,P008,95,101,0.68
2026-04-25,Region B,P009,97,101,0.9
2026-04-25,Region B,P010,86,88,0.45
2026-04-25,Region B,P011,92,94,0.32
2026-04-25,Region B,P012,149,158,0.67
2026-04-25,Region B,P013,139,142,1.19
2026-04-25,Region B,P014,125,127,0.43
2026-04-25,Region B,P015,130,136,0.99
2026-04-25,Region B,P016,136,141,0.41
2026-04-25,Region B,P017,90,93,1.11
2026-04-25,Region B,P018,89,94,1.28
2026-04-25,Region B,P019,93,96,0.97
2026-04-25,Region B,P020,86,91,1.48
2026-04-25,Region B,P021,117,124,1.78
2026-04-25,Region B,P022,126,130,1.13
2026-04-25,Region B,P023,114,118,0.13
2026-04-25,Region B,P024,113,116,0.19
2026-04-25,Region B,P025,105,110,2.32
2026-04-25,Region B,P026,109,116,1.29
2026-04-25,Region B,P027,90,94,1.51
2026-04-25,Region B,P028,102,104,0.4
2026-04-25,Region B,P029,110,116,1.14
2026-04-25,Region B,P030,88,92,0.84
2026-04-25,Region C,P001,127,134,1.79
2026-04-25,Region C,P002,88,94,1.01
2026-04-25,Region C,P003,139,143,0.96
2026-04-25,Region C,P004,93,95,0.13
2026-04-25,Region C,P005,91,96,2.39
2026-04-25,Region C,P006,89,91,0.14
2026-04-25,Region C,P007,140,142,0.61
2026-04-25,Region C,P008,141,146,0.52
2026-04-25,Region C,P009,143,146,0.3
2026-04-25,Region C,P010,120,125,1.03
2026-04-25,Region C,P011,144,154,1.59
2026-04-25,Region C,P012,94,97,1.02
2026-04-25,Region C,P013,142,151,1.13
2026-04-25,Region C,P014,147,152,0.1
2026-04-25,Region C,P015,87,92,1.58
2026-04-25,Region C,P016,87,91,0.54
2026-04-25,Region C,P017,104,108,0.57
2026-04-25,Region C,P018,100,103,1.55
2026-04-25,Region C,P019,128,137,1.92
2026-04-25,Region C,P020,76,81,0.27
2026-04-25,Region C,P021,146,151,0.22
2026-04-25,Region C,P022,84,87,1.63
2026-04-25,Region C,P023,88,91,0.66
2026-04-25,Region C,P024,137,145,1.59
2026-04-25,Region C,P025,116,121,0.28
2026-04-25,Region C,P026,124,132,1.72
2026-04-25,Region C,P027,82,87,2.13
2026-04-25,Region C,P028,134,142,1.18
2026-04-25,Region C,P029,111,115,0.4
2026-04-25,Region C,P030,122,130,1.68
2026-04-25,Region D,P001,83,85,0.65
2026-04-25,Region D,P002,104,106,0.34
2026-04-25,Region D,P003,83,87,0.58
2026-04-25,Region D,P004,152,155,0.1
2026-04-25,Region D,P005,139,141,1.47
2026-04-25,Region D,P006,105,112,0.82
2026-04-25,Region D,P007,140,142,0.89
2026-04-25,Region D,P008,142,151,1.37
2026-04-25,Region D,P009,105,111,2.29
2026-04-25,Region D,P010,140,143,0.0
2026-04-25,Region D,P011,99,106,1.24
2026-04-25,Region D,P012,90,94,0.79
2026-04-25,Region D,P013,87,93,1.07
2026-04-25,Region D,P014,136,142,0.7
2026-04-25,Region D,P015,133,141,1.34
2026-04-25,Region D,P016,142,149,1.01
2026-04-25,Region D,P017,105,111,0.91
2026-04-25,Region D,P018,89,92,0.49
2026-04-25,Region D,P019,108,112,0.63
2026-04-25,Region D,P020,117,125,0.68
2026-04-25,Region D,P021,149,157,0.85
2026-04-25,Region D,P022,89,93,1.53
2026-04-25,Region D,P023,81,86,0.91
2026-04-25,Region D,P024,114,120,0.6
2026-04-25,Region D,P025,123,127,0.03
2026-04-25,Region D,P026,123,128,0.71
2026-04-25,Region D,P027,117,121,0.14
2026-04-25,Region D,P028,118,124,0.44
2026-04-25,Region D,P029,105,109,0.0
2026-04-25,Region D,P030,88,93,1.12
2026-04-26,Region A,P001,139,145,0.98
2026-04-26,Region A,P002,112,114,0.0
2026-04-26,Region A,P003,137,141,0.0
2026-04-26,Region A,P004,131,133,0.23
2026-04-26,Region A,P005,105,112,1.13
2026-04-26,Region A,P006,76,81,1.88
2026-04-26,Region A,P007,104,106,0.34
2026-04-26,Region A,P008,147,156,1.48
2026-04-26,Region A,P009,126,130,0.06
2026-04-26,Region A,P010,98,105,1.74
2026-04-26,Region A,P011,123,129,0.4
2026-04-26,Region A,P012,116,122,0.69
2026-04-26,Region A,P013,139,148,2.06
2026-04-26,Region A,P014,125,131,0.69
2026-04-26,Region A,P015,94,100,1.19
2026-04-26,Region A,P016,93,95,0.25
2026-04-26,Region A,P017,81,84,1.32
2026-04-26,Region A,P018,141,145,0.7
2026-04-26,Region A,P019,139,147,1.26
2026-04-26,Region A,P020,139,146,1.32
2026-04-26,Region A,P021,132,140,1.65
2026-04-26,Region A,P022,82,85,1.23
2026-04-26,Region A,P023,82,87,0.79
2026-04-26,Region A,P024,103,107,2.09
2026-04-26,Region A,P025,132,139,1.18
2026-04-26,Region A,P026,76,81,1.54
2026-04-26,Region A,P027,116,120,0.31
2026-04-26,Region A,P028,102,105,0.39
2026-04-26,Region A,P029,121,129,0.93
2026-04-26,Region A,P030,143,150,0.6
2026-04-26,Region B,P001,131,135,0.04
2026-04-26,Region B,P002,84,88,0.36
2026-04-26,Region B,P003,112,118,1.54
2026-04-26,Region B,P004,112,117,0.75
2026-04-26,Region B,P005,134,141,0.61
2026-04-26,Region B,P006,80,81,0.65
2026-04-26,Region B,P007,141,147,0.52
2026-04-26,Region B,P008,152,157,0.45
2026-04-26,Region B,P009,153,159,0.11
2026-04-26,Region B,P010,147,156,1.26
2026-04-26,Region B,P011,102,106,0.79
2026-04-26,Region B,P012,137,143,0.72
2026-04-26,Region B,P013,130,132,0.0
2026-04-26,Region B,P014,79,83,1.07
2026-04-26,Region B,P015,130,135,0.38
2026-04-26,Region B,P016,91,95,0.48
2026-04-26,Region B,P017,107,109,0.58
2026-04-26,Region B,P018,91,96,1.79
2026-04-26,Region B,P019,82,86,1.09
2026-04-26,Region B,P020,113,115,0.0
2026-04-26,Region B,P021,102,106,0.52
2026-04-26,Region B,P022,142,148,0.21
2026-04-26,Region B,P023,142,147,0.51
2026-04-26,Region B,P024,120,125,0.96
2026-04-26,Region B,P025,118,123,0.78
2026-04-26,Region B,P026,121,125,0.38
2026-04-26,Region B,P027,81,83,0.25
2026-04-26,Region B,P028,150,154,1.14
2026-04-26,Region B,P029,143,146,1.12
2026-04-26,Region B,P030,148,153,0.0
2026-04-26,Region C,P001,133,139,0.98
2026-04-26,Region C,P002,133,135,0.54
2026-04-26,Region C,P003,114,119,0.31
2026-04-26,Region C,P004,123,128,1.39
2026-04-26,Region C,P005,131,134,0.47
2026-04-26,Region C,P006,124,127,0.32
2026-04-26,Region C,P007,119,121,0.2
2026-04-26,Region C,P008,141,149,1.38
2026-04-26,Region C,P009,103,107,1.11
2026-04-26,Region C,P010,104,106,0.0
2026-04-26,Region C,P011,105,108,0.7
2026-04-26,Region C,P012,108,114,1.74
2026-04-26,Region C,P013,96,102,1.76
2026-04-26,Region C,P014,129,135,0.99
2026-04-26,Region C,P015,127,132,1.14
2026-04-26,Region C,P016,118,122,0.0
2026-04-26,Region C,P017,149,154,1.1
2026-04-26,Region C,P018,113,118,1.23
2026-04-26,Region C,P019,97,102,1.6
2026-04-26,Region C,P020,107,110,0.61
2026-04-26,Region C,P021,150,159,1.19
2026-04-26,Region C,P022,79,83,1.18
2026-04-26,Region C,P023,101,105,1.35
2026-04-26,Region C,P024,98,100,0.18
2026-04-26,Region C,P025,83,88,0.44
2026-04-26,Region C,P026,139,145,0.64
2026-04-26,Region C,P027,146,150,1.22
2026-04-26,Region C,P028,150,156,0.93
2026-04-26,Region C,P029,118,125,0.45
2026-04-26,Region C,P030,133,137,0.29
2026-04-26,Region D,P001,141,145,0.28
2026-04-26,Region D,P002,94,97,1.06
2026-04-26,Region D,P003,133,141,1.17
2026-04-26,Region D,P004,81,83,0.07
2026-04-26,Region D,P005,121,129,1.55
2026-04-26,Region D,P006,120,124,1.65
2026-04-26,Region D,P007,81,83,0.75
2026-04-26,Region D,P008,108,112,1.26
2026-04-26,Region D,P009,150,153,0.2
2026-04-26,Region D,P010,85,90,1.0
2026-04-26,Region D,P011,78,82,0.06
2026-04-26,Region D,P012,77,81,0.97
2026-04-26,Region D,P013,114,116,1.08
2026-04-26,Region D,P014,107,109,0.38
2026-04-26,Region D,P015,150,159,1.09
2026-04-26,Region D,P016,132,135,1.41
2026-04-26,Region D,P017,131,133,0.11
2026-04-26,Region D,P018,152,155,0.1
2026-04-26,Region D,P019,121,126,0.67
2026-04-26,Region D,P020,148,157,1.41
2026-04-26,Region D,P021,119,124,1.96
2026-04-26,Region D,P022,140,148,1.15
2026-04-26,Region D,P023,119,121,0.38
2026-04-26,Region D,P024,77,82,1.45
2026-04-26,Region D,P025,82,84,1.14
2026-04-26,Region D,P026,141,143,0.49
2026-04-26,Region D,P027,78,81,0.69
2026-04-26,Region D,P028,104,107,0.0
2026-04-26,Region D,P029,85,87,1.14
2026-04-26,Region D,P030,93,96,0.96
2026-04-27,Region A,P001,103,107,0.51
2026-04-27,Region A,P002,117,119,0.38
2026-04-27,Region A,P003,106,108,0.0
2026-04-27,Region A,P004,119,122,0.82
2026-04-27,Region A,P005,107,113,1.73
2026-04-27,Region A,P006,133,137,0.03
2026-04-27,Region A,P007,117,119,0.31
2026-04-27,Region A,P008,99,103,0.84
2026-04-27,Region A,P009,133,137,0.44
2026-04-27,Region A,P010,140,149,1.49
2026-04-27,Region A,P011,142,147,0.52
2026-04-27,Region A,P012,81,84,0.42
2026-04-27,Region A,P013,111,116,1.11
2026-04-27,Region A,P014,112,117,1.07
2026-04-27,Region A,P015,150,159,1.25
2026-04-27,Region A,P016,99,102,0.86
2026-04-27,Region A,P017,122,130,2.22
2026-04-27,Region A,P018,125,129,0.87
2026-04-27,Region A,P019,138,141,0.26
2026-04-27,Region A,P020,133,137,0.9
2026-04-27,Region A,P021,101,106,0.58
2026-04-27,Region A,P022,114,116,0.56
2026-04-27,Region A,P023,123,127,0.93
2026-04-27,Region A,P024,146,155,0.28
2026-04-27,Region A,P025,101,107,0.55
2026-04-27,Region A,P026,110,116,0.93
2026-04-27,Region A,P027,154,158,1.11
2026-04-27,Region A,P028,104,108,1.66
2026-04-27,Region A,P029,99,104,1.14
2026-04-27,Region A,P030,131,136,0.59
2026-04-27,Region B,P001,147,154,1.4
2026-04-27,Region B,P002,85,91,1.79
2026-04-27,Region B,P003,108,112,0.54
2026-04-27,Region B,P004,124,132,0.38
2026-04-27,Region B,P005,116,123,1.06
2026-04-27,Region B,P006,80,86,1.86
2026-04-27,Region B,P007,120,123,0.0
2026-04-27,Region B,P008,124,127,0.99
2026-04-27,Region B,P009,89,95,1.56
2026-04-27,Region B,P010,118,124,2.1
2026-04-27,Region B,P011,118,125,0.97
2026-04-27,Region B,P012,123,127,0.35
2026-04-27,Region B,P013,133,136,1.24
2026-04-27,Region B,P014,140,147,1.07
2026-04-27,Region B,P015,94,100,0.85
2026-04-27,Region B,P016,140,147,1.38
2026-04-27,Region B,P017,79,84,1.41
2026-04-27,Region B,P018,147,152,0.53
2026-04-27,Region B,P019,144,150,1.06
2026-04-27,Region B,P020,138,141,0.41
2026-04-27,Region B,P021,144,148,0.79
2026-04-27,Region B,P022,98,100,0.34
2026-04-27,Region B,P023,110,115,0.66
2026-04-27,Region B,P024,119,123,0.43
2026-04-27,Region B,P025,144,150,1.3
2026-04-27,Region B,P026,151,158,0.42
2026-04-27,Region B,P027,82,83,0.0
2026-04-27,Region B,P028,89,95,1.99
2026-04-27,Region B,P029,132,136,0.21
2026-04-27,Region B,P030,90,95,1.62
2026-04-27,Region C,P001,113,120,1.13
2026-04-27,Region C,P002,96,101,0.38
2026-04-27,Region C,P003,121,128,0.73
2026-04-27,Region C,P004,136,144,1.49
2026-04-27,Region C,P005,118,121,0.0
2026-04-27,Region C,P006,123,130,1.5
2026-04-27,Region C,P007,81,85,1.46
2026-04-27,Region C,P008,110,114,1.39
2026-04-27,Region C,P009,129,138,0.92
2026-04-27,Region C,P010,145,151,0.2
2026-04-27,Region C,P011,133,135,0.0
2026-04-27,Region C,P012,147,154,1.04
2026-04-27,Region C,P013,107,109,1.11
2026-04-27,Region C,P014,120,123,0.68
2026-04-27,Region C,P015,120,126,0.4
2026-04-27,Region C,P016,116,123,1.62
2026-04-27,Region C,P017,139,142,0.0
2026-04-27,Region C,P018,123,127,0.53
2026-04-27,Region C,P019,79,82,0.75
2026-04-27,Region C,P020,117,123,0.59
2026-04-27,Region C,P021,144,146,0.31
2026-04-27,Region C,P022,80,85,0.71
2026-04-27,Region C,P023,93,98,1.06
2026-04-27,Region C,P024,88,90,0.82
2026-04-27,Region C,P025,109,116,1.75
2026-04-27,Region C,P026,123,129,1.76
2026-04-27,Region C,P027,121,125,1.08
2026-04-27,Region C,P028,137,141,1.27
2026-04-27,Region C,P029,152,155,0.71
2026-04-27,Region C,P030,108,111,1.28
2026-04-27,Region D,P001,102,109,1.29
2026-04-27,Region D,P002,125,129,1.3
2026-04-27,Region D,P003,89,92,0.85
2026-04-27,Region D,P004,95,101,1.45
2026-04-27,Region D,P005,133,141,1.71
2026-04-27,Region D,P006,94,98,0.84
2026-04-27,Region D,P007,114,116,0.02
2026-04-27,Region D,P008,115,117,0.66
2026-04-27,Region D,P009,130,134,1.64
2026-04-27,Region D,P010,127,130,0.0
2026-04-27,Region D,P011,145,150,1.13
2026-04-27,Region D,P012,85,88,1.39
2026-04-27,Region D,P013,149,153,0.82
2026-04-27,Region D,P014,152,156,0.7
2026-04-27,Region D,P015,122,129,0.98
2026-04-27,Region D,P016,120,128,1.73
2026-04-27,Region D,P017,140,144,0.89
2026-04-27,Region D,P018,77,81,1.01
2026-04-27,Region D,P019,131,139,1.77
2026-04-27,Region D,P020,107,110,0.13
2026-04-27,Region D,P021,108,112,1.04
2026-04-27,Region D,P022,147,151,1.8
2026-04-27,Region D,P023,140,148,1.18
2026-04-27,Region D,P024,131,135,0.3
2026-04-27,Region D,P025,119,125,1.27
2026-04-27,Region D,P026,129,135,1.15
2026-04-27,Region D,P027,148,155,0.42
2026-04-27,Region D,P028,113,118,0.81
2026-04-27,Region D,P029,87,93,1.78
2026-04-27,Region D,P030,125,133,2.44
2026-04-28,Region A,P001,101,107,1.09
2026-04-28,Region A,P002,76,80,1.74
2026-04-28,Region A,P003,127,130,0.0
2026-04-28,Region A,P004,91,96,0.76
2026-04-28,Region A,P005,145,152,1.36
2026-04-28,Region A,P006,100,104,0.83
2026-04-28,Region A,P007,107,109,0.0
2026-04-28,Region A,P008,140,147,1.26
2026-04-28,Region A,P009,117,124,1.56
2026-04-28,Region A,P010,100,106,0.82
2026-04-28,Region A,P011,152,157,0.89
2026-04-28,Region A,P012,124,127,0.66
2026-04-28,Region A,P013,138,143,0.91
2026-04-28,Region A,P014,92,98,1.75
2026-04-28,Region A,P015,148,154,0.71
2026-04-28,Region A,P016,133,137,0.07
2026-04-28,Region A,P017,146,151,0.45
2026-04-28,Region A,P018,99,106,1.77
2026-04-28,Region A,P019,97,102,1.06
2026-04-28,Region A,P020,130,133,0.14
2026-04-28,Region A,P021,136,144,1.93
2026-04-28,Region A,P022,149,153,0.58
2026-04-28,Region A,P023,81,85,1.31
2026-04-28,Region A,P024,141,150,1.58
2026-04-28,Region A,P025,141,144,0.52
2026-04-28,Region A,P026,79,82,0.0
2026-04-28,Region A,P027,80,85,1.66
2026-04-28,Region A,P028,147,150,0.6
2026-04-28,Region A,P029,124,132,0.79
2026-04-28,Region A,P030,121,125,0.93
2026-04-28,Region B,P001,94,97,0.65
2026-04-28,Region B,P002,144,146,0.44
2026-04-28,Region B,P003,125,128,0.17
2026-04-28,Region B,P004,147,152,2.1
2026-04-28,Region B,P005,130,138,1.02
2026-04-28,Region B,P006,101,104,0.99
2026-04-28,Region B,P007,144,150,1.23
2026-04-28,Region B,P008,77,81,0.28
2026-04-28,Region B,P009,79,84,1.81
2026-04-28,Region B,P010,77,82,1.15
2026-04-28,Region B,P011,79,83,0.88
2026-04-28,Region B,P012,92,94,0.35
2026-04-28,Region B,P013,147,151,0.21
2026-04-28,Region B,P014,150,154,0.46
2026-04-28,Region B,P015,82,85,1.47
2026-04-28,Region B,P016,140,142,0.89
2026-04-28,Region B,P017,77,80,0.03
2026-04-28,Region B,P018,86,88,1.18
2026-04-28,Region B,P019,101,108,1.35
2026-04-28,Region B,P020,87,90,0.11
2026-04-28,Region B,P021,137,139,0.98
2026-04-28,Region B,P022,89,91,1.02
2026-04-28,Region B,P023,76,81,0.8
2026-04-28,Region B,P024,81,85,1.33
2026-04-28,Region B,P025,133,140,2.3
2026-04-28,Region B,P026,134,138,0.81
2026-04-28,Region B,P027,130,137,1.73
2026-04-28,Region B,P028,137,144,1.47
2026-04-28,Region B,P029,94,99,1.27
2026-04-28,Region B,P030,116,120,1.08
2026-04-28,Region C,P001,99,103,0.21
2026-04-28,Region C,P002,110,112,0.15
2026-04-28,Region C,P003,96,102,1.63
2026-04-28,Region C,P004,138,146,2.06
2026-04-28,Region C,P005,148,154,0.73
2026-04-28,Region C,P006,136,141,1.03
2026-04-28,Region C,P007,116,120,1.03
2026-04-28,Region C,P008,135,142,0.81
2026-04-28,Region C,P009,134,138,1.28
2026-04-28,Region C,P010,149,154,0.0
2026-04-28,Region C,P011,104,110,1.51
2026-04-28,Region C,P012,106,109,0.43
2026-04-28,Region C,P013,119,123,0.78
2026-04-28,Region C,P014,80,85,0.13
2026-04-28,Region C,P015,139,142,0.64
2026-04-28,Region C,P016,107,109,1.05
2026-04-28,Region C,P017,121,126,1.55
2026-04-28,Region C,P018,87,90,0.55
2026-04-28,Region C,P019,149,152,0.71
2026-04-28,Region C,P020,135,142,0.78
2026-04-28,Region C,P021,127,132,0.0
2026-04-28,Region C,P022,89,93,1.59
2026-04-28,Region C,P023,114,116,0.33
2026-04-28,Region C,P024,147,149,0.18
2026-04-28,Region C,P025,132,140,0.88
2026-04-28,Region C,P026,118,121,0.89
2026-04-28,Region C,P027,134,137,0.2
2026-04-28,Region C,P028,84,89,1.8
2026-04-28,Region C,P029,128,135,1.14
2026-04-28,Region C,P030,97,101,0.65
2026-04-28,Region D,P001,142,146,0.55
2026-04-28,Region D,P002,88,92,0.0
2026-04-28,Region D,P003,90,93,0.6
2026-04-28,Region D,P004,132,139,0.52
2026-04-28,Region D,P005,98,103,0.6
2026-04-28,Region D,P006,121,124,0.19
2026-04-28,Region D,P007,120,128,1.4
2026-04-28,Region D,P008,136,140,1.44
2026-04-28,Region D,P009,99,104,1.33
2026-04-28,Region D,P010,79,84,2.23
2026-04-28,Region D,P011,136,139,0.88
2026-04-28,Region D,P012,122,129,1.13
2026-04-28,Region D,P013,117,121,0.85
2026-04-28,Region D,P014,86,92,0.9
2026-04-28,Region D,P015,125,133,1.56
2026-04-28,Region D,P016,139,145,1.12
2026-04-28,Region D,P017,149,152,0.82
2026-04-28,Region D,P018,148,153,0.51
2026-04-28,Region D,P019,129,134,1.35
2026-04-28,Region D,P020,116,121,0.41
2026-04-28,Region D,P021,143,149,0.0
2026-04-28,Region D,P022,100,103,0.14
2026-04-28,Region D,P023,117,122,1.2
2026-04-28,Region D,P024,115,121,1.51
2026-04-28,Region D,P025,103,106,1.54
2026-04-28,Region D,P026,89,92,0.12
2026-04-28,Region D,P027,109,113,0.43
2026-04-28,Region D,P028,136,144,1.67
2026-04-28,Region D,P029,79,83,1.08
2026-04-28,Region D,P030,155,158,0.74
2026-04-29,Region A,P001,119,121,0.0
2026-04-29,Region A,P002,126,134,0.79
2026-04-29,Region A,P003,112,118,0.38
2026-04-29,Region A,P004,118,122,0.46
2026-04-29,Region A,P005,86,90,1.21
2026-04-29,Region A,P006,153,158,1.25
2026-04-29,Region A,P007,77,80,1.32
2026-04-29,Region A,P008,117,119,0.0
2026-04-29,Region A,P009,127,135,0.86
2026-04-29,Region A,P010,102,108,1.05
2026-04-29,Region A,P011,104,106,0.87
2026-04-29,Region A,P012,153,157,1.0
2026-04-29,Region A,P013,75,80,2.0
2026-04-29,Region A,P014,112,116,0.0
2026-04-29,Region A,P015,108,111,0.24
2026-04-29,Region A,P016,102,106,0.0
2026-04-29,Region A,P017,136,139,0.85
2026-04-29,Region A,P018,94,98,0.71
2026-04-29,Region A,P019,95,98,0.37
2026-04-29,Region A,P020,112,119,1.58
2026-04-29,Region A,P021,134,141,1.4
2026-04-29,Region A,P022,137,142,0.57
2026-04-29,Region A,P023,144,150,0.23
2026-04-29,Region A,P024,93,96,1.36
2026-04-29,Region A,P025,90,95,1.01
2026-04-29,Region A,P026,111,116,1.19
2026-04-29,Region A,P027,106,110,0.42
2026-04-29,Region A,P028,107,109,0.35
2026-04-29,Region A,P029,124,130,1.04
2026-04-29,Region A,P030,84,86,0.1
2026-04-29,Region B,P001,137,139,0.43
2026-04-29,Region B,P002,133,138,0.64
2026-04-29,Region B,P003,126,129,0.58
2026-04-29,Region B,P004,133,140,2.07
2026-04-29,Region B,P005,150,153,0.49
2026-04-29,Region B,P006,109,111,0.0
2026-04-29,Region B,P007,145,151,1.41
2026-04-29,Region B,P008,95,98,0.84
2026-04-29,Region B,P009,124,128,0.62
2026-04-29,Region B,P010,105,110,1.57
2026-04-29,Region B,P011,101,106,1.46
2026-04-29,Region B,P012,146,156,1.66
2026-04-29,Region B,P013,121,128,1.79
2026-04-29,Region B,P014,140,143,1.29
2026-04-29,Region B,P015,88,92,1.25
2026-04-29,Region B,P016,134,139,1.02
2026-04-29,Region B,P017,126,129,0.29
2026-04-29,Region B,P018,129,133,0.49
2026-04-29,Region B,P019,109,114,1.35
2026-04-29,Region B,P020,97,102,0.89
2026-04-29,Region B,P021,117,120,0.09
2026-04-29,Region B,P022,97,99,0.25
2026-04-29,Region B,P023,114,121,1.19
2026-04-29,Region B,P024,138,140,0.0
2026-04-29,Region B,P025,90,93,0.43
2026-04-29,Region B,P026,117,122,0.69
2026-04-29,Region B,P027,149,159,1.13
2026-04-29,Region B,P028,118,121,0.25
2026-04-29,Region B,P029,133,135,0.36
2026-04-29,Region B,P030,107,110,0.92
2026-04-29,Region C,P001,93,98,0.89
2026-04-29,Region C,P002,140,144,0.25
2026-04-29,Region C,P003,94,97,0.55
2026-04-29,Region C,P004,133,139,0.35
2026-04-29,Region C,P005,89,92,0.58
2026-04-29,Region C,P006,80,84,0.0
2026-04-29,Region C,P007,137,144,1.2
2026-04-29,Region C,P008,116,123,0.35
2026-04-29,Region C,P009,112,114,0.52
2026-04-29,Region C,P010,121,125,0.45
2026-04-29,Region C,P011,107,109,0.21
2026-04-29,Region C,P012,82,83,0.11
2026-04-29,Region C,P013,104,110,2.13
2026-04-29,Region C,P014,135,142,0.72
2026-04-29,Region C,P015,88,92,1.22
2026-04-29,Region C,P016,144,153,1.98
2026-04-29,Region C,P017,118,125,1.77
2026-04-29,Region C,P018,107,113,0.72
2026-04-29,Region C,P019,156,158,0.42
2026-04-29,Region C,P020,102,105,1.47
2026-04-29,Region C,P021,147,151,0.65
2026-04-29,Region C,P022,122,127,0.31
2026-04-29,Region C,P023,112,114,1.16
2026-04-29,Region C,P024,116,123,1.01
2026-04-29,Region C,P025,100,107,2.15
2026-04-29,Region C,P026,135,143,0.5
2026-04-29,Region C,P027,118,126,1.19
2026-04-29,Region C,P028,98,100,0.22
2026-04-29,Region C,P029,84,88,0.92
2026-04-29,Region C,P030,114,121,1.85
2026-04-29,Region D,P001,123,127,0.09
2026-04-29,Region D,P002,120,126,1.33
2026-04-29,Region D,P003,113,121,1.52
2026-04-29,Region D,P004,88,94,0.93
2026-04-29,Region D,P005,88,93,0.9
2026-04-29,Region D,P006,112,117,0.44
2026-04-29,Region D,P007,82,85,1.04
2026-04-29,Region D,P008,119,125,0.67
2026-04-29,Region D,P009,130,134,0.05
2026-04-29,Region D,P010,101,108,0.27
2026-04-29,Region D,P011,107,111,0.24
2026-04-29,Region D,P012,106,112,1.14
2026-04-29,Region D,P013,127,135,1.1
2026-04-29,Region D,P014,108,113,1.57
2026-04-29,Region D,P015,131,138,1.02
2026-04-29,Region D,P016,116,123,2.23
2026-04-29,Region D,P017,96,99,0.0
2026-04-29,Region D,P018,77,82,1.97
2026-04-29,Region D,P019,109,111,0.0
2026-04-29,Region D,P020,101,105,0.73
2026-04-29,Region D,P021,150,158,1.2
2026-04-29,Region D,P022,130,138,1.45
2026-04-29,Region D,P023,146,152,0.73
2026-04-29,Region D,P024,79,81,1.03
2026-04-29,Region D,P025,137,140,0.02
2026-04-29,Region D,P026,122,125,0.0
2026-04-29,Region D,P027,135,141,0.35
2026-04-29,Region D,P028,152,154,0.26
2026-04-29,Region D,P029,108,113,0.57
2026-04-29,Region D,P030,143,148,0.15
2026-04-30,Region A,P001,100,104,0.74
2026-04-30,Region A,P002,123,128,0.57
2026-04-30,Region A,P003,140,147,0.43
2026-04-30,Region A,P004,108,113,1.05
2026-04-30,Region A,P005,150,156,1.06
2026-04-30,Region A,P006,118,122,0.42
2026-04-30,Region A,P007,122,129,1.05
2026-04-30,Region A,P008,149,153,1.4
2026-04-30,Region A,P009,135,141,1.01
2026-04-30,Region A,P010,114,118,0.67
2026-04-30,Region A,P011,101,105,1.52
2026-04-30,Region A,P012,137,142,1.77
2026-04-30,Region A,P013,99,101,0.33
2026-04-30,Region A,P014,138,142,0.1
2026-04-30,Region A,P015,116,119,0.41
2026-04-30,Region A,P016,137,140,1.02
2026-04-30,Region A,P017,134,138,0.68
2026-04-30,Region A,P018,88,93,0.29
2026-04-30,Region A,P019,101,104,0.61
2026-04-30,Region A,P020,109,113,0.76
2026-04-30,Region A,P021,152,156,0.46
2026-04-30,Region A,P022,145,154,1.97
2026-04-30,Region A,P023,116,119,0.35
2026-04-30,Region A,P024,128,130,1.23
2026-04-30,Region A,P025,83,88,1.18
2026-04-30,Region A,P026,92,96,0.94
2026-04-30,Region A,P027,127,136,1.44
2026-04-30,Region A,P028,82,84,0.75
2026-04-30,Region A,P029,123,127,1.53
2026-04-30,Region A,P030,96,100,0.23
2026-04-30,Region B,P001,142,150,0.76
2026-04-30,Region B,P002,139,148,1.58
2026-04-30,Region B,P003,127,129,0.92
2026-04-30,Region B,P004,79,81,0.29
2026-04-30,Region B,P005,122,126,0.07
2026-04-30,Region B,P006,137,141,0.52
2026-04-30,Region B,P007,123,125,0.0
2026-04-30,Region B,P008,140,143,0.5
2026-04-30,Region B,P009,148,151,0.37
2026-04-30,Region B,P010,89,91,0.32
2026-04-30,Region B,P011,100,106,1.75
2026-04-30,Region B,P012,116,118,0.7
2026-04-30,Region B,P013,107,110,0.14
2026-04-30,Region B,P014,135,144,2.05
2026-04-30,Region B,P015,113,120,0.83
2026-04-30,Region B,P016,78,82,0.21
2026-04-30,Region B,P017,135,140,1.03
2026-04-30,Region B,P018,124,132,1.6
2026-04-30,Region B,P019,78,81,1.0
2026-04-30,Region B,P020,81,85,0.65
2026-04-30,Region B,P021,119,122,0.85
2026-04-30,Region B,P022,130,132,0.15
2026-04-30,Region B,P023,120,128,1.09
2026-04-30,Region B,P024,93,95,0.25
2026-04-30,Region B,P025,143,152,1.47
2026-04-30,Region B,P026,151,154,0.21
2026-04-30,Region B,P027,139,148,1.58
2026-04-30,Region B,P028,115,121,0.97
2026-04-30,Region B,P029,145,152,0.34
2026-04-30,Region B,P030,110,116,1.2
2026-04-30,Region C,P001,119,125,1.04
2026-04-30,Region C,P002,100,102,0.0
2026-04-30,Region C,P003,84,88,0.97
2026-04-30,Region C,P004,90,92,1.25
2026-04-30,Region C,P005,142,151,1.47
2026-04-30,Region C,P006,114,118,0.77
2026-04-30,Region C,P007,128,133,0.95
2026-04-30,Region C,P008,100,102,1.04
2026-04-30,Region C,P009,112,116,0.83
2026-04-30,Region C,P010,152,156,0.66
2026-04-30,Region C,P011,115,121,0.85
2026-04-30,Region C,P012,115,119,0.0
2026-04-30,Region C,P013,79,84,1.21
2026-04-30,Region C,P014,122,124,0.5
2026-04-30,Region C,P015,97,100,0.81
2026-04-30,Region C,P016,130,134,1.15
2026-04-30,Region C,P017,93,99,1.57
2026-04-30,Region C,P018,146,150,0.94
2026-04-30,Region C,P019,83,88,1.43
2026-04-30,Region C,P020,143,149,0.22
2026-04-30,Region C,P021,135,144,1.61
2026-04-30,Region C,P022,142,147,1.54
2026-04-30,Region C,P023,115,121,1.52
2026-04-30,Region C,P024,146,154,1.07
2026-04-30,Region C,P025,120,125,0.42
2026-04-30,Region C,P026,124,128,0.0
2026-04-30,Region C,P027,102,107,0.59
2026-04-30,Region C,P028,87,92,0.49
2026-04-30,Region C,P029,131,139,2.09
2026-04-30,Region C,P030,142,150,1.3
2026-04-30,Region D,P001,127,135,1.87
2026-04-30,Region D,P002,92,94,0.0
2026-04-30,Region D,P003,90,95,0.51
2026-04-30,Region D,P004,151,156,0.48
2026-04-30,Region D,P005,138,144,1.74
2026-04-30,Region D,P006,84,89,0.5
2026-04-30,Region D,P007,76,80,0.36
2026-04-30,Region D,P008,121,126,1.24
2026-04-30,Region D,P009,87,89,0.85
2026-04-30,Region D,P010,133,139,0.93
2026-04-30,Region D,P011,116,118,0.54
2026-04-30,Region D,P012,93,96,1.33
2026-04-30,Region D,P013,153,159,1.41
2026-04-30,Region D,P014,148,152,0.96
2026-04-30,Region D,P015,117,123,0.84
2026-04-30,Region D,P016,141,148,0.39
2026-04-30,Region D,P017,110,112,0.0
2026-04-30,Region D,P018,119,122,0.0
2026-04-30,Region D,P019,140,148,1.63
2026-04-30,Region D,P020,91,95,0.79
2026-04-30,Region D,P021,113,118,0.01
2026-04-30,Region D,P022,82,87,0.77
2026-04-30,Region D,P023,152,158,0.19
2026-04-30,Region D,P024,90,96,2.59
2026-04-30,Region D,P025,115,121,0.67
2026-04-30,Region D,P026,77,80,1.13
2026-04-30,Region D,P027,85,91,1.86
2026-04-30,Region D,P028,129,134,1.49
2026-04-30,Region D,P029,86,88,1.04
2026-04-30,Region D,P030,124,127,1.65
2026-05-01,Region A,P001,129,131,0.42
2026-05-01,Region A,P002,124,131,1.19
2026-05-01,Region A,P003,87,90,1.17
2026-05-01,Region A,P004,117,120,0.54
2026-05-01,Region A,P005,123,129,1.28
2026-05-01,Region A,P006,100,102,0.09
2026-05-01,Region A,P007,142,150,0.66
2026-05-01,Region A,P008,146,156,2.31
2026-05-01,Region A,P009,130,137,1.5
2026-05-01,Region A,P010,137,144,0.23
2026-05-01,Region A,P011,152,157,0.66
2026-05-01,Region A,P012,80,84,2.34
2026-05-01,Region A,P013,94,99,1.77
2026-05-01,Region A,P014,94,100,1.23
2026-05-01,Region A,P015,95,99,0.97
2026-05-01,Region A,P016,131,133,0.67
2026-05-01,Region A,P017,119,126,1.49
2026-05-01,Region A,P018,121,127,1.41
2026-05-01,Region A,P019,78,80,0.4
2026-05-01,Region A,P020,91,97,1.3
2026-05-01,Region A,P021,82,88,1.7
2026-05-01,Region A,P022,91,96,1.62
2026-05-01,Region A,P023,127,134,1.15
2026-05-01,Region A,P024,151,155,1.33
2026-05-01,Region A,P025,101,104,0.46
2026-05-01,Region A,P026,97,103,1.92
2026-05-01,Region A,P027,125,131,0.94
2026-05-01,Region A,P028,114,119,1.62
2026-05-01,Region A,P029,100,102,1.0
2026-05-01,Region A,P030,139,147,0.92
2026-05-01,Region B,P001,92,97,0.53
2026-05-01,Region B,P002,106,111,1.55
2026-05-01,Region B,P003,119,125,1.63
2026-05-01,Region B,P004,112,114,0.05
2026-05-01,Region B,P005,134,138,1.1
2026-05-01,Region B,P006,91,94,0.0
2026-05-01,Region B,P007,139,142,1.33
2026-05-01,Region B,P008,146,151,0.32
2026-05-01,Region B,P009,77,81,1.41
2026-05-01,Region B,P010,144,149,0.72
2026-05-01,Region B,P011,88,93,1.53
2026-05-01,Region B,P012,97,101,1.05
2026-05-01,Region B,P013,153,156,0.41
2026-05-01,Region B,P014,79,83,0.77
2026-05-01,Region B,P015,126,133,1.77
2026-05-01,Region B,P016,145,155,1.12
2026-05-01,Region B,P017,128,137,1.43
2026-05-01,Region B,P018,84,85,0.18
2026-05-01,Region B,P019,100,102,0.47
2026-05-01,Region B,P020,101,103,0.95
2026-05-01,Region B,P021,130,137,0.51
2026-05-01,Region B,P022,131,133,0.88
2026-05-01,Region B,P023,119,121,0.23
2026-05-01,Region B,P024,129,131,0.69
2026-05-01,Region B,P025,118,125,1.54
2026-05-01,Region B,P026,155,159,0.44
2026-05-01,Region B,P027,96,98,0.71
2026-05-01,Region B,P028,120,125,1.09
2026-05-01,Region B,P029,155,159,0.51
2026-05-01,Region B,P030,144,154,2.11
2026-05-01,Region C,P001,88,90,0.71
2026-05-01,Region C,P002,99,103,0.88
2026-05-01,Region C,P003,139,142,0.0
2026-05-01,Region C,P004,109,115,1.32
2026-05-01,Region C,P005,134,137,0.56
2026-05-01,Region C,P006,145,148,0.17
2026-05-01,Region C,P007,139,145,0.86
2026-05-01,Region C,P008,132,138,1.73
2026-05-01,Region C,P009,145,152,0.67
2026-05-01,Region C,P010,109,115,0.55
2026-05-01,Region C,P011,140,144,1.32
2026-05-01,Region C,P012,78,83,1.48
2026-05-01,Region C,P013,139,143,0.6
2026-05-01,Region C,P014,83,85,0.59
2026-05-01,Region C,P015,81,82,0.79
2026-05-01,Region C,P016,128,136,1.12
2026-05-01,Region C,P017,126,132,1.4
2026-05-01,Region C,P018,77,80,0.92
2026-05-01,Region C,P019,93,98,1.8
2026-05-01,Region C,P020,90,94,0.51
2026-05-01,Region C,P021,148,157,0.64
2026-05-01,Region C,P022,118,124,0.71
2026-05-01,Region C,P023,77,80,0.9
2026-05-01,Region C,P024,83,87,0.48
2026-05-01,Region C,P025,133,138,1.35
2026-05-01,Region C,P026,136,141,0.4
2026-05-01,Region C,P027,102,107,1.16
2026-05-01,Region C,P028,82,84,0.0
2026-05-01,Region C,P029,84,89,1.51
2026-05-01,Region C,P030,140,149,3.07
2026-05-01,Region D,P001,100,105,0.96
2026-05-01,Region D,P002,94,99,1.08
2026-05-01,Region D,P003,112,116,0.65
2026-05-01,Region D,P004,120,125,1.23
2026-05-01,Region D,P005,135,141,0.06
2026-05-01,Region D,P006,133,141,1.16
2026-05-01,Region D,P007,87,91,1.4
2026-05-01,Region D,P008,145,149,0.83
2026-05-01,Region D,P009,106,110,1.09
2026-05-01,Region D,P010,119,125,1.61
2026-05-01,Region D,P011,112,119,1.38
2026-05-01,Region D,P012,136,143,0.87
2026-05-01,Region D,P013,117,120,0.85
2026-05-01,Region D,P014,85,89,0.85
2026-05-01,Region D,P015,133,137,0.05
2026-05-01,Region D,P016,119,121,0.02
2026-05-01,Region D,P017,88,91,0.63
2026-05-01,Region D,P018,134,137,0.12
2026-05-01,Region D,P019,148,152,0.68
2026-05-01,Region D,P020,116,121,0.0
2026-05-01,Region D,P021,99,103,0.0
2026-05-01,Region D,P022,107,113,1.43
2026-05-01,Region D,P023,90,94,0.64
2026-05-01,Region D,P024,95,101,1.85
2026-05-01,Region D,P025,76,81,0.91
2026-05-01,Region D,P026,106,110,0.82
2026-05-01,Region D,P027,135,140,0.82
2026-05-01,Region D,P028,118,121,1.68
2026-05-01,Region D,P029,114,117,0.0
2026-05-01,Region D,P030,87,89,0.84
2026-05-02,Region A,P001,123,131,1.39
2026-05-02,Region A,P002,153,156,0.74
2026-05-02,Region A,P003,132,140,0.8
2026-05-02,Region A,P004,151,158,0.79
2026-05-02,Region A,P005,143,149,1.16
2026-05-02,Region A,P006,102,107,1.41
2026-05-02,Region A,P007,86,88,0.36
2026-05-02,Region A,P008,100,105,1.4
2026-05-02,Region A,P009,135,138,0.28
2026-05-02,Region A,P010,116,121,1.24
2026-05-02,Region A,P011,125,129,1.0
2026-05-02,Region A,P012,105,107,1.01
2026-05-02,Region A,P013,77,81,0.55
2026-05-02,Region A,P014,114,121,2.0
2026-05-02,Region A,P015,146,150,0.5
2026-05-02,Region A,P016,104,110,1.16
2026-05-02,Region A,P017,145,153,1.36
2026-05-02,Region A,P018,140,146,0.59
2026-05-02,Region A,P019,111,116,1.6
2026-05-02,Region A,P020,76,80,1.6
2026-05-02,Region A,P021,116,118,0.0
2026-05-02,Region A,P022,123,129,1.14
2026-05-02,Region A,P023,89,94,1.17
2026-05-02,Region A,P024,87,92,1.04
2026-05-02,Region A,P025,131,134,0.31
2026-05-02,Region A,P026,79,83,0.94
2026-05-02,Region A,P027,103,108,0.97
2026-05-02,Region A,P028,139,147,1.23
2026-05-02,Region A,P029,121,125,0.0
2026-05-02,Region A,P030,123,131,1.46
2026-05-02,Region B,P001,91,94,0.45
2026-05-02,Region B,P002,143,147,1.31
2026-05-02,Region B,P003,106,109,1.25
2026-05-02,Region B,P004,109,112,0.48
2026-05-02,Region B,P005,113,117,0.34
2026-05-02,Region B,P006,138,146,0.82
2026-05-02,Region B,P007,97,103,2.21
2026-05-02,Region B,P008,130,133,1.2
2026-05-02,Region B,P009,82,86,2.0
2026-05-02,Region B,P010,81,84,1.1
2026-05-02,Region B,P011,139,142,0.39
2026-05-02,Region B,P012,110,114,0.85
2026-05-02,Region B,P013,118,125,1.93
2026-05-02,Region B,P014,92,94,0.21
2026-05-02,Region B,P015,117,121,0.93
2026-05-02,Region B,P016,78,83,1.72
2026-05-02,Region B,P017,152,155,0.0
2026-05-02,Region B,P018,124,132,0.5
2026-05-02,Region B,P019,77,81,1.16
2026-05-02,Region B,P020,143,151,1.83
2026-05-02,Region B,P021,120,126,0.19
2026-05-02,Region B,P022,150,154,0.76
2026-05-02,Region B,P023,85,89,1.79
2026-05-02,Region B,P024,116,119,0.51
2026-05-02,Region B,P025,92,96,1.73
2026-05-02,Region B,P026,94,97,0.95
2026-05-02,Region B,P027,135,138,0.08
2026-05-02,Region B,P028,115,121,1.12
2026-05-02,Region B,P029,98,100,0.0
2026-05-02,Region B,P030,134,137,0.47
2026-05-02,Region C,P001,108,111,0.0
2026-05-02,Region C,P002,93,99,1.25
2026-05-02,Region C,P003,89,92,0.0
2026-05-02,Region C,P004,110,115,1.02
2026-05-02,Region C,P005,98,100,0.36
2026-05-02,Region C,P006,128,133,1.0
2026-05-02,Region C,P007,94,100,1.11
2026-05-02,Region C,P008,86,91,1.5
2026-05-02,Region C,P009,97,104,1.66
2026-05-02,Region C,P010,112,118,1.17
2026-05-02,Region C,P011,143,146,0.0
2026-05-02,Region C,P012,105,109,1.06
2026-05-02,Region C,P013,106,109,0.0
2026-05-02,Region C,P014,84,88,0.48
2026-05-02,Region C,P015,86,89,0.13
2026-05-02,Region C,P016,75,80,0.79
2026-05-02,Region C,P017,123,130,1.26
2026-05-02,Region C,P018,102,109,1.17
2026-05-02,Region C,P019,105,111,1.53
2026-05-02,Region C,P020,132,134,0.0
2026-05-02,Region C,P021,94,100,1.1
2026-05-02,Region C,P022,85,89,0.73
2026-05-02,Region C,P023,105,109,1.14
2026-05-02,Region C,P024,148,155,0.57
2026-05-02,Region C,P025,139,147,1.2
2026-05-02,Region C,P026,148,154,1.05
2026-05-02,Region C,P027,118,125,1.03
2026-05-02,Region C,P028,76,80,0.84
2026-05-02,Region C,P029,138,147,1.88
2026-05-02,Region C,P030,86,89,0.48
2026-05-02,Region D,P001,84,88,1.68
2026-05-02,Region D,P002,90,92,0.95
2026-05-02,Region D,P003,80,83,1.04
2026-05-02,Region D,P004,92,95,0.0
2026-05-02,Region D,P005,92,98,1.72
2026-05-02,Region D,P006,102,104,0.1
2026-05-02,Region D,P007,114,117,1.34
2026-05-02,Region D,P008,84,87,0.41
2026-05-02,Region D,P009,136,142,1.35
2026-05-02,Region D,P010,137,139,0.0
2026-05-02,Region D,P011,109,115,1.11
2026-05-02,Region D,P012,116,119,0.81
2026-05-02,Region D,P013,114,118,0.64
2026-05-02,Region D,P014,141,145,0.7
2026-05-02,Region D,P015,85,89,1.0
2026-05-02,Region D,P016,108,115,2.08
2026-05-02,Region D,P017,90,95,1.73
2026-05-02,Region D,P018,119,121,0.72
2026-05-02,Region D,P019,109,114,1.72
2026-05-02,Region D,P020,84,88,0.25
2026-05-02,Region D,P021,91,96,1.89
2026-05-02,Region D,P022,100,103,0.0
2026-05-02,Region D,P023,144,150,0.64
2026-05-02,Region D,P024,106,111,1.06
2026-05-02,Region D,P025,118,125,2.07
2026-05-02,Region D,P026,127,134,1.13
2026-05-02,Region D,P027,145,147,0.3
2026-05-02,Region D,P028,129,134,0.74
2026-05-02,Region D,P029,101,104,0.0
2026-05-02,Region D,P030,111,113,1.16
2026-05-03,Region A,P001,147,154,1.32
2026-05-03,Region A,P002,79,82,1.68
2026-05-03,Region A,P003,103,107,0.58
2026-05-03,Region A,P004,87,91,1.06
2026-05-03,Region A,P005,115,122,0.19
2026-05-03,Region A,P006,82,86,1.32
2026-05-03,Region A,P007,127,130,0.26
2026-05-03,Region A,P008,147,152,1.22
2026-05-03,Region A,P009,122,125,0.25
2026-05-03,Region A,P010,143,151,0.0
2026-05-03,Region A,P011,140,144,0.71
2026-05-03,Region A,P012,149,153,0.63
2026-05-03,Region A,P013,101,103,0.54
2026-05-03,Region A,P014,92,95,0.93
2026-05-03,Region A,P015,84,90,1.22
2026-05-03,Region A,P016,97,99,0.12
2026-05-03,Region A,P017,143,151,1.01
2026-05-03,Region A,P018,132,137,0.0
2026-05-03,Region A,P019,79,81,0.42
2026-05-03,Region A,P020,83,84,1.19
2026-05-03,Region A,P021,147,151,1.2
2026-05-03,Region A,P022,95,97,0.48
2026-05-03,Region A,P023,153,158,1.21
2026-05-03,Region A,P024,138,146,0.64
2026-05-03,Region A,P025,151,157,1.58
2026-05-03,Region A,P026,127,130,0.32
2026-05-03,Region A,P027,136,140,0.32
2026-05-03,Region A,P028,124,132,1.42
2026-05-03,Region A,P029,140,148,0.97
2026-05-03,Region A,P030,125,128,0.52
2026-05-03,Region B,P001,85,88,0.08
2026-05-03,Region B,P002,122,129,0.88
2026-05-03,Region B,P003,148,155,0.9
2026-05-03,Region B,P004,154,157,0.17
2026-05-03,Region B,P005,97,100,0.68
2026-05-03,Region B,P006,119,125,0.03
2026-05-03,Region B,P007,101,107,1.32
2026-05-03,Region B,P008,148,156,1.0
2026-05-03,Region B,P009,134,139,1.13
2026-05-03,Region B,P010,87,91,0.48
2026-05-03,Region B,P011,95,97,0.38
2026-05-03,Region B,P012,149,154,0.42
2026-05-03,Region B,P013,107,114,1.45
2026-05-03,Region B,P014,144,153,1.14
2026-05-03,Region B,P015,104,109,1.14
2026-05-03,Region B,P016,93,97,0.91
2026-05-03,Region B,P017,89,94,1.46
2026-05-03,Region B,P018,106,108,1.25
2026-05-03,Region B,P019,129,136,1.17
2026-05-03,Region B,P020,81,84,0.53
2026-05-03,Region B,P021,141,144,0.0
2026-05-03,Region B,P022,85,89,0.48
2026-05-03,Region B,P023,153,159,0.44
2026-05-03,Region B,P024,117,119,0.17
2026-05-03,Region B,P025,135,139,1.42
2026-05-03,Region B,P026,100,104,0.79
2026-05-03,Region B,P027,78,82,1.12
2026-05-03,Region B,P028,137,141,0.23
2026-05-03,Region B,P029,78,80,0.0
2026-05-03,Region B,P030,98,103,0.76
2026-05-03,Region C,P001,88,94,1.12
2026-05-03,Region C,P002,96,102,1.31
2026-05-03,Region C,P003,117,121,1.07
2026-05-03,Region C,P004,125,133,1.41
2026-05-03,Region C,P005,130,135,1.22
2026-05-03,Region C,P006,118,123,0.74
2026-05-03,Region C,P007,156,158,0.63
2026-05-03,Region C,P008,129,135,1.97
2026-05-03,Region C,P009,77,82,1.27
2026-05-03,Region C,P010,125,130,0.7
2026-05-03,Region C,P011,77,82,2.08
2026-05-03,Region C,P012,82,86,1.96
2026-05-03,Region C,P013,145,153,1.06
2026-05-03,Region C,P014,129,138,1.43
2026-05-03,Region C,P015,100,106,1.58
2026-05-03,Region C,P016,122,126,1.78
2026-05-03,Region C,P017,92,95,1.24
2026-05-03,Region C,P018,91,94,0.23
2026-05-03,Region C,P019,120,128,0.87
2026-05-03,Region C,P020,106,109,0.39
2026-05-03,Region C,P021,122,125,0.69
2026-05-03,Region C,P022,105,111,0.67
2026-05-03,Region C,P023,76,80,0.97
2026-05-03,Region C,P024,129,132,0.0
2026-05-03,Region C,P025,83,86,1.47
2026-05-03,Region C,P026,134,141,1.0
2026-05-03,Region C,P027,87,88,0.25
2026-05-03,Region C,P028,123,130,2.57
2026-05-03,Region C,P029,117,124,0.55
2026-05-03,Region C,P030,86,90,1.27
2026-05-03,Region D,P001,118,123,0.06
2026-05-03,Region D,P002,135,143,1.68
2026-05-03,Region D,P003,86,90,0.88
2026-05-03,Region D,P004,108,110,0.47
2026-05-03,Region D,P005,137,145,1.02
2026-05-03,Region D,P006,104,108,0.6
2026-05-03,Region D,P007,97,103,1.33
2026-05-03,Region D,P008,77,80,0.83
2026-05-03,Region D,P009,149,152,0.43
2026-05-03,Region D,P010,126,131,0.1
2026-05-03,Region D,P011,95,99,0.76
2026-05-03,Region D,P012,108,115,1.85
2026-05-03,Region D,P013,116,123,2.02
2026-05-03,Region D,P014,88,90,1.32
2026-05-03,Region D,P015,125,128,0.64
2026-05-03,Region D,P016,98,101,0.1
2026-05-03,Region D,P017,81,84,0.8
2026-05-03,Region D,P018,121,124,0.89
2026-05-03,Region D,P019,77,81,1.97
2026-05-03,Region D,P020,99,102,0.0
2026-05-03,Region D,P021,94,99,0.37
2026-05-03,Region D,P022,133,136,0.7
2026-05-03,Region D,P023,102,107,0.99
2026-05-03,Region D,P024,140,144,0.17
2026-05-03,Region D,P025,81,85,1.34
2026-05-03,Region D,P026,76,81,1.25
2026-05-03,Region D,P027,86,91,1.05
2026-05-03,Region D,P028,149,153,0.62
2026-05-03,Region D,P029,98,102,0.64
2026-05-03,Region D,P030,76,80,1.16
2026-05-04,Region A,P001,118,124,1.39
2026-05-04,Region A,P002,88,90,0.58
2026-05-04,Region A,P003,93,95,1.13
2026-05-04,Region A,P004,113,119,0.93
2026-05-04,Region A,P005,148,153,1.12
2026-05-04,Region A,P006,116,118,0.89
2026-05-04,Region A,P007,116,124,1.24
2026-05-04,Region A,P008,95,98,1.28
2026-05-04,Region A,P009,145,148,0.96
2026-05-04,Region A,P010,115,117,0.0
2026-05-04,Region A,P011,118,123,1.3
2026-05-04,Region A,P012,116,123,1.2
2026-05-04,Region A,P013,118,123,0.31
2026-05-04,Region A,P014,135,142,0.91
2026-05-04,Region A,P015,125,127,0.44
2026-05-04,Region A,P016,141,150,1.52
2026-05-04,Region A,P017,81,82,0.0
2026-05-04,Region A,P018,97,104,1.53
2026-05-04,Region A,P019,125,132,1.17
2026-05-04,Region A,P020,94,100,1.21
2026-05-04,Region A,P021,125,131,0.87
2026-05-04,Region A,P022,97,100,0.0
2026-05-04,Region A,P023,104,108,0.63
2026-05-04,Region A,P024,84,89,0.9
2026-05-04,Region A,P025,151,157,1.47
2026-05-04,Region A,P026,121,126,1.2
2026-05-04,Region A,P027,99,106,1.74
2026-05-04,Region A,P028,127,133,1.45
2026-05-04,Region A,P029,121,128,0.76
2026-05-04,Region A,P030,109,113,0.24
2026-05-04,Region B,P001,117,122,1.01
2026-05-04,Region B,P002,146,148,0.94
2026-05-04,Region B,P003,120,127,1.98
2026-05-04,Region B,P004,142,152,1.79
2026-05-04,Region B,P005,136,141,0.53
2026-05-04,Region B,P006,89,91,0.36
2026-05-04,Region B,P007,135,138,0.89
2026-05-04,Region B,P008,141,148,0.0
2026-05-04,Region B,P009,99,105,2.25
2026-05-04,Region B,P010,134,139,0.37
2026-05-04,Region B,P011,81,83,0.0
2026-05-04,Region B,P012,91,96,1.37
2026-05-04,Region B,P013,144,151,0.0
2026-05-04,Region B,P014,86,90,1.72
2026-05-04,Region B,P015,103,106,1.87
2026-05-04,Region B,P016,122,126,1.28
2026-05-04,Region B,P017,143,145,0.43
2026-05-04,Region B,P018,83,85,1.1
2026-05-04,Region B,P019,134,142,0.72
2026-05-04,Region B,P020,91,96,0.17
2026-05-04,Region B,P021,78,83,1.56
2026-05-04,Region B,P022,145,154,0.79
2026-05-04,Region B,P023,96,99,0.22
2026-05-04,Region B,P024,103,106,0.87
2026-05-04,Region B,P025,83,86,0.16
2026-05-04,Region B,P026,78,81,0.06
2026-05-04,Region B,P027,112,118,0.94
2026-05-04,Region B,P028,147,150,0.0
2026-05-04,Region B,P029,103,107,0.95
2026-05-04,Region B,P030,99,104,1.6
2026-05-04,Region C,P001,99,103,1.18
2026-05-04,Region C,P002,126,133,1.41
2026-05-04,Region C,P003,89,93,1.54
2026-05-04,Region C,P004,100,102,0.61
2026-05-04,Region C,P005,100,104,1.03
2026-05-04,Region C,P006,140,144,0.79
2026-05-04,Region C,P007,141,147,0.66
2026-05-04,Region C,P008,138,143,0.49
2026-05-04,Region C,P009,147,149,0.66
2026-05-04,Region C,P010,143,150,0.81
2026-05-04,Region C,P011,152,155,0.58
2026-05-04,Region C,P012,92,95,0.31
2026-05-04,Region C,P013,117,119,0.38
2026-05-04,Region C,P014,126,133,1.68
2026-05-04,Region C,P015,110,114,0.62
2026-05-04,Region C,P016,145,152,1.86
2026-05-04,Region C,P017,123,125,0.11
2026-05-04,Region C,P018,145,149,0.57
2026-05-04,Region C,P019,90,94,0.94
2026-05-04,Region C,P020,145,152,0.56
2026-05-04,Region C,P021,145,150,0.62
2026-05-04,Region C,P022,154,157,0.0
2026-05-04,Region C,P023,102,109,0.85
2026-05-04,Region C,P024,131,139,1.28
2026-05-04,Region C,P025,151,159,1.74
2026-05-04,Region C,P026,118,122,0.61
2026-05-04,Region C,P027,124,130,0.0
2026-05-04,Region C,P028,86,90,0.5
2026-05-04,Region C,P029,87,92,1.19
2026-05-04,Region C,P030,80,85,2.35
2026-05-04,Region D,P001,95,100,1.93
2026-05-04,Region D,P002,144,150,0.66
2026-05-04,Region D,P003,84,85,0.76
2026-05-04,Region D,P004,77,81,0.0
2026-05-04,Region D,P005,115,117,0.04
2026-05-04,Region D,P006,82,85,0.0
2026-05-04,Region D,P007,127,134,0.7
2026-05-04,Region D,P008,98,103,1.23
2026-05-04,Region D,P009,145,152,0.74
2026-05-04,Region D,P010,134,141,1.15
2026-05-04,Region D,P011,102,108,1.02
2026-05-04,Region D,P012,106,113,1.66
2026-05-04,Region D,P013,131,136,0.49
2026-05-04,Region D,P014,111,115,0.3
2026-05-04,Region D,P015,146,149,0.19
2026-05-04,Region D,P016,126,132,1.52
2026-05-04,Region D,P017,127,133,0.86
2026-05-04,Region D,P018,125,133,2.59
2026-05-04,Region D,P019,118,121,0.0
2026-05-04,Region D,P020,107,109,0.0
2026-05-04,Region D,P021,109,111,0.4
2026-05-04,Region D,P022,150,158,1.46
2026-05-04,Region D,P023,138,143,1.01
2026-05-04,Region D,P024,122,127,0.66
2026-05-04,Region D,P025,89,94,1.49
2026-05-04,Region D,P026,85,87,0.8
2026-05-04,Region D,P027,142,148,0.94
2026-05-04,Region D,P028,94,100,0.87
2026-05-04,Region D,P029,100,103,0.34
2026-05-04,Region D,P030,139,142,0.0
2026-05-05,Region A,P001,152,156,0.49
2026-05-05,Region A,P002,118,126,1.87
2026-05-05,Region A,P003,99,101,0.0
2026-05-05,Region A,P004,105,111,0.77
2026-05-05,Region A,P005,154,158,0.21
2026-05-05,Region A,P006,96,100,0.91
2026-05-05,Region A,P007,153,158,1.1
2026-05-05,Region A,P008,126,128,1.39
2026-05-05,Region A,P009,134,140,1.18
2026-05-05,Region A,P010,149,153,1.15
2026-05-05,Region A,P011,154,157,1.01
2026-05-05,Region A,P012,109,113,0.39
2026-05-05,Region A,P013,144,150,1.32
2026-05-05,Region A,P014,152,158,0.64
2026-05-05,Region A,P015,146,156,1.57
2026-05-05,Region A,P016,80,84,1.52
2026-05-05,Region A,P017,117,119,0.67
2026-05-05,Region A,P018,116,122,1.5
2026-05-05,Region A,P019,122,125,0.46
2026-05-05,Region A,P020,137,142,0.7
2026-05-05,Region A,P021,80,85,2.34
2026-05-05,Region A,P022,100,103,0.0
2026-05-05,Region A,P023,96,101,1.19
2026-05-05,Region A,P024,123,129,0.29
2026-05-05,Region A,P025,136,141,0.83
2026-05-05,Region A,P026,118,122,0.0
2026-05-05,Region A,P027,146,152,1.16
2026-05-05,Region A,P028,82,85,1.24
2026-05-05,Region A,P029,138,144,1.15
2026-05-05,Region A,P030,98,101,0.99
2026-05-05,Region B,P001,150,154,1.35
2026-05-05,Region B,P002,122,130,0.35
2026-05-05,Region B,P003,113,118,0.08
2026-05-05,Region B,P004,130,138,1.36
2026-05-05,Region B,P005,76,80,1.11
2026-05-05,Region B,P006,110,114,0.85
2026-05-05,Region B,P007,111,117,1.28
2026-05-05,Region B,P008,143,150,0.64
2026-05-05,Region B,P009,91,96,1.03
2026-05-05,Region B,P010,149,152,0.52
2026-05-05,Region B,P011,103,110,1.89
2026-05-05,Region B,P012,148,152,0.81
2026-05-05,Region B,P013,143,153,0.82
2026-05-05,Region B,P014,113,118,1.85
2026-05-05,Region B,P015,148,152,0.11
2026-05-05,Region B,P016,124,129,1.16
2026-05-05,Region B,P017,146,149,1.64
2026-05-05,Region B,P018,129,135,1.51
2026-05-05,Region B,P019,90,95,0.98
2026-05-05,Region B,P020,79,81,0.0
2026-05-05,Region B,P021,151,156,0.4
2026-05-05,Region B,P022,117,124,1.58
2026-05-05,Region B,P023,80,84,1.66
2026-05-05,Region B,P024,79,83,1.01
2026-05-05,Region B,P025,93,98,1.72
2026-05-05,Region B,P026,142,145,0.31
2026-05-05,Region B,P027,129,131,0.61
2026-05-05,Region B,P028,143,147,0.68
2026-05-05,Region B,P029,136,144,0.91
2026-05-05,Region B,P030,150,155,1.15
2026-05-05,Region C,P001,143,146,0.07
2026-05-05,Region C,P002,118,121,1.01
2026-05-05,Region C,P003,112,115,0.88
2026-05-05,Region C,P004,131,139,1.16
2026-05-05,Region C,P005,103,108,1.43
2026-05-05,Region C,P006,133,137,1.01
2026-05-05,Region C,P007,150,155,1.09
2026-05-05,Region C,P008,144,152,1.82
2026-05-05,Region C,P009,98,103,1.24
2026-05-05,Region C,P010,147,150,0.94
2026-05-05,Region C,P011,125,130,1.26
2026-05-05,Region C,P012,106,112,0.75
2026-05-05,Region C,P013,81,86,1.6
2026-05-05,Region C,P014,116,118,0.31
2026-05-05,Region C,P015,137,143,0.94
2026-05-05,Region C,P016,98,100,0.0
2026-05-05,Region C,P017,151,154,0.3
2026-05-05,Region C,P018,130,133,0.75
2026-05-05,Region C,P019,114,117,0.21
2026-05-05,Region C,P020,79,84,1.32
2026-05-05,Region C,P021,84,90,1.24
2026-05-05,Region C,P022,109,115,0.79
2026-05-05,Region C,P023,110,115,0.12
2026-05-05,Region C,P024,115,119,0.36
2026-05-05,Region C,P025,128,136,1.58
2026-05-05,Region C,P026,148,151,0.0
2026-05-05,Region C,P027,124,128,0.0
2026-05-05,Region C,P028,135,140,0.31
2026-05-05,Region C,P029,121,127,1.04
2026-05-05,Region C,P030,107,113,0.88
2026-05-05,Region D,P001,143,145,0.46
2026-05-05,Region D,P002,92,96,1.09
2026-05-05,Region D,P003,104,106,0.0
2026-05-05,Region D,P004,129,133,0.33
2026-05-05,Region D,P005,129,137,0.74
2026-05-05,Region D,P006,108,112,2.16
2026-05-05,Region D,P007,108,112,1.14
2026-05-05,Region D,P008,95,97,0.0
2026-05-05,Region D,P009,110,116,0.86
2026-05-05,Region D,P010,126,131,1.32
2026-05-05,Region D,P011,139,141,0.66
2026-05-05,Region D,P012,118,125,0.88
2026-05-05,Region D,P013,88,93,1.12
2026-05-05,Region D,P014,132,140,1.01
2026-05-05,Region D,P015,101,104,0.0
2026-05-05,Region D,P016,98,103,0.88
2026-05-05,Region D,P017,145,154,0.67
2026-05-05,Region D,P018,114,118,0.13
2026-05-05,Region D,P019,82,85,0.1
2026-05-05,Region D,P020,91,93,0.69
2026-05-05,Region D,P021,101,103,0.99
2026-05-05,Region D,P022,82,84,0.45
2026-05-05,Region D,P023,97,103,0.92
2026-05-05,Region D,P024,83,85,0.9
2026-05-05,Region D,P025,141,146,0.93
2026-05-05,Region D,P026,78,80,0.92
2026-05-05,Region D,P027,104,110,0.47
2026-05-05,Region D,P028,98,100,0.0
2026-05-05,Region D,P029,115,118,0.33
2026-05-05,Region D,P030,100,107,2.36
2026-05-06,Region A,P001,98,102,0.37
2026-05-06,Region A,P002,105,111,1.6
2026-05-06,Region A,P003,104,108,0.6
2026-05-06,Region A,P004,95,101,0.21
2026-05-06,Region A,P005,148,151,1.26
2026-05-06,Region A,P006,107,113,2.0
2026-05-06,Region A,P007,103,108,1.57
2026-05-06,Region A,P008,137,140,0.99
2026-05-06,Region A,P009,94,100,1.76
2026-05-06,Region A,P010,147,154,0.46
2026-05-06,Region A,P011,92,97,0.57
2026-05-06,Region A,P012,98,100,0.0
2026-05-06,Region A,P013,115,121,1.38
2026-05-06,Region A,P014,145,153,1.36
2026-05-06,Region A,P015,121,123,0.48
2026-05-06,Region A,P016,146,154,1.18
2026-05-06,Region A,P017,109,113,0.32
2026-05-06,Region A,P018,113,117,0.67
2026-05-06,Region A,P019,140,144,1.11
2026-05-06,Region A,P020,109,113,0.51
2026-05-06,Region A,P021,151,159,1.82
2026-05-06,Region A,P022,87,91,0.97
2026-05-06,Region A,P023,117,119,0.1
2026-05-06,Region A,P024,116,122,0.53
2026-05-06,Region A,P025,116,120,0.0
2026-05-06,Region A,P026,77,81,1.29
2026-05-06,Region A,P027,141,143,0.0
2026-05-06,Region A,P028,121,125,0.99
2026-05-06,Region A,P029,78,81,1.2
2026-05-06,Region A,P030,113,119,0.92
2026-05-06,Region B,P001,136,141,0.65
2026-05-06,Region B,P002,127,129,0.0
2026-05-06,Region B,P003,155,159,0.09
2026-05-06,Region B,P004,147,153,0.51
2026-05-06,Region B,P005,96,101,0.69
2026-05-06,Region B,P006,138,142,0.05
2026-05-06,Region B,P007,125,131,1.82
2026-05-06,Region B,P008,99,104,0.0
2026-05-06,Region B,P009,95,101,1.6
2026-05-06,Region B,P010,110,114,1.1
2026-05-06,Region B,P011,111,117,1.85
2026-05-06,Region B,P012,123,130,1.42
2026-05-06,Region B,P013,129,131,0.64
2026-05-06,Region B,P014,103,110,1.61
2026-05-06,Region B,P015,86,88,0.19
2026-05-06,Region B,P016,145,152,1.48
2026-05-06,Region B,P017,97,102,1.04
2026-05-06,Region B,P018,111,118,2.29
2026-05-06,Region B,P019,138,145,1.22
2026-05-06,Region B,P020,150,159,1.84
2026-05-06,Region B,P021,150,156,0.18
2026-05-06,Region B,P022,125,128,0.0
2026-05-06,Region B,P023,81,86,1.2
2026-05-06,Region B,P024,99,102,0.05
2026-05-06,Region B,P025,107,111,1.27
2026-05-06,Region B,P026,124,128,0.53
2026-05-06,Region B,P027,111,117,1.59
2026-05-06,Region B,P028,125,131,1.22
2026-05-06,Region B,P029,105,111,1.38
2026-05-06,Region B,P030,131,135,1.08
2026-05-06,Region C,P001,134,139,0.62
2026-05-06,Region C,P002,139,146,0.84
2026-05-06,Region C,P003,93,95,0.07
2026-05-06,Region C,P004,130,137,1.47
2026-05-06,Region C,P005,132,135,1.13
2026-05-06,Region C,P006,87,93,1.55
2026-05-06,Region C,P007,84,86,0.2
2026-05-06,Region C,P008,142,148,0.0
2026-05-06,Region C,P009,123,131,1.28
2026-05-06,Region C,P010,140,144,0.85
2026-05-06,Region C,P011,91,93,0.16
2026-05-06,Region C,P012,121,126,0.71
2026-05-06,Region C,P013,100,103,0.19
2026-05-06,Region C,P014,120,126,0.29
2026-05-06,Region C,P015,132,134,0.0
2026-05-06,Region C,P016,85,91,1.34
2026-05-06,Region C,P017,110,112,1.12
2026-05-06,Region C,P018,134,137,1.03
2026-05-06,Region C,P019,110,114,1.32
2026-05-06,Region C,P020,92,94,0.0
2026-05-06,Region C,P021,85,87,0.9
2026-05-06,Region C,P022,109,114,0.45
2026-05-06,Region C,P023,113,116,0.0
2026-05-06,Region C,P024,93,95,0.0
2026-05-06,Region C,P025,81,86,1.3
2026-05-06,Region C,P026,132,140,1.24
2026-05-06,Region C,P027,149,152,1.16
2026-05-06,Region C,P028,125,131,0.12
2026-05-06,Region C,P029,139,143,0.13
2026-05-06,Region C,P030,92,96,1.12
2026-05-06,Region D,P001,113,115,0.02
2026-05-06,Region D,P002,82,87,1.04
2026-05-06,Region D,P003,128,136,1.48
2026-05-06,Region D,P004,75,80,1.88
2026-05-06,Region D,P005,130,137,1.19
2026-05-06,Region D,P006,153,159,0.78
2026-05-06,Region D,P007,134,137,1.46
2026-05-06,Region D,P008,125,129,0.99
2026-05-06,Region D,P009,127,130,0.48
2026-05-06,Region D,P010,87,90,0.15
2026-05-06,Region D,P011,147,153,1.36
2026-05-06,Region D,P012,130,134,1.11
2026-05-06,Region D,P013,92,94,0.38
2026-05-06,Region D,P014,107,109,0.58
2026-05-06,Region D,P015,88,92,0.99
2026-05-06,Region D,P016,115,117,0.39
2026-05-06,Region D,P017,136,138,0.0
2026-05-06,Region D,P018,116,122,1.43
2026-05-06,Region D,P019,83,87,0.94
2026-05-06,Region D,P020,105,112,1.47
2026-05-06,Region D,P021,105,108,0.0
2026-05-06,Region D,P022,116,123,1.32
2026-05-06,Region D,P023,93,95,0.94
2026-05-06,Region D,P024,137,139,0.63
2026-05-06,Region D,P025,143,152,1.07
2026-05-06,Region D,P026,102,108,1.76
2026-05-06,Region D,P027,94,97,1.4
2026-05-06,Region D,P028,117,123,0.49
2026-05-06,Region D,P029,130,136,1.45
2026-05-06,Region D,P030,80,82,0.0
2026-05-07,Region A,P001,147,149,0.89
2026-05-07,Region A,P002,111,113,1.01
2026-05-07,Region A,P003,130,137,0.93
2026-05-07,Region A,P004,110,114,0.89
2026-05-07,Region A,P005,123,129,0.58
2026-05-07,Region A,P006,118,126,1.12
2026-05-07,Region A,P007,78,81,1.59
2026-05-07,Region A,P008,119,122,0.72
2026-05-07,Region A,P009,132,137,0.59
2026-05-07,Region A,P010,117,121,1.41
2026-05-07,Region A,P011,98,100,0.94
2026-05-07,Region A,P012,78,80,0.64
2026-05-07,Region A,P013,114,120,1.13
2026-05-07,Region A,P014,133,138,1.33
2026-05-07,Region A,P015,86,89,0.94
2026-05-07,Region A,P016,115,117,2.07
2026-05-07,Region A,P017,148,158,0.79
2026-05-07,Region A,P018,120,128,1.99
2026-05-07,Region A,P019,86,91,1.16
2026-05-07,Region A,P020,128,135,1.3
2026-05-07,Region A,P021,131,138,0.58
2026-05-07,Region A,P022,135,142,2.17
2026-05-07,Region A,P023,80,86,1.12
2026-05-07,Region A,P024,77,81,0.39
2026-05-07,Region A,P025,114,121,1.2
2026-05-07,Region A,P026,120,124,0.38
2026-05-07,Region A,P027,87,90,0.48
2026-05-07,Region A,P028,114,119,0.98
2026-05-07,Region A,P029,113,118,1.04
2026-05-07,Region A,P030,97,102,2.03
2026-05-07,Region B,P001,128,134,1.04
2026-05-07,Region B,P002,153,159,0.93
2026-05-07,Region B,P003,112,117,1.28
2026-05-07,Region B,P004,117,125,1.5
2026-05-07,Region B,P005,79,82,0.0
2026-05-07,Region B,P006,79,82,0.4
2026-05-07,Region B,P007,120,122,0.29
2026-05-07,Region B,P008,149,154,1.04
2026-05-07,Region B,P009,124,129,0.3
2026-05-07,Region B,P010,139,146,0.8
2026-05-07,Region B,P011,138,144,0.55
2026-05-07,Region B,P012,139,141,0.82
2026-05-07,Region B,P013,93,95,0.28
2026-05-07,Region B,P014,92,96,0.91
2026-05-07,Region B,P015,151,155,0.24
2026-05-07,Region B,P016,150,155,0.94
2026-05-07,Region B,P017,147,154,1.38
2026-05-07,Region B,P018,86,88,0.0
2026-05-07,Region B,P019,146,152,0.54
2026-05-07,Region B,P020,119,125,0.84
2026-05-07,Region B,P021,102,104,0.27
2026-05-07,Region B,P022,79,81,0.61
2026-05-07,Region B,P023,96,98,0.0
2026-05-07,Region B,P024,95,101,0.96
2026-05-07,Region B,P025,139,148,1.69
2026-05-07,Region B,P026,103,109,0.35
2026-05-07,Region B,P027,102,107,1.54
2026-05-07,Region B,P028,139,144,1.61
2026-05-07,Region B,P029,120,128,1.82
2026-05-07,Region B,P030,140,145,0.08
2026-05-07,Region C,P001,77,82,1.42
2026-05-07,Region C,P002,152,156,0.12
2026-05-07,Region C,P003,100,104,0.4
2026-05-07,Region C,P004,150,152,0.48
2026-05-07,Region C,P005,146,155,1.69
2026-05-07,Region C,P006,122,125,0.74
2026-05-07,Region C,P007,107,114,1.33
2026-05-07,Region C,P008,92,95,0.0
2026-05-07,Region C,P009,139,145,0.4
2026-05-07,Region C,P010,105,108,0.2
2026-05-07,Region C,P011,146,152,1.03
2026-05-07,Region C,P012,82,87,0.4
2026-05-07,Region C,P013,123,125,1.2
2026-05-07,Region C,P014,133,141,0.64
2026-05-07,Region C,P015,155,157,0.77
2026-05-07,Region C,P016,97,102,1.14
2026-05-07,Region C,P017,149,157,1.44
2026-05-07,Region C,P018,111,117,1.19
2026-05-07,Region C,P019,91,93,1.0
2026-05-07,Region C,P020,110,114,0.74
2026-05-07,Region C,P021,92,96,0.49
2026-05-07,Region C,P022,124,126,0.45
2026-05-07,Region C,P023,137,141,0.0
2026-05-07,Region C,P024,93,99,1.33
2026-05-07,Region C,P025,90,95,1.76
2026-05-07,Region C,P026,156,159,1.25
2026-05-07,Region C,P027,97,102,0.99
2026-05-07,Region C,P028,90,93,0.57
2026-05-07,Region C,P029,82,85,1.26
2026-05-07,Region C,P030,89,94,0.95
2026-05-07,Region D,P001,83,87,0.54
2026-05-07,Region D,P002,75,80,2.53
2026-05-07,Region D,P003,107,109,0.17
2026-05-07,Region D,P004,148,152,0.38
2026-05-07,Region D,P005,120,126,1.07
2026-05-07,Region D,P006,132,137,0.55
2026-05-07,Region D,P007,114,121,0.0
2026-05-07,Region D,P008,97,100,1.12
2026-05-07,Region D,P009,100,102,0.0
2026-05-07,Region D,P010,95,101,1.83
2026-05-07,Region D,P011,121,123,0.0
2026-05-07,Region D,P012,76,81,1.16
2026-05-07,Region D,P013,88,92,1.16
2026-05-07,Region D,P014,80,83,0.09
2026-05-07,Region D,P015,152,155,0.51
2026-05-07,Region D,P016,120,127,1.01
2026-05-07,Region D,P017,80,82,0.58
2026-05-07,Region D,P018,136,139,0.43
2026-05-07,Region D,P019,83,85,0.87
2026-05-07,Region D,P020,75,80,0.47
2026-05-07,Region D,P021,134,143,1.79
2026-05-07,Region D,P022,94,98,0.21
2026-05-07,Region D,P023,114,119,1.61
2026-05-07,Region D,P024,118,122,0.67
2026-05-07,Region D,P025,95,98,0.74
2026-05-07,Region D,P026,109,115,1.41
2026-05-07,Region D,P027,90,95,0.92
2026-05-07,Region D,P028,138,146,1.7
2026-05-07,Region D,P029,85,89,1.32
2026-05-07,Region D,P030,136,142,0.88
2026-05-08,Region A,P001,89,93,0.52
2026-05-08,Region A,P002,84,86,0.37
2026-05-08,Region A,P003,126,134,1.17
2026-05-08,Region A,P004,121,126,0.47
2026-05-08,Region A,P005,111,118,1.36
2026-05-08,Region A,P006,107,112,0.45
2026-05-08,Region A,P007,93,98,2.21
2026-05-08,Region A,P008,95,101,1.76
2026-05-08,Region A,P009,135,141,0.76
2026-05-08,Region A,P010,144,154,1.77
2026-05-08,Region A,P011,78,81,0.69
2026-05-08,Region A,P012,122,125,0.36
2026-05-08,Region A,P013,142,149,1.37
2026-05-08,Region A,P014,118,125,1.68
2026-05-08,Region A,P015,143,148,0.46
2026-05-08,Region A,P016,91,97,0.57
2026-05-08,Region A,P017,93,98,1.42
2026-05-08,Region A,P018,144,151,0.73
2026-05-08,Region A,P019,141,149,1.15
2026-05-08,Region A,P020,131,138,1.66
2026-05-08,Region A,P021,122,125,1.07
2026-05-08,Region A,P022,80,84,1.35
2026-05-08,Region A,P023,155,159,0.92
2026-05-08,Region A,P024,111,114,0.07
2026-05-08,Region A,P025,148,157,2.44
2026-05-08,Region A,P026,145,148,0.56
2026-05-08,Region A,P027,139,147,1.35
2026-05-08,Region A,P028,116,119,0.0
2026-05-08,Region A,P029,110,112,0.28
2026-05-08,Region A,P030,113,118,1.22
2026-05-08,Region B,P001,100,102,1.12
2026-05-08,Region B,P002,139,143,0.17
2026-05-08,Region B,P003,116,121,1.1
2026-05-08,Region B,P004,110,117,1.75
2026-05-08,Region B,P005,98,102,0.83
2026-05-08,Region B,P006,108,111,0.38
2026-05-08,Region B,P007,87,89,0.36
2026-05-08,Region B,P008,129,135,0.92
2026-05-08,Region B,P009,117,120,1.42
2026-05-08,Region B,P010,106,110,0.86
2026-05-08,Region B,P011,110,115,0.95
2026-05-08,Region B,P012,119,125,1.62
2026-05-08,Region B,P013,115,118,0.4
2026-05-08,Region B,P014,152,157,0.13
2026-05-08,Region B,P015,87,91,0.18
2026-05-08,Region B,P016,116,119,0.53
2026-05-08,Region B,P017,112,116,0.18
2026-05-08,Region B,P018,92,98,1.96
2026-05-08,Region B,P019,88,90,0.56
2026-05-08,Region B,P020,150,155,0.5
2026-05-08,Region B,P021,123,125,0.35
2026-05-08,Region B,P022,143,150,0.0
2026-05-08,Region B,P023,114,122,1.57
2026-05-08,Region B,P024,121,125,1.68
2026-05-08,Region B,P025,93,95,1.05
2026-05-08,Region B,P026,138,141,0.5
2026-05-08,Region B,P027,78,81,0.29
2026-05-08,Region B,P028,140,147,1.29
2026-05-08,Region B,P029,101,105,0.58
2026-05-08,Region B,P030,87,88,0.36
2026-05-08,Region C,P001,134,142,1.03
2026-05-08,Region C,P002,110,115,1.17
2026-05-08,Region C,P003,78,83,0.8
2026-05-08,Region C,P004,92,95,0.98
2026-05-08,Region C,P005,102,105,0.37
2026-05-08,Region C,P006,129,134,0.87
2026-05-08,Region C,P007,89,93,1.16
2026-05-08,Region C,P008,77,82,1.55
2026-05-08,Region C,P009,95,99,0.76
2026-05-08,Region C,P010,112,119,0.46
2026-05-08,Region C,P011,105,109,0.99
2026-05-08,Region C,P012,85,89,0.67
2026-05-08,Region C,P013,128,135,0.89
2026-05-08,Region C,P014,129,136,1.28
2026-05-08,Region C,P015,118,124,1.95
2026-05-08,Region C,P016,100,102,0.0
2026-05-08,Region C,P017,98,100,1.18
2026-05-08,Region C,P018,115,122,1.64
2026-05-08,Region C,P019,108,115,0.93
2026-05-08,Region C,P020,94,97,0.73
2026-05-08,Region C,P021,106,109,0.65
2026-05-08,Region C,P022,124,130,1.11
2026-05-08,Region C,P023,96,100,0.65
2026-05-08,Region C,P024,90,96,1.27
2026-05-08,Region C,P025,130,135,1.18
2026-05-08,Region C,P026,111,117,1.32
2026-05-08,Region C,P027,78,82,0.54
2026-05-08,Region C,P028,87,93,0.82
2026-05-08,Region C,P029,132,137,0.62
2026-05-08,Region C,P030,142,148,0.35
2026-05-08,Region D,P001,148,154,0.41
2026-05-08,Region D,P002,120,123,1.14
2026-05-08,Region D,P003,140,143,0.9
2026-05-08,Region D,P004,140,143,0.05
2026-05-08,Region D,P005,147,152,1.19
2026-05-08,Region D,P006,124,128,0.6
2026-05-08,Region D,P007,119,126,0.82
2026-05-08,Region D,P008,98,104,1.82
2026-05-08,Region D,P009,108,114,1.89
2026-05-08,Region D,P010,115,118,0.12
2026-05-08,Region D,P011,87,89,0.21
2026-05-08,Region D,P012,119,124,0.57
2026-05-08,Region D,P013,81,84,1.41
2026-05-08,Region D,P014,77,82,1.71
2026-05-08,Region D,P015,125,129,0.53
2026-05-08,Region D,P016,143,148,1.23
2026-05-08,Region D,P017,120,123,0.54
2026-05-08,Region D,P018,124,131,1.07
2026-05-08,Region D,P019,94,100,1.44
2026-05-08,Region D,P020,105,108,0.15
2026-05-08,Region D,P021,147,150,0.0
2026-05-08,Region D,P022,130,138,1.34
2026-05-08,Region D,P023,106,108,0.0
2026-05-08,Region D,P024,98,103,0.84
2026-05-08,Region D,P025,104,107,1.06
2026-05-08,Region D,P026,127,132,1.11
2026-05-08,Region D,P027,133,141,1.31
2026-05-08,Region D,P028,113,116,0.99
2026-05-08,Region D,P029,118,121,0.59
2026-05-08,Region D,P030,110,115,0.65
2026-05-09,Region A,P001,87,91,1.22
2026-05-09,Region A,P002,81,86,1.49
2026-05-09,Region A,P003,90,94,0.34
2026-05-09,Region A,P004,126,133,0.9
2026-05-09,Region A,P005,125,127,0.38
2026-05-09,Region A,P006,109,116,0.77
2026-05-09,Region A,P007,110,115,0.0
2026-05-09,Region A,P008,137,142,0.39
2026-05-09,Region A,P009,137,144,0.75
2026-05-09,Region A,P010,108,110,0.22
2026-05-09,Region A,P011,78,81,0.45
2026-05-09,Region A,P012,99,101,0.48
2026-05-09,Region A,P013,119,125,0.84
2026-05-09,Region A,P014,114,120,0.45
2026-05-09,Region A,P015,121,126,0.94
2026-05-09,Region A,P016,137,143,1.26
2026-05-09,Region A,P017,106,109,0.08
2026-05-09,Region A,P018,84,90,0.3
2026-05-09,Region A,P019,105,109,1.58
2026-05-09,Region A,P020,130,133,0.15
2026-05-09,Region A,P021,130,133,0.0
2026-05-09,Region A,P022,81,83,0.02
2026-05-09,Region A,P023,138,146,1.47
2026-05-09,Region A,P024,86,91,1.9
2026-05-09,Region A,P025,132,140,1.9
2026-05-09,Region A,P026,136,142,2.03
2026-05-09,Region A,P027,81,85,1.38
2026-05-09,Region A,P028,88,94,1.63
2026-05-09,Region A,P029,86,88,0.06
2026-05-09,Region A,P030,131,138,1.84
2026-05-09,Region B,P001,145,153,2.06
2026-05-09,Region B,P002,78,82,0.95
2026-05-09,Region B,P003,135,142,1.4
2026-05-09,Region B,P004,86,89,1.27
2026-05-09,Region B,P005,99,106,1.66
2026-05-09,Region B,P006,86,91,1.43
2026-05-09,Region B,P007,134,142,1.06
2026-05-09,Region B,P008,108,114,1.06
2026-05-09,Region B,P009,147,154,1.29
2026-05-09,Region B,P010,123,125,1.0
2026-05-09,Region B,P011,101,108,1.6
2026-05-09,Region B,P012,109,115,0.34
2026-05-09,Region B,P013,84,88,1.26
2026-05-09,Region B,P014,118,126,1.87
2026-05-09,Region B,P015,124,129,0.0
2026-05-09,Region B,P016,91,96,0.41
2026-05-09,Region B,P017,142,145,1.02
2026-05-09,Region B,P018,102,109,1.62
2026-05-09,Region B,P019,89,92,0.77
2026-05-09,Region B,P020,81,85,0.46
2026-05-09,Region B,P021,116,122,0.5
2026-05-09,Region B,P022,132,139,1.24
2026-05-09,Region B,P023,81,84,1.5
2026-05-09,Region B,P024,126,130,0.0
2026-05-09,Region B,P025,116,122,1.02
2026-05-09,Region B,P026,110,115,0.17
2026-05-09,Region B,P027,95,97,0.0
2026-05-09,Region B,P028,117,122,1.67
2026-05-09,Region B,P029,141,148,1.02
2026-05-09,Region B,P030,117,122,1.11
2026-05-09,Region C,P001,138,140,0.74
2026-05-09,Region C,P002,103,108,1.26
2026-05-09,Region C,P003,93,95,0.56
2026-05-09,Region C,P004,106,109,0.99
2026-05-09,Region C,P005,112,117,0.74
2026-05-09,Region C,P006,136,140,1.55
2026-05-09,Region C,P007,150,157,1.59
2026-05-09,Region C,P008,152,159,1.01
2026-05-09,Region C,P009,145,148,0.0
2026-05-09,Region C,P010,94,99,0.41
2026-05-09,Region C,P011,102,107,2.0
2026-05-09,Region C,P012,120,122,0.0
2026-05-09,Region C,P013,100,105,1.89
2026-05-09,Region C,P014,141,150,1.0
2026-05-09,Region C,P015,113,118,2.08
2026-05-09,Region C,P016,128,132,0.5
2026-05-09,Region C,P017,138,145,0.81
2026-05-09,Region C,P018,99,105,1.14
2026-05-09,Region C,P019,149,152,0.0
2026-05-09,Region C,P020,140,147,0.65
2026-05-09,Region C,P021,124,131,0.29
2026-05-09,Region C,P022,77,80,0.76
2026-05-09,Region C,P023,119,122,0.15
2026-05-09,Region C,P024,105,110,0.48
2026-05-09,Region C,P025,110,116,1.54
2026-05-09,Region C,P026,122,130,1.16
2026-05-09,Region C,P027,137,139,0.98
2026-05-09,Region C,P028,118,121,0.55
2026-05-09,Region C,P029,111,115,1.48
2026-05-09,Region C,P030,92,94,0.12
2026-05-09,Region D,P001,121,123,0.0
2026-05-09,Region D,P002,79,83,1.3
2026-05-09,Region D,P003,133,135,0.64
2026-05-09,Region D,P004,146,151,0.0
2026-05-09,Region D,P005,122,125,0.67
2026-05-09,Region D,P006,135,140,0.0
2026-05-09,Region D,P007,116,118,0.86
2026-05-09,Region D,P008,94,99,1.2
2026-05-09,Region D,P009,143,152,2.43
2026-05-09,Region D,P010,107,113,1.26
2026-05-09,Region D,P011,146,154,0.61
2026-05-09,Region D,P012,135,141,0.98
2026-05-09,Region D,P013,96,100,1.3
2026-05-09,Region D,P014,100,103,0.61
2026-05-09,Region D,P015,86,92,2.33
2026-05-09,Region D,P016,146,154,0.81
2026-05-09,Region D,P017,152,156,0.78
2026-05-09,Region D,P018,101,107,1.34
2026-05-09,Region D,P019,106,112,1.61
2026-05-09,Region D,P020,79,84,1.59
2026-05-09,Region D,P021,95,97,1.03
2026-05-09,Region D,P022,118,121,0.17
2026-05-09,Region D,P023,88,89,0.77
2026-05-09,Region D,P024,144,151,0.72
2026-05-09,Region D,P025,149,158,1.24
2026-05-09,Region D,P026,142,151,0.0
2026-05-09,Region D,P027,117,124,1.59
2026-05-09,Region D,P028,121,129,1.04
2026-05-09,Region D,P029,93,98,1.43
2026-05-09,Region D,P030,139,142,0.78
2026-05-10,Region A,P001,128,131,0.45
2026-05-10,Region A,P002,106,111,1.38
2026-05-10,Region A,P003,128,133,0.52
2026-05-10,Region A,P004,131,138,0.53
2026-05-10,Region A,P005,99,101,0.11
2026-05-10,Region A,P006,124,132,1.58
2026-05-10,Region A,P007,85,89,0.94
2026-05-10,Region A,P008,136,141,1.39
2026-05-10,Region A,P009,78,81,0.51
2026-05-10,Region A,P010,75,80,1.15
2026-05-10,Region A,P011,114,120,1.34
2026-05-10,Region A,P012,95,100,1.25
2026-05-10,Region A,P013,99,102,1.05
2026-05-10,Region A,P014,81,86,0.66
2026-05-10,Region A,P015,111,116,1.2
2026-05-10,Region A,P016,119,123,0.11
2026-05-10,Region A,P017,75,80,0.72
2026-05-10,Region A,P018,107,113,1.72
2026-05-10,Region A,P019,120,122,0.39
2026-05-10,Region A,P020,86,88,0.55
2026-05-10,Region A,P021,96,100,1.68
2026-05-10,Region A,P022,80,85,0.35
2026-05-10,Region A,P023,143,149,1.01
2026-05-10,Region A,P024,117,122,1.95
2026-05-10,Region A,P025,120,126,0.58
2026-05-10,Region A,P026,133,137,0.91
2026-05-10,Region A,P027,147,153,0.18
2026-05-10,Region A,P028,86,91,1.57
2026-05-10,Region A,P029,106,112,1.53
2026-05-10,Region A,P030,105,111,1.79
2026-05-10,Region B,P001,84,88,1.0
2026-05-10,Region B,P002,76,81,0.95
2026-05-10,Region B,P003,137,140,0.32
2026-05-10,Region B,P004,147,151,0.39
2026-05-10,Region B,P005,107,111,0.91
2026-05-10,Region B,P006,128,136,0.99
2026-05-10,Region B,P007,93,97,0.5
2026-05-10,Region B,P008,135,138,0.88
2026-05-10,Region B,P009,129,134,0.35
2026-05-10,Region B,P010,121,125,1.35
2026-05-10,Region B,P011,144,147,0.44
2026-05-10,Region B,P012,88,92,0.54
2026-05-10,Region B,P013,92,96,0.91
2026-05-10,Region B,P014,130,139,0.84
2026-05-10,Region B,P015,120,125,0.7
2026-05-10,Region B,P016,94,100,1.36
2026-05-10,Region B,P017,129,132,0.37
2026-05-10,Region B,P018,138,144,0.84
2026-05-10,Region B,P019,140,148,1.1
2026-05-10,Region B,P020,91,95,1.02
2026-05-10,Region B,P021,151,158,0.63
2026-05-10,Region B,P022,98,104,1.89
2026-05-10,Region B,P023,77,81,0.3
2026-05-10,Region B,P024,107,109,0.0
2026-05-10,Region B,P025,107,114,0.54
2026-05-10,Region B,P026,105,111,1.73
2026-05-10,Region B,P027,92,95,0.0
2026-05-10,Region B,P028,141,144,0.48
2026-05-10,Region B,P029,125,130,0.73
2026-05-10,Region B,P030,82,86,1.57
2026-05-10,Region C,P001,109,114,1.37
2026-05-10,Region C,P002,79,81,0.82
2026-05-10,Region C,P003,138,141,0.0
2026-05-10,Region C,P004,123,127,0.25
2026-05-10,Region C,P005,133,139,1.35
2026-05-10,Region C,P006,87,91,0.64
2026-05-10,Region C,P007,127,133,0.85
2026-05-10,Region C,P008,117,124,1.74
2026-05-10,Region C,P009,121,126,0.26
2026-05-10,Region C,P010,77,80,0.0
2026-05-10,Region C,P011,144,151,0.78
2026-05-10,Region C,P012,119,122,0.59
2026-05-10,Region C,P013,127,130,0.39
2026-05-10,Region C,P014,119,127,1.8
2026-05-10,Region C,P015,114,121,1.01
2026-05-10,Region C,P016,129,133,1.16
2026-05-10,Region C,P017,129,135,0.81
2026-05-10,Region C,P018,79,82,0.69
2026-05-10,Region C,P019,143,145,0.22
2026-05-10,Region C,P020,83,87,0.24
2026-05-10,Region C,P021,107,111,1.03
2026-05-10,Region C,P022,138,144,1.13
2026-05-10,Region C,P023,152,155,0.62
2026-05-10,Region C,P024,83,86,1.54
2026-05-10,Region C,P025,111,114,0.5
2026-05-10,Region C,P026,110,113,1.31
2026-05-10,Region C,P027,126,128,0.0
2026-05-10,Region C,P028,112,119,1.56
2026-05-10,Region C,P029,93,96,0.48
2026-05-10,Region C,P030,149,151,0.05
2026-05-10,Region D,P001,134,139,1.17
2026-05-10,Region D,P002,116,119,0.89
2026-05-10,Region D,P003,143,147,0.36
2026-05-10,Region D,P004,110,113,0.09
2026-05-10,Region D,P005,96,98,1.5
2026-05-10,Region D,P006,113,118,0.39
2026-05-10,Region D,P007,131,136,1.23
2026-05-10,Region D,P008,128,131,0.76
2026-05-10,Region D,P009,78,81,0.47
2026-05-10,Region D,P010,100,104,1.16
2026-05-10,Region D,P011,118,124,1.33
2026-05-10,Region D,P012,131,134,1.32
2026-05-10,Region D,P013,90,96,1.14
2026-05-10,Region D,P014,79,83,1.53
2026-05-10,Region D,P015,81,83,0.08
2026-05-10,Region D,P016,111,113,0.0
2026-05-10,Region D,P017,133,137,0.18
2026-05-10,Region D,P018,146,154,1.79
2026-05-10,Region D,P019,138,144,0.84
2026-05-10,Region D,P020,139,146,1.06
2026-05-10,Region D,P021,110,114,1.35
2026-05-10,Region D,P022,137,141,0.84
2026-05-10,Region D,P023,110,115,1.18
2026-05-10,Region D,P024,90,93,0.66
2026-05-10,Region D,P025,143,146,0.46
2026-05-10,Region D,P026,105,108,0.45
2026-05-10,Region D,P027,78,81,1.29
2026-05-10,Region D,P028,97,102,1.04
2026-05-10,Region D,P029,99,103,1.38
2026-05-10,Region D,P030,152,156,1.0
2026-05-11,Region A,P001,144,148,0.32
2026-05-11,Region A,P002,133,141,1.09
2026-05-11,Region A,P003,100,105,1.68
2026-05-11,Region A,P004,111,114,0.64
2026-05-11,Region A,P005,149,157,1.57
2026-05-11,Region A,P006,146,154,0.54
2026-05-11,Region A,P007,139,142,0.83
2026-05-11,Region A,P008,115,117,0.96
2026-05-11,Region A,P009,107,109,0.0
2026-05-11,Region A,P010,89,92,0.0
2026-05-11,Region A,P011,97,99,0.27
2026-05-11,Region A,P012,79,84,1.8
2026-05-11,Region A,P013,132,134,0.0
2026-05-11,Region A,P014,82,84,0.0
2026-05-11,Region A,P015,93,98,0.97
2026-05-11,Region A,P016,95,99,1.31
2026-05-11,Region A,P017,124,131,1.67
2026-05-11,Region A,P018,93,94,0.02
2026-05-11,Region A,P019,145,154,1.35
2026-05-11,Region A,P020,106,108,0.0
2026-05-11,Region A,P021,114,119,1.82
2026-05-11,Region A,P022,85,87,1.05
2026-05-11,Region A,P023,103,107,0.84
2026-05-11,Region A,P024,126,130,1.36
2026-05-11,Region A,P025,95,101,0.67
2026-05-11,Region A,P026,125,131,1.31
2026-05-11,Region A,P027,118,125,1.05
2026-05-11,Region A,P028,106,110,0.0
2026-05-11,Region A,P029,130,133,0.67
2026-05-11,Region A,P030,79,81,1.46
2026-05-11,Region B,P001,119,123,0.48
2026-05-11,Region B,P002,109,113,0.27
2026-05-11,Region B,P003,145,151,1.63
2026-05-11,Region B,P004,124,126,0.53
2026-05-11,Region B,P005,78,81,1.32
2026-05-11,Region B,P006,105,110,0.69
2026-05-11,Region B,P007,143,147,0.16
2026-05-11,Region B,P008,129,132,0.72
2026-05-11,Region B,P009,123,129,0.52
2026-05-11,Region B,P010,136,140,0.79
2026-05-11,Region B,P011,146,155,1.19
2026-05-11,Region B,P012,143,148,0.82
2026-05-11,Region B,P013,84,89,1.56
2026-05-11,Region B,P014,118,123,1.29
2026-05-11,Region B,P015,133,138,0.91
2026-05-11,Region B,P016,108,112,0.87
2026-05-11,Region B,P017,86,91,1.89
2026-05-11,Region B,P018,136,142,1.07
2026-05-11,Region B,P019,146,152,1.21
2026-05-11,Region B,P020,148,154,1.21
2026-05-11,Region B,P021,152,157,2.14
2026-05-11,Region B,P022,124,127,0.5
2026-05-11,Region B,P023,135,138,0.1
2026-05-11,Region B,P024,144,148,1.52
2026-05-11,Region B,P025,110,115,1.11
2026-05-11,Region B,P026,148,156,0.36
2026-05-11,Region B,P027,78,82,0.47
2026-05-11,Region B,P028,110,117,1.16
2026-05-11,Region B,P029,106,110,0.0
2026-05-11,Region B,P030,78,82,1.01
2026-05-11,Region C,P001,141,150,1.72
2026-05-11,Region C,P002,142,148,1.04
2026-05-11,Region C,P003,134,138,0.5
2026-05-11,Region C,P004,139,143,0.63
2026-05-11,Region C,P005,98,101,0.58
2026-05-11,Region C,P006,114,118,0.1
2026-05-11,Region C,P007,112,114,0.08
2026-05-11,Region C,P008,97,100,0.0
2026-05-11,Region C,P009,106,111,0.14
2026-05-11,Region C,P010,91,93,0.12
2026-05-11,Region C,P011,84,87,0.07
2026-05-11,Region C,P012,103,105,0.15
2026-05-11,Region C,P013,106,113,1.64
2026-05-11,Region C,P014,141,143,0.13
2026-05-11,Region C,P015,101,106,0.52
2026-05-11,Region C,P016,132,135,0.2
2026-05-11,Region C,P017,101,105,1.06
2026-05-11,Region C,P018,149,158,1.17
2026-05-11,Region C,P019,134,142,1.26
2026-05-11,Region C,P020,155,158,0.56
2026-05-11,Region C,P021,133,142,1.03
2026-05-11,Region C,P022,80,81,0.0
2026-05-11,Region C,P023,142,146,1.27
2026-05-11,Region C,P024,107,109,0.47
2026-05-11,Region C,P025,105,111,1.15
2026-05-11,Region C,P026,93,98,0.94
2026-05-11,Region C,P027,92,97,1.34
2026-05-11,Region C,P028,119,125,1.25
2026-05-11,Region C,P029,108,112,1.01
2026-05-11,Region C,P030,106,111,1.0
2026-05-11,Region D,P001,95,99,0.0
2026-05-11,Region D,P002,138,143,0.89
2026-05-11,Region D,P003,127,132,0.34
2026-05-11,Region D,P004,128,133,0.91
2026-05-11,Region D,P005,147,155,1.03
2026-05-11,Region D,P006,134,142,1.6
2026-05-11,Region D,P007,124,129,1.4
2026-05-11,Region D,P008,89,91,0.28
2026-05-11,Region D,P009,85,89,0.21
2026-05-11,Region D,P010,88,90,1.06
2026-05-11,Region D,P011,99,101,1.22
2026-05-11,Region D,P012,86,90,0.78
2026-05-11,Region D,P013,131,136,0.09
2026-05-11,Region D,P014,94,99,1.28
2026-05-11,Region D,P015,78,83,1.69
2026-05-11,Region D,P016,109,114,1.33
2026-05-11,Region D,P017,92,94,0.21
2026-05-11,Region D,P018,151,156,0.87
2026-05-11,Region D,P019,122,125,0.33
2026-05-11,Region D,P020,84,88,1.18
2026-05-11,Region D,P021,83,85,0.44
2026-05-11,Region D,P022,150,158,0.64
2026-05-11,Region D,P023,140,147,0.91
2026-05-11,Region D,P024,131,136,0.78
2026-05-11,Region D,P025,145,153,1.14
2026-05-11,Region D,P026,83,88,1.53
2026-05-11,Region D,P027,91,92,0.62
2026-05-11,Region D,P028,101,105,0.13
2026-05-11,Region D,P029,86,92,1.32
2026-05-11,Region D,P030,127,131,0.41
2026-05-12,Region A,P001,135,139,0.0
2026-05-12,Region A,P002,147,156,1.97
2026-05-12,Region A,P003,130,134,1.53
2026-05-12,Region A,P004,144,153,0.74
2026-05-12,Region A,P005,107,111,0.01
2026-05-12,Region A,P006,135,141,1.28
2026-05-12,Region A,P007,89,91,1.3
2026-05-12,Region A,P008,132,140,1.36
2026-05-12,Region A,P009,79,81,0.53
2026-05-12,Region A,P010,98,105,1.98
2026-05-12,Region A,P011,156,159,1.05
2026-05-12,Region A,P012,127,132,1.04
2026-05-12,Region A,P013,148,151,0.11
2026-05-12,Region A,P014,78,80,0.94
2026-05-12,Region A,P015,135,138,0.67
2026-05-12,Region A,P016,98,100,1.02
2026-05-12,Region A,P017,96,98,1.1
2026-05-12,Region A,P018,150,157,0.45
2026-05-12,Region A,P019,93,95,0.27
2026-05-12,Region A,P020,91,94,0.72
2026-05-12,Region A,P021,127,134,1.28
2026-05-12,Region A,P022,80,82,0.96
2026-05-12,Region A,P023,117,119,1.03
2026-05-12,Region A,P024,80,86,0.93
2026-05-12,Region A,P025,146,148,0.45
2026-05-12,Region A,P026,104,110,2.25
2026-05-12,Region A,P027,146,156,1.78
2026-05-12,Region A,P028,101,106,1.38
2026-05-12,Region A,P029,97,104,1.65
2026-05-12,Region A,P030,130,135,1.09
2026-05-12,Region B,P001,78,82,1.35
2026-05-12,Region B,P002,135,144,2.5
2026-05-12,Region B,P003,134,138,0.0
2026-05-12,Region B,P004,130,138,1.47
2026-05-12,Region B,P005,127,135,0.71
2026-05-12,Region B,P006,128,134,0.23
2026-05-12,Region B,P007,108,114,1.15
2026-05-12,Region B,P008,120,126,1.34
2026-05-12,Region B,P009,126,132,1.2
2026-05-12,Region B,P010,83,87,1.51
2026-05-12,Region B,P011,93,98,1.14
2026-05-12,Region B,P012,141,150,1.01
2026-05-12,Region B,P013,137,145,2.08
2026-05-12,Region B,P014,117,122,1.02
2026-05-12,Region B,P015,149,154,1.27
2026-05-12,Region B,P016,79,82,1.76
2026-05-12,Region B,P017,78,80,0.0
2026-05-12,Region B,P018,102,106,0.97
2026-05-12,Region B,P019,81,86,0.3
2026-05-12,Region B,P020,111,113,1.16
2026-05-12,Region B,P021,130,138,0.99
2026-05-12,Region B,P022,88,93,0.43
2026-05-12,Region B,P023,144,149,0.21
2026-05-12,Region B,P024,80,85,0.69
2026-05-12,Region B,P025,112,115,0.2
2026-05-12,Region B,P026,88,90,0.49
2026-05-12,Region B,P027,94,97,0.9
2026-05-12,Region B,P028,112,119,1.09
2026-05-12,Region B,P029,104,109,1.03
2026-05-12,Region B,P030,104,111,1.68
2026-05-12,Region C,P001,90,94,1.19
2026-05-12,Region C,P002,135,140,0.75
2026-05-12,Region C,P003,138,142,0.0
2026-05-12,Region C,P004,116,119,0.41
2026-05-12,Region C,P005,106,109,0.18
2026-05-12,Region C,P006,132,141,1.59
2026-05-12,Region C,P007,123,131,1.4
2026-05-12,Region C,P008,126,130,1.51
2026-05-12,Region C,P009,88,91,0.84
2026-05-12,Region C,P010,80,85,0.52
2026-05-12,Region C,P011,145,151,1.04
2026-05-12,Region C,P012,86,91,1.48
2026-05-12,Region C,P013,83,85,0.6
2026-05-12,Region C,P014,121,124,1.52
2026-05-12,Region C,P015,142,146,0.43
2026-05-12,Region C,P016,92,94,0.82
2026-05-12,Region C,P017,112,120,1.1
2026-05-12,Region C,P018,109,112,0.76
2026-05-12,Region C,P019,79,84,2.0
2026-05-12,Region C,P020,101,106,0.7
2026-05-12,Region C,P021,95,100,1.02
2026-05-12,Region C,P022,131,139,1.2
2026-05-12,Region C,P023,128,132,0.56
2026-05-12,Region C,P024,119,125,0.65
2026-05-12,Region C,P025,149,157,1.81
2026-05-12,Region C,P026,95,100,0.95
2026-05-12,Region C,P027,75,80,1.99
2026-05-12,Region C,P028,146,152,0.92
2026-05-12,Region C,P029,103,106,0.0
2026-05-12,Region C,P030,112,119,2.3
2026-05-12,Region D,P001,125,130,1.46
2026-05-12,Region D,P002,132,136,0.71
2026-05-12,Region D,P003,149,154,1.22
2026-05-12,Region D,P004,117,120,0.72
2026-05-12,Region D,P005,122,126,0.0
2026-05-12,Region D,P006,108,110,0.17
2026-05-12,Region D,P007,139,142,0.06
2026-05-12,Region D,P008,112,114,0.75
2026-05-12,Region D,P009,140,145,1.38
2026-05-12,Region D,P010,117,125,1.64
2026-05-12,Region D,P011,133,140,1.49
2026-05-12,Region D,P012,123,126,0.45
2026-05-12,Region D,P013,85,87,0.0
2026-05-12,Region D,P014,103,109,1.22
2026-05-12,Region D,P015,140,144,0.0
2026-05-12,Region D,P016,95,101,1.22
2026-05-12,Region D,P017,94,97,0.73
2026-05-12,Region D,P018,155,158,0.0
2026-05-12,Region D,P019,141,150,0.0
2026-05-12,Region D,P020,143,151,1.28
2026-05-12,Region D,P021,132,136,0.35
2026-05-12,Region D,P022,142,151,1.68
2026-05-12,Region D,P023,151,157,1.09
2026-05-12,Region D,P024,78,80,0.06
2026-05-12,Region D,P025,134,139,0.7
2026-05-12,Region D,P026,117,121,0.05
2026-05-12,Region D,P027,88,94,0.87
2026-05-12,Region D,P028,147,152,0.78
2026-05-12,Region D,P029,83,87,0.74
2026-05-12,Region D,P030,150,157,1.77
2026-05-13,Region A,P001,100,102,0.52
2026-05-13,Region A,P002,119,124,1.33
2026-05-13,Region A,P003,86,90,0.49
2026-05-13,Region A,P004,112,114,0.68
2026-05-13,Region A,P005,82,85,0.74
2026-05-13,Region A,P006,124,130,1.06
2026-05-13,Region A,P007,112,118,1.25
2026-05-13,Region A,P008,146,150,0.72
2026-05-13,Region A,P009,98,101,0.46
2026-05-13,Region A,P010,140,145,1.21
2026-05-13,Region A,P011,111,113,0.4
2026-05-13,Region A,P012,120,122,0.51
2026-05-13,Region A,P013,134,141,0.8
2026-05-13,Region A,P014,97,102,1.36
2026-05-13,Region A,P015,105,110,1.08
2026-05-13,Region A,P016,123,125,0.81
2026-05-13,Region A,P017,104,107,0.52
2026-05-13,Region A,P018,114,121,1.48
2026-05-13,Region A,P019,131,138,0.99
2026-05-13,Region A,P020,149,158,1.64
2026-05-13,Region A,P021,92,98,1.73
2026-05-13,Region A,P022,99,103,1.11
2026-05-13,Region A,P023,112,119,1.12
2026-05-13,Region A,P024,91,96,1.46
2026-05-13,Region A,P025,121,128,1.26
2026-05-13,Region A,P026,129,135,1.67
2026-05-13,Region A,P027,112,116,0.84
2026-05-13,Region A,P028,93,97,1.72
2026-05-13,Region A,P029,143,151,1.43
2026-05-13,Region A,P030,76,81,0.34
2026-05-13,Region B,P001,143,148,0.72
2026-05-13,Region B,P002,79,83,1.42
2026-05-13,Region B,P003,82,85,0.36
2026-05-13,Region B,P004,88,90,1.05
2026-05-13,Region B,P005,76,81,0.3
2026-05-13,Region B,P006,83,87,1.19
2026-05-13,Region B,P007,86,90,0.42
2026-05-13,Region B,P008,103,108,0.4
2026-05-13,Region B,P009,110,115,0.67
2026-05-13,Region B,P010,85,90,1.95
2026-05-13,Region B,P011,103,105,0.41
2026-05-13,Region B,P012,113,115,0.0
2026-05-13,Region B,P013,103,109,1.19
2026-05-13,Region B,P014,135,139,0.43
2026-05-13,Region B,P015,80,82,1.17
2026-05-13,Region B,P016,110,113,0.0
2026-05-13,Region B,P017,83,85,0.57
2026-05-13,Region B,P018,135,140,1.32
2026-05-13,Region B,P019,108,110,0.05
2026-05-13,Region B,P020,140,146,1.17
2026-05-13,Region B,P021,135,140,0.57
2026-05-13,Region B,P022,123,130,0.59
2026-05-13,Region B,P023,135,142,1.31
2026-05-13,Region B,P024,75,80,2.31
2026-05-13,Region B,P025,143,148,2.03
2026-05-13,Region B,P026,111,115,1.16
2026-05-13,Region B,P027,153,156,0.19
2026-05-13,Region B,P028,96,99,0.0
2026-05-13,Region B,P029,106,110,1.25
2026-05-13,Region B,P030,78,81,0.69
2026-05-13,Region C,P001,90,94,1.45
2026-05-13,Region C,P002,107,114,1.09
2026-05-13,Region C,P003,108,112,0.87
2026-05-13,Region C,P004,85,88,0.1
2026-05-13,Region C,P005,77,81,0.22
2026-05-13,Region C,P006,150,159,1.35
2026-05-13,Region C,P007,112,115,1.07
2026-05-13,Region C,P008,94,100,0.96
2026-05-13,Region C,P009,137,145,1.4
2026-05-13,Region C,P010,80,81,0.02
2026-05-13,Region C,P011,103,106,0.31
2026-05-13,Region C,P012,129,135,0.37
2026-05-13,Region C,P013,104,111,0.86
2026-05-13,Region C,P014,115,123,1.61
2026-05-13,Region C,P015,80,84,0.24
2026-05-13,Region C,P016,126,134,2.29
2026-05-13,Region C,P017,100,102,0.0
2026-05-13,Region C,P018,129,136,1.27
2026-05-13,Region C,P019,98,101,1.46
2026-05-13,Region C,P020,133,139,0.52
2026-05-13,Region C,P021,119,127,1.32
2026-05-13,Region C,P022,122,125,0.94
2026-05-13,Region C,P023,100,106,1.59
2026-05-13,Region C,P024,76,81,1.38
2026-05-13,Region C,P025,145,148,0.6
2026-05-13,Region C,P026,88,90,0.7
2026-05-13,Region C,P027,101,103,0.86
2026-05-13,Region C,P028,139,145,0.39
2026-05-13,Region C,P029,130,133,0.0
2026-05-13,Region C,P030,85,90,1.31
2026-05-13,Region D,P001,125,132,1.19
2026-05-13,Region D,P002,96,98,0.02
2026-05-13,Region D,P003,82,84,1.21
2026-05-13,Region D,P004,119,126,1.05
2026-05-13,Region D,P005,156,159,0.35
2026-05-13,Region D,P006,99,102,0.57
2026-05-13,Region D,P007,87,89,0.02
2026-05-13,Region D,P008,141,143,0.56
2026-05-13,Region D,P009,131,138,0.74
2026-05-13,Region D,P010,104,107,0.0
2026-05-13,Region D,P011,127,130,0.59
2026-05-13,Region D,P012,140,142,0.14
2026-05-13,Region D,P013,135,139,0.64
2026-05-13,Region D,P014,134,141,1.08
2026-05-13,Region D,P015,144,151,2.09
2026-05-13,Region D,P016,122,129,0.7
2026-05-13,Region D,P017,139,147,1.33
2026-05-13,Region D,P018,150,155,0.25
2026-05-13,Region D,P019,126,134,1.07
2026-05-13,Region D,P020,135,141,0.63
2026-05-13,Region D,P021,90,95,0.18
2026-05-13,Region D,P022,111,117,1.65
2026-05-13,Region D,P023,100,106,1.25
2026-05-13,Region D,P024,153,156,0.51
2026-05-13,Region D,P025,149,159,1.33
2026-05-13,Region D,P026,133,141,1.15
2026-05-13,Region D,P027,80,82,1.01
2026-05-13,Region D,P028,134,143,1.28
2026-05-13,Region D,P029,92,94,0.7
2026-05-13,Region D,P030,152,154,0.8
2026-05-14,Region A,P001,113,118,0.83
2026-05-14,Region A,P002,139,143,0.88
2026-05-14,Region A,P003,145,149,1.1
2026-05-14,Region A,P004,124,128,1.4
2026-05-14,Region A,P005,152,154,0.06
2026-05-14,Region A,P006,137,143,2.11
2026-05-14,Region A,P007,99,106,1.3
2026-05-14,Region A,P008,132,137,0.99
2026-05-14,Region A,P009,140,143,0.5
2026-05-14,Region A,P010,141,147,0.84
2026-05-14,Region A,P011,145,153,0.0
2026-05-14,Region A,P012,105,110,0.97
2026-05-14,Region A,P013,150,158,1.88
2026-05-14,Region A,P014,112,115,0.4
2026-05-14,Region A,P015,87,90,0.14
2026-05-14,Region A,P016,140,145,0.8
2026-05-14,Region A,P017,106,110,0.76
2026-05-14,Region A,P018,104,110,0.81
2026-05-14,Region A,P019,91,95,0.98
2026-05-14,Region A,P020,125,130,1.47
2026-05-14,Region A,P021,128,135,0.82
2026-05-14,Region A,P022,147,151,1.21
2026-05-14,Region A,P023,145,150,1.67
2026-05-14,Region A,P024,140,145,0.36
2026-05-14,Region A,P025,106,110,1.13
2026-05-14,Region A,P026,107,109,0.34
2026-05-14,Region A,P027,148,153,1.13
2026-05-14,Region A,P028,92,96,0.52
2026-05-14,Region A,P029,103,108,0.67
2026-05-14,Region A,P030,96,102,1.77
2026-05-14,Region B,P001,95,98,0.19
2026-05-14,Region B,P002,132,138,1.5
2026-05-14,Region B,P003,113,118,1.37
2026-05-14,Region B,P004,139,142,0.0
2026-05-14,Region B,P005,146,152,1.12
2026-05-14,Region B,P006,109,116,1.95
2026-05-14,Region B,P007,85,89,0.28
2026-05-14,Region B,P008,133,137,0.92
2026-05-14,Region B,P009,105,107,0.53
2026-05-14,Region B,P010,121,127,0.76
2026-05-14,Region B,P011,96,102,1.35
2026-05-14,Region B,P012,117,123,0.5
2026-05-14,Region B,P013,99,102,0.49
2026-05-14,Region B,P014,153,158,0.25
2026-05-14,Region B,P015,128,134,1.26
2026-05-14,Region B,P016,139,148,1.02
2026-05-14,Region B,P017,80,84,0.37
2026-05-14,Region B,P018,82,84,0.5
2026-05-14,Region B,P019,112,118,2.36
2026-05-14,Region B,P020,122,130,1.1
2026-05-14,Region B,P021,92,96,0.92
2026-05-14,Region B,P022,119,121,0.0
2026-05-14,Region B,P023,118,121,0.95
2026-05-14,Region B,P024,91,96,1.56
2026-05-14,Region B,P025,120,128,1.53
2026-05-14,Region B,P026,86,89,0.86
2026-05-14,Region B,P027,103,105,0.78
2026-05-14,Region B,P028,125,128,0.26
2026-05-14,Region B,P029,106,113,1.37
2026-05-14,Region B,P030,137,141,0.72
2026-05-14,Region C,P001,89,93,0.95
2026-05-14,Region C,P002,137,145,2.38
2026-05-14,Region C,P003,126,130,1.4
2026-05-14,Region C,P004,150,153,1.53
2026-05-14,Region C,P005,122,125,0.91
2026-05-14,Region C,P006,99,104,0.14
2026-05-14,Region C,P007,132,138,0.69
2026-05-14,Region C,P008,115,122,0.97
2026-05-14,Region C,P009,149,154,1.21
2026-05-14,Region C,P010,110,117,1.97
2026-05-14,Region C,P011,81,86,0.63
2026-05-14,Region C,P012,127,133,0.15
2026-05-14,Region C,P013,139,145,0.53
2026-05-14,Region C,P014,112,119,1.72
2026-05-14,Region C,P015,126,129,1.08
2026-05-14,Region C,P016,92,98,0.56
2026-05-14,Region C,P017,148,152,0.33
2026-05-14,Region C,P018,95,99,0.35
2026-05-14,Region C,P019,143,151,0.81
2026-05-14,Region C,P020,93,97,0.77
2026-05-14,Region C,P021,154,158,0.83
2026-05-14,Region C,P022,91,95,0.69
2026-05-14,Region C,P023,98,101,1.35
2026-05-14,Region C,P024,120,123,0.55
2026-05-14,Region C,P025,129,136,1.26
2026-05-14,Region C,P026,112,119,1.57
2026-05-14,Region C,P027,131,139,1.07
2026-05-14,Region C,P028,105,107,0.47
2026-05-14,Region C,P029,87,92,0.87
2026-05-14,Region C,P030,99,103,0.55
2026-05-14,Region D,P001,84,88,1.33
2026-05-14,Region D,P002,94,99,0.72
2026-05-14,Region D,P003,97,103,1.21
2026-05-14,Region D,P004,82,83,0.62
2026-05-14,Region D,P005,86,89,0.97
2026-05-14,Region D,P006,131,140,1.68
2026-05-14,Region D,P007,114,121,1.12
2026-05-14,Region D,P008,130,138,0.76
2026-05-14,Region D,P009,105,109,1.36
2026-05-14,Region D,P010,154,156,0.0
2026-05-14,Region D,P011,95,96,0.28
2026-05-14,Region D,P012,128,130,0.06
2026-05-14,Region D,P013,121,127,2.32
2026-05-14,Region D,P014,145,150,1.72
2026-05-14,Region D,P015,141,150,1.01
2026-05-14,Region D,P016,91,97,2.34
2026-05-14,Region D,P017,102,107,0.86
2026-05-14,Region D,P018,127,131,0.48
2026-05-14,Region D,P019,155,159,1.0
2026-05-14,Region D,P020,79,82,0.94
2026-05-14,Region D,P021,128,133,0.0
2026-05-14,Region D,P022,93,95,1.12
2026-05-14,Region D,P023,93,96,1.09
2026-05-14,Region D,P024,93,98,0.0
2026-05-14,Region D,P025,94,97,1.37
2026-05-14,Region D,P026,126,132,1.09
2026-05-14,Region D,P027,89,95,2.02
2026-05-14,Region D,P028,99,104,1.78
2026-05-14,Region D,P029,113,117,0.17
2026-05-14,Region D,P030,146,152,1.42
2026-05-15,Region A,P001,132,140,1.75
2026-05-15,Region A,P002,129,135,0.77
2026-05-15,Region A,P003,117,123,1.1
2026-05-15,Region A,P004,149,155,1.02
2026-05-15,Region A,P005,100,106,0.13
2026-05-15,Region A,P006,75,80,0.68
2026-05-15,Region A,P007,130,135,0.72
2026-05-15,Region A,P008,151,159,1.41
2026-05-15,Region A,P009,119,126,0.64
2026-05-15,Region A,P010,81,82,0.17
2026-05-15,Region A,P011,136,144,1.0
2026-05-15,Region A,P012,92,97,0.35
2026-05-15,Region A,P013,140,149,0.7
2026-05-15,Region A,P014,137,139,0.0
2026-05-15,Region A,P015,88,90,0.51
2026-05-15,Region A,P016,135,137,0.14
2026-05-15,Region A,P017,151,156,0.67
2026-05-15,Region A,P018,81,86,1.37
2026-05-15,Region A,P019,131,135,1.03
2026-05-15,Region A,P020,88,90,0.3
2026-05-15,Region A,P021,118,123,0.03
2026-05-15,Region A,P022,143,147,1.32
2026-05-15,Region A,P023,93,98,1.16
2026-05-15,Region A,P024,148,156,0.75
2026-05-15,Region A,P025,108,111,0.58
2026-05-15,Region A,P026,99,105,1.63
2026-05-15,Region A,P027,123,128,1.22
2026-05-15,Region A,P028,105,112,1.61
2026-05-15,Region A,P029,145,149,0.86
2026-05-15,Region A,P030,88,93,0.66
2026-05-15,Region B,P001,117,122,1.02
2026-05-15,Region B,P002,135,143,1.38
2026-05-15,Region B,P003,118,123,0.09
2026-05-15,Region B,P004,95,98,0.48
2026-05-15,Region B,P005,143,148,0.46
2026-05-15,Region B,P006,94,100,1.3
2026-05-15,Region B,P007,105,110,1.02
2026-05-15,Region B,P008,127,133,0.15
2026-05-15,Region B,P009,138,140,0.26
2026-05-15,Region B,P010,84,88,0.66
2026-05-15,Region B,P011,87,92,0.98
2026-05-15,Region B,P012,130,132,0.0
2026-05-15,Region B,P013,122,129,1.4
2026-05-15,Region B,P014,84,90,2.25
2026-05-15,Region B,P015,146,149,0.5
2026-05-15,Region B,P016,127,129,0.0
2026-05-15,Region B,P017,106,109,0.8
2026-05-15,Region B,P018,92,94,0.0
2026-05-15,Region B,P019,103,110,1.59
2026-05-15,Region B,P020,96,102,1.48
2026-05-15,Region B,P021,116,121,0.65
2026-05-15,Region B,P022,102,105,1.37
2026-05-15,Region B,P023,153,157,0.39
2026-05-15,Region B,P024,86,89,0.62
2026-05-15,Region B,P025,84,86,0.39
2026-05-15,Region B,P026,90,93,0.95
2026-05-15,Region B,P027,77,81,1.62
2026-05-15,Region B,P028,135,139,1.01
2026-05-15,Region B,P029,116,120,1.06
2026-05-15,Region B,P030,100,103,1.34
2026-05-15,Region C,P001,131,139,2.0
2026-05-15,Region C,P002,80,83,0.83
2026-05-15,Region C,P003,145,153,0.65
2026-05-15,Region C,P004,94,98,0.45
2026-05-15,Region C,P005,80,83,0.3
2026-05-15,Region C,P006,145,154,0.99
2026-05-15,Region C,P007,99,101,1.02
2026-05-15,Region C,P008,108,115,1.42
2026-05-15,Region C,P009,147,154,0.51
2026-05-15,Region C,P010,89,95,1.51
2026-05-15,Region C,P011,121,126,1.63
2026-05-15,Region C,P012,77,80,1.08
2026-05-15,Region C,P013,128,135,0.81
2026-05-15,Region C,P014,106,113,1.46
2026-05-15,Region C,P015,131,136,0.75
2026-05-15,Region C,P016,78,81,0.63
2026-05-15,Region C,P017,82,87,1.37
2026-05-15,Region C,P018,122,126,0.8
2026-05-15,Region C,P019,81,83,0.57
2026-05-15,Region C,P020,126,133,1.13
2026-05-15,Region C,P021,90,93,0.44
2026-05-15,Region C,P022,120,127,2.06
2026-05-15,Region C,P023,138,146,1.51
2026-05-15,Region C,P024,120,126,0.67
2026-05-15,Region C,P025,133,139,1.02
2026-05-15,Region C,P026,118,120,0.0
2026-05-15,Region C,P027,83,85,0.0
2026-05-15,Region C,P028,116,118,0.3
2026-05-15,Region C,P029,139,141,0.29
2026-05-15,Region C,P030,98,104,2.01
2026-05-15,Region D,P001,80,86,1.63
2026-05-15,Region D,P002,127,134,1.64
2026-05-15,Region D,P003,126,132,1.15
2026-05-15,Region D,P004,117,124,1.71
2026-05-15,Region D,P005,96,102,1.44
2026-05-15,Region D,P006,133,141,1.71
2026-05-15,Region D,P007,120,124,0.07
2026-05-15,Region D,P008,93,98,0.84
2026-05-15,Region D,P009,142,150,1.45
2026-05-15,Region D,P010,137,141,1.49
2026-05-15,Region D,P011,81,83,0.21
2026-05-15,Region D,P012,146,150,0.95
2026-05-15,Region D,P013,89,95,2.05
2026-05-15,Region D,P014,104,109,0.66
2026-05-15,Region D,P015,151,155,0.0
2026-05-15,Region D,P016,139,142,0.0
2026-05-15,Region D,P017,116,122,0.76
2026-05-15,Region D,P018,125,129,0.99
2026-05-15,Region D,P019,113,118,1.01
2026-05-15,Region D,P020,110,113,0.8
2026-05-15,Region D,P021,126,133,1.37
2026-05-15,Region D,P022,115,122,1.01
2026-05-15,Region D,P023,142,149,0.58
2026-05-15,Region D,P024,134,137,0.96
2026-05-15,Region D,P025,106,109,0.1
2026-05-15,Region D,P026,124,129,1.06
2026-05-15,Region D,P027,96,102,0.38
2026-05-15,Region D,P028,99,104,0.34
2026-05-15,Region D,P029,147,149,0.39
2026-05-15,Region D,P030,120,128,0.0
2026-05-16,Region A,P001,80,82,0.6
2026-05-16,Region A,P002,150,159,1.3
2026-05-16,Region A,P003,78,82,1.13
2026-05-16,Region A,P004,127,129,0.82
2026-05-16,Region A,P005,142,149,0.92
2026-05-16,Region A,P006,132,139,0.47
2026-05-16,Region A,P007,142,150,0.62
2026-05-16,Region A,P008,146,155,0.6
2026-05-16,Region A,P009,113,119,0.75
2026-05-16,Region A,P010,121,124,0.0
2026-05-16,Region A,P011,103,108,1.13
2026-05-16,Region A,P012,77,80,0.35
2026-05-16,Region A,P013,114,121,0.56
2026-05-16,Region A,P014,135,142,1.01
2026-05-16,Region A,P015,140,146,1.49
2026-05-16,Region A,P016,84,90,0.88
2026-05-16,Region A,P017,94,100,2.1
2026-05-16,Region A,P018,124,128,1.2
2026-05-16,Region A,P019,138,142,0.73
2026-05-16,Region A,P020,111,117,1.32
2026-05-16,Region A,P021,147,156,1.73
2026-05-16,Region A,P022,131,140,1.33
2026-05-16,Region A,P023,152,155,0.22
2026-05-16,Region A,P024,150,154,0.0
2026-05-16,Region A,P025,125,133,2.12
2026-05-16,Region A,P026,109,112,0.46
2026-05-16,Region A,P027,79,83,0.89
2026-05-16,Region A,P028,109,112,0.0
2026-05-16,Region A,P029,146,156,1.22
2026-05-16,Region A,P030,89,95,1.63
2026-05-16,Region B,P001,77,82,1.17
2026-05-16,Region B,P002,142,147,0.55
2026-05-16,Region B,P003,91,92,0.63
2026-05-16,Region B,P004,148,158,1.85
2026-05-16,Region B,P005,144,151,1.48
2026-05-16,Region B,P006,80,84,1.14
2026-05-16,Region B,P007,155,159,0.45
2026-05-16,Region B,P008,133,139,0.8
2026-05-16,Region B,P009,105,108,0.78
2026-05-16,Region B,P010,132,140,1.57
2026-05-16,Region B,P011,81,83,0.03
2026-05-16,Region B,P012,93,99,0.85
2026-05-16,Region B,P013,107,112,0.95
2026-05-16,Region B,P014,102,105,0.55
2026-05-16,Region B,P015,80,85,1.49
2026-05-16,Region B,P016,84,86,0.42
2026-05-16,Region B,P017,81,87,1.39
2026-05-16,Region B,P018,76,81,0.74
2026-05-16,Region B,P019,127,132,1.34
2026-05-16,Region B,P020,110,113,0.0
2026-05-16,Region B,P021,86,88,0.0
2026-05-16,Region B,P022,97,103,1.66
2026-05-16,Region B,P023,142,151,1.96
2026-05-16,Region B,P024,142,150,1.08
2026-05-16,Region B,P025,128,130,0.34
2026-05-16,Region B,P026,137,144,1.14
2026-05-16,Region B,P027,98,103,0.91
2026-05-16,Region B,P028,86,90,1.18
2026-05-16,Region B,P029,147,156,0.94
2026-05-16,Region B,P030,76,81,1.22
2026-05-16,Region C,P001,89,93,0.81
2026-05-16,Region C,P002,102,105,0.58
2026-05-16,Region C,P003,154,157,0.92
2026-05-16,Region C,P004,98,101,0.0
2026-05-16,Region C,P005,89,93,1.96
2026-05-16,Region C,P006,77,80,1.24
2026-05-16,Region C,P007,90,96,2.12
2026-05-16,Region C,P008,113,118,0.69
2026-05-16,Region C,P009,99,105,1.54
2026-05-16,Region C,P010,135,143,1.65
2026-05-16,Region C,P011,144,154,1.75
2026-05-16,Region C,P012,143,152,1.31
2026-05-16,Region C,P013,140,145,1.52
2026-05-16,Region C,P014,91,96,0.93
2026-05-16,Region C,P015,121,127,1.37
2026-05-16,Region C,P016,152,156,0.71
2026-05-16,Region C,P017,141,143,0.71
2026-05-16,Region C,P018,140,148,0.61
2026-05-16,Region C,P019,97,103,1.04
2026-05-16,Region C,P020,110,113,0.58
2026-05-16,Region C,P021,146,149,0.0
2026-05-16,Region C,P022,78,82,0.0
2026-05-16,Region C,P023,110,116,1.32
2026-05-16,Region C,P024,100,106,1.35
2026-05-16,Region C,P025,101,105,0.0
2026-05-16,Region C,P026,151,156,0.0
2026-05-16,Region C,P027,113,119,1.28
2026-05-16,Region C,P028,142,151,1.64
2026-05-16,Region C,P029,101,107,1.49
2026-05-16,Region C,P030,139,145,0.89
2026-05-16,Region D,P001,138,143,1.07
2026-05-16,Region D,P002,78,81,0.28
2026-05-16,Region D,P003,110,116,1.02
2026-05-16,Region D,P004,98,103,1.32
2026-05-16,Region D,P005,125,132,1.17
2026-05-16,Region D,P006,114,121,1.02
2026-05-16,Region D,P007,85,87,0.82
2026-05-16,Region D,P008,121,127,1.04
2026-05-16,Region D,P009,123,125,0.68
2026-05-16,Region D,P010,102,108,2.05
2026-05-16,Region D,P011,151,159,0.79
2026-05-16,Region D,P012,138,145,0.93
2026-05-16,Region D,P013,120,123,0.22
2026-05-16,Region D,P014,147,153,0.46
2026-05-16,Region D,P015,128,131,0.45
2026-05-16,Region D,P016,84,90,0.96
2026-05-16,Region D,P017,145,148,0.39
2026-05-16,Region D,P018,101,107,1.5
2026-05-16,Region D,P019,134,140,1.14
2026-05-16,Region D,P020,104,110,1.23
2026-05-16,Region D,P021,110,118,1.28
2026-05-16,Region D,P022,142,150,1.34
2026-05-16,Region D,P023,88,92,0.79
2026-05-16,Region D,P024,146,153,0.42
2026-05-16,Region D,P025,103,108,0.32
2026-05-16,Region D,P026,105,112,0.93
2026-05-16,Region D,P027,125,127,0.0
2026-05-16,Region D,P028,84,87,0.12
2026-05-16,Region D,P029,118,125,1.19
2026-05-16,Region D,P030,127,132,0.55
2026-05-17,Region A,P001,81,85,1.19
2026-05-17,Region A,P002,102,104,0.45
2026-05-17,Region A,P003,133,141,2.05
2026-05-17,Region A,P004,95,100,0.52
2026-05-17,Region A,P005,108,115,1.06
2026-05-17,Region A,P006,108,112,0.36
2026-05-17,Region A,P007,115,122,2.02
2026-05-17,Region A,P008,149,157,0.35
2026-05-17,Region A,P009,127,132,0.64
2026-05-17,Region A,P010,85,90,1.08
2026-05-17,Region A,P011,140,148,1.17
2026-05-17,Region A,P012,102,104,0.42
2026-05-17,Region A,P013,151,154,0.25
2026-05-17,Region A,P014,105,110,1.19
2026-05-17,Region A,P015,87,90,0.85
2026-05-17,Region A,P016,105,110,0.75
2026-05-17,Region A,P017,141,148,1.02
2026-05-17,Region A,P018,79,82,0.99
2026-05-17,Region A,P019,112,116,0.76
2026-05-17,Region A,P020,117,122,0.61
2026-05-17,Region A,P021,139,145,0.65
2026-05-17,Region A,P022,90,92,0.13
2026-05-17,Region A,P023,102,107,1.28
2026-05-17,Region A,P024,121,126,1.48
2026-05-17,Region A,P025,103,105,0.0
2026-05-17,Region A,P026,80,84,1.17
2026-05-17,Region A,P027,146,150,1.86
2026-05-17,Region A,P028,87,89,0.0
2026-05-17,Region A,P029,112,116,1.47
2026-05-17,Region A,P030,93,95,0.98
2026-05-17,Region B,P001,118,126,1.99
2026-05-17,Region B,P002,150,153,0.86
2026-05-17,Region B,P003,86,90,0.54
2026-05-17,Region B,P004,86,88,0.46
2026-05-17,Region B,P005,146,154,0.55
2026-05-17,Region B,P006,131,136,0.39
2026-05-17,Region B,P007,105,109,1.44
2026-05-17,Region B,P008,137,144,0.42
2026-05-17,Region B,P009,95,99,1.25
2026-05-17,Region B,P010,85,88,1.42
2026-05-17,Region B,P011,81,84,0.76
2026-05-17,Region B,P012,117,125,0.84
2026-05-17,Region B,P013,117,120,0.17
2026-05-17,Region B,P014,114,118,1.3
2026-05-17,Region B,P015,100,103,1.84
2026-05-17,Region B,P016,119,123,0.95
2026-05-17,Region B,P017,118,123,1.11
2026-05-17,Region B,P018,139,141,0.0
2026-05-17,Region B,P019,86,90,1.0
2026-05-17,Region B,P020,104,110,1.27
2026-05-17,Region B,P021,130,134,2.12
2026-05-17,Region B,P022,104,108,1.96
2026-05-17,Region B,P023,78,80,0.47
2026-05-17,Region B,P024,98,101,0.77
2026-05-17,Region B,P025,79,83,0.91
2026-05-17,Region B,P026,153,158,0.0
2026-05-17,Region B,P027,125,131,1.92
2026-05-17,Region B,P028,115,121,0.79
2026-05-17,Region B,P029,125,128,1.22
2026-05-17,Region B,P030,89,92,1.6
2026-05-17,Region C,P001,106,110,0.81
2026-05-17,Region C,P002,133,139,1.29
2026-05-17,Region C,P003,116,122,1.17
2026-05-17,Region C,P004,87,91,0.79
2026-05-17,Region C,P005,147,157,1.3
2026-05-17,Region C,P006,82,83,0.85
2026-05-17,Region C,P007,79,82,0.71
2026-05-17,Region C,P008,120,125,1.21
2026-05-17,Region C,P009,97,103,0.58
2026-05-17,Region C,P010,91,94,0.89
2026-05-17,Region C,P011,127,133,0.13
2026-05-17,Region C,P012,113,121,1.83
2026-05-17,Region C,P013,88,89,0.0
2026-05-17,Region C,P014,136,145,0.94
2026-05-17,Region C,P015,113,118,0.96
2026-05-17,Region C,P016,83,85,0.16
2026-05-17,Region C,P017,119,127,1.14
2026-05-17,Region C,P018,93,96,0.82
2026-05-17,Region C,P019,120,128,2.01
2026-05-17,Region C,P020,93,95,0.0
2026-05-17,Region C,P021,80,82,0.49
2026-05-17,Region C,P022,124,129,0.63
2026-05-17,Region C,P023,95,101,1.51
2026-05-17,Region C,P024,99,104,1.3
2026-05-17,Region C,P025,148,151,0.72
2026-05-17,Region C,P026,106,110,0.0
2026-05-17,Region C,P027,81,84,0.41
2026-05-17,Region C,P028,112,116,0.61
2026-05-17,Region C,P029,98,103,0.75
2026-05-17,Region C,P030,142,149,0.98
2026-05-17,Region D,P001,117,124,1.04
2026-05-17,Region D,P002,121,123,0.16
2026-05-17,Region D,P003,140,149,1.23
2026-05-17,Region D,P004,112,117,1.42
2026-05-17,Region D,P005,145,152,0.0
2026-05-17,Region D,P006,137,139,0.7
2026-05-17,Region D,P007,122,125,0.0
2026-05-17,Region D,P008,113,116,0.87
2026-05-17,Region D,P009,103,106,0.88
2026-05-17,Region D,P010,124,126,0.0
2026-05-17,Region D,P011,121,127,0.82
2026-05-17,Region D,P012,100,104,0.74
2026-05-17,Region D,P013,111,113,0.34
2026-05-17,Region D,P014,100,103,0.49
2026-05-17,Region D,P015,142,149,0.87
2026-05-17,Region D,P016,109,114,1.3
2026-05-17,Region D,P017,129,134,0.68
2026-05-17,Region D,P018,106,110,1.22
2026-05-17,Region D,P019,118,123,2.16
2026-05-17,Region D,P020,107,110,0.04
2026-05-17,Region D,P021,89,94,1.62
2026-05-17,Region D,P022,150,152,0.04
2026-05-17,Region D,P023,108,110,0.33
2026-05-17,Region D,P024,92,98,1.23
2026-05-17,Region D,P025,114,118,1.79
2026-05-17,Region D,P026,151,156,0.44
2026-05-17,Region D,P027,87,88,0.01
2026-05-17,Region D,P028,88,89,0.2
2026-05-17,Region D,P029,77,80,1.58
2026-05-17,Region D,P030,143,148,0.77
2026-05-18,Region A,P001,88,93,1.13
2026-05-18,Region A,P002,100,102,0.57
2026-05-18,Region A,P003,144,148,0.5
2026-05-18,Region A,P004,134,139,0.52
2026-05-18,Region A,P005,83,88,0.83
2026-05-18,Region A,P006,82,85,0.78
2026-05-18,Region A,P007,99,101,1.2
2026-05-18,Region A,P008,125,132,0.89
2026-05-18,Region A,P009,124,131,1.44
2026-05-18,Region A,P010,85,88,0.0
2026-05-18,Region A,P011,103,108,0.42
2026-05-18,Region A,P012,147,153,0.67
2026-05-18,Region A,P013,115,122,1.37
2026-05-18,Region A,P014,124,128,2.17
2026-05-18,Region A,P015,80,84,0.87
2026-05-18,Region A,P016,149,152,0.0
2026-05-18,Region A,P017,118,125,1.63
2026-05-18,Region A,P018,140,148,1.55
2026-05-18,Region A,P019,137,142,0.48
2026-05-18,Region A,P020,87,92,0.67
2026-05-18,Region A,P021,107,110,0.87
2026-05-18,Region A,P022,102,108,1.67
2026-05-18,Region A,P023,129,135,1.07
2026-05-18,Region A,P024,129,131,0.78
2026-05-18,Region A,P025,105,107,0.21
2026-05-18,Region A,P026,120,125,1.21
2026-05-18,Region A,P027,145,149,0.08
2026-05-18,Region A,P028,119,124,0.0
2026-05-18,Region A,P029,85,87,0.57
2026-05-18,Region A,P030,99,101,0.1
2026-05-18,Region B,P001,120,126,1.37
2026-05-18,Region B,P002,137,143,1.07
2026-05-18,Region B,P003,152,159,0.57
2026-05-18,Region B,P004,152,159,2.06
2026-05-18,Region B,P005,108,111,0.0
2026-05-18,Region B,P006,154,159,0.0
2026-05-18,Region B,P007,124,130,1.73
2026-05-18,Region B,P008,135,142,0.98
2026-05-18,Region B,P009,115,122,1.77
2026-05-18,Region B,P010,147,155,1.61
2026-05-18,Region B,P011,81,85,1.07
2026-05-18,Region B,P012,108,113,1.37
2026-05-18,Region B,P013,109,116,0.77
2026-05-18,Region B,P014,150,158,1.02
2026-05-18,Region B,P015,149,154,0.9
2026-05-18,Region B,P016,142,148,1.15
2026-05-18,Region B,P017,130,133,0.19
2026-05-18,Region B,P018,128,135,1.19
2026-05-18,Region B,P019,123,125,0.7
2026-05-18,Region B,P020,136,144,1.08
2026-05-18,Region B,P021,112,118,1.37
2026-05-18,Region B,P022,99,104,1.25
2026-05-18,Region B,P023,90,94,0.0
2026-05-18,Region B,P024,100,107,1.91
2026-05-18,Region B,P025,157,159,0.25
2026-05-18,Region B,P026,116,121,0.37
2026-05-18,Region B,P027,85,87,0.12
2026-05-18,Region B,P028,152,155,0.28
2026-05-18,Region B,P029,91,94,1.44
2026-05-18,Region B,P030,139,142,1.16
2026-05-18,Region C,P001,114,117,0.77
2026-05-18,Region C,P002,134,143,1.53
2026-05-18,Region C,P003,88,92,0.42
2026-05-18,Region C,P004,146,155,1.8
2026-05-18,Region C,P005,104,109,0.8
2026-05-18,Region C,P006,80,84,0.0
2026-05-18,Region C,P007,145,153,0.71
2026-05-18,Region C,P008,140,143,0.96
2026-05-18,Region C,P009,127,130,0.34
2026-05-18,Region C,P010,116,122,1.13
2026-05-18,Region C,P011,154,156,0.0
2026-05-18,Region C,P012,92,96,1.12
2026-05-18,Region C,P013,105,109,0.69
2026-05-18,Region C,P014,92,94,0.0
2026-05-18,Region C,P015,80,82,0.0
2026-05-18,Region C,P016,134,138,0.0
2026-05-18,Region C,P017,136,140,0.3
2026-05-18,Region C,P018,125,131,0.26
2026-05-18,Region C,P019,85,89,1.5
2026-05-18,Region C,P020,80,83,0.65
2026-05-18,Region C,P021,123,129,1.41
2026-05-18,Region C,P022,90,93,0.66
2026-05-18,Region C,P023,149,156,0.31
2026-05-18,Region C,P024,152,157,0.27
2026-05-18,Region C,P025,109,112,0.0
2026-05-18,Region C,P026,120,123,0.0
2026-05-18,Region C,P027,96,101,1.08
2026-05-18,Region C,P028,120,128,1.9
2026-05-18,Region C,P029,133,137,0.05
2026-05-18,Region C,P030,139,143,1.31
2026-05-18,Region D,P001,95,99,0.16
2026-05-18,Region D,P002,100,102,0.18
2026-05-18,Region D,P003,144,152,1.24
2026-05-18,Region D,P004,119,121,1.08
2026-05-18,Region D,P005,114,122,0.37
2026-05-18,Region D,P006,137,146,0.99
2026-05-18,Region D,P007,155,159,0.54
2026-05-18,Region D,P008,89,94,0.44
2026-05-18,Region D,P009,80,82,0.36
2026-05-18,Region D,P010,94,100,1.23
2026-05-18,Region D,P011,129,134,1.36
2026-05-18,Region D,P012,153,156,0.93
2026-05-18,Region D,P013,125,132,0.86
2026-05-18,Region D,P014,112,118,0.04
2026-05-18,Region D,P015,90,95,1.52
2026-05-18,Region D,P016,90,96,0.81
2026-05-18,Region D,P017,117,123,1.48
2026-05-18,Region D,P018,76,81,1.32
2026-05-18,Region D,P019,118,125,0.54
2026-05-18,Region D,P020,150,154,0.76
2026-05-18,Region D,P021,154,158,0.62
2026-05-18,Region D,P022,110,113,0.88
2026-05-18,Region D,P023,92,94,0.01
2026-05-18,Region D,P024,137,146,1.89
2026-05-18,Region D,P025,100,106,1.28
2026-05-18,Region D,P026,98,101,0.75
2026-05-18,Region D,P027,89,93,0.29
2026-05-18,Region D,P028,131,137,1.63
2026-05-18,Region D,P029,148,153,0.38
2026-05-18,Region D,P030,123,125,0.0
2026-05-19,Region A,P001,148,153,0.25
2026-05-19,Region A,P002,152,158,1.15
2026-05-19,Region A,P003,148,153,0.29
2026-05-19,Region A,P004,91,93,1.05
2026-05-19,Region A,P005,121,127,1.26
2026-05-19,Region A,P006,108,111,1.3
2026-05-19,Region A,P007,99,101,0.08
2026-05-19,Region A,P008,78,80,0.5
2026-05-19,Region A,P009,122,125,0.33
2026-05-19,Region A,P010,111,113,0.96
2026-05-19,Region A,P011,117,123,0.38
2026-05-19,Region A,P012,109,114,0.9
2026-05-19,Region A,P013,105,108,0.73
2026-05-19,Region A,P014,136,138,0.0
2026-05-19,Region A,P015,122,129,1.98
2026-05-19,Region A,P016,149,157,1.15
2026-05-19,Region A,P017,109,111,0.45
2026-05-19,Region A,P018,132,140,1.23
2026-05-19,Region A,P019,108,112,1.45
2026-05-19,Region A,P020,99,105,1.98
2026-05-19,Region A,P021,102,105,0.05
2026-05-19,Region A,P022,83,86,0.85
2026-05-19,Region A,P023,112,118,1.4
2026-05-19,Region A,P024,143,145,0.71
2026-05-19,Region A,P025,123,131,1.41
2026-05-19,Region A,P026,145,151,0.41
2026-05-19,Region A,P027,125,129,0.11
2026-05-19,Region A,P028,108,112,0.43
2026-05-19,Region A,P029,116,123,1.31
2026-05-19,Region A,P030,131,139,1.41
2026-05-19,Region B,P001,114,119,0.66
2026-05-19,Region B,P002,91,94,0.9
2026-05-19,Region B,P003,98,103,1.04
2026-05-19,Region B,P004,119,125,0.65
2026-05-19,Region B,P005,147,154,0.95
2026-05-19,Region B,P006,146,156,2.14
2026-05-19,Region B,P007,133,138,0.81
2026-05-19,Region B,P008,94,98,1.16
2026-05-19,Region B,P009,95,97,0.0
2026-05-19,Region B,P010,111,113,1.41
2026-05-19,Region B,P011,104,109,1.31
2026-05-19,Region B,P012,113,120,1.58
2026-05-19,Region B,P013,96,102,0.85
2026-05-19,Region B,P014,142,146,0.28
2026-05-19,Region B,P015,85,90,2.6
2026-05-19,Region B,P016,120,127,1.37
2026-05-19,Region B,P017,91,97,0.83
2026-05-19,Region B,P018,88,92,1.1
2026-05-19,Region B,P019,75,80,0.92
2026-05-19,Region B,P020,118,126,2.82
2026-05-19,Region B,P021,128,137,0.58
2026-05-19,Region B,P022,113,118,1.62
2026-05-19,Region B,P023,150,154,1.26
2026-05-19,Region B,P024,133,139,0.53
2026-05-19,Region B,P025,124,129,0.77
2026-05-19,Region B,P026,145,153,1.04
2026-05-19,Region B,P027,78,83,1.16
2026-05-19,Region B,P028,101,107,1.6
2026-05-19,Region B,P029,125,128,0.0
2026-05-19,Region B,P030,109,114,0.49
2026-05-19,Region C,P001,80,84,1.05
2026-05-19,Region C,P002,144,148,1.3
2026-05-19,Region C,P003,95,98,0.66
2026-05-19,Region C,P004,79,82,1.82
2026-05-19,Region C,P005,109,116,0.93
2026-05-19,Region C,P006,155,159,0.8
2026-05-19,Region C,P007,116,120,0.67
2026-05-19,Region C,P008,83,86,1.5
2026-05-19,Region C,P009,124,131,1.89
2026-05-19,Region C,P010,96,100,0.49
2026-05-19,Region C,P011,128,132,0.71
2026-05-19,Region C,P012,117,122,0.6
2026-05-19,Region C,P013,112,117,0.97
2026-05-19,Region C,P014,111,117,0.68
2026-05-19,Region C,P015,81,84,0.85
2026-05-19,Region C,P016,84,87,1.2
2026-05-19,Region C,P017,139,142,0.42
2026-05-19,Region C,P018,117,123,1.06
2026-05-19,Region C,P019,115,119,1.04
2026-05-19,Region C,P020,117,121,2.02
2026-05-19,Region C,P021,95,98,1.26
2026-05-19,Region C,P022,142,149,0.21
2026-05-19,Region C,P023,91,93,0.6
2026-05-19,Region C,P024,151,158,1.73
2026-05-19,Region C,P025,150,153,0.23
2026-05-19,Region C,P026,101,103,0.63
2026-05-19,Region C,P027,128,134,1.27
2026-05-19,Region C,P028,146,150,1.73
2026-05-19,Region C,P029,99,105,1.37
2026-05-19,Region C,P030,143,150,0.97
2026-05-19,Region D,P001,122,130,0.47
2026-05-19,Region D,P002,114,116,0.0
2026-05-19,Region D,P003,90,94,1.29
2026-05-19,Region D,P004,94,98,0.08
2026-05-19,Region D,P005,126,129,0.02
2026-05-19,Region D,P006,91,95,0.51
2026-05-19,Region D,P007,110,117,1.79
2026-05-19,Region D,P008,117,122,1.72
2026-05-19,Region D,P009,121,128,1.49
2026-05-19,Region D,P010,85,90,1.12
2026-05-19,Region D,P011,142,146,1.2
2026-05-19,Region D,P012,135,137,0.0
2026-05-19,Region D,P013,113,119,0.99
2026-05-19,Region D,P014,134,140,0.69
2026-05-19,Region D,P015,152,158,1.16
2026-05-19,Region D,P016,80,84,0.0
2026-05-19,Region D,P017,145,149,0.75
2026-05-19,Region D,P018,111,114,0.0
2026-05-19,Region D,P019,135,141,1.25
2026-05-19,Region D,P020,104,110,1.62
2026-05-19,Region D,P021,116,120,1.43
2026-05-19,Region D,P022,137,142,0.48
2026-05-19,Region D,P023,119,122,0.69
2026-05-19,Region D,P024,135,141,1.79
2026-05-19,Region D,P025,153,158,0.56
2026-05-19,Region D,P026,127,130,0.67
2026-05-19,Region D,P027,116,123,0.82
2026-05-19,Region D,P028,135,142,1.13
2026-05-19,Region D,P029,76,81,1.77
2026-05-19,Region D,P030,88,91,0.0
2026-05-20,Region A,P001,152,154,0.0
2026-05-20,Region A,P002,80,82,0.69
2026-05-20,Region A,P003,149,157,1.74
2026-05-20,Region A,P004,97,102,1.14
2026-05-20,Region A,P005,144,148,0.45
2026-05-20,Region A,P006,140,146,0.09
2026-05-20,Region A,P007,150,153,0.72
2026-05-20,Region A,P008,130,133,0.19
2026-05-20,Region A,P009,110,115,1.3
2026-05-20,Region A,P010,126,134,1.52
2026-05-20,Region A,P011,139,147,1.0
2026-05-20,Region A,P012,100,105,1.08
2026-05-20,Region A,P013,105,112,1.19
2026-05-20,Region A,P014,93,97,1.37
2026-05-20,Region A,P015,154,159,0.16
2026-05-20,Region A,P016,101,103,0.21
2026-05-20,Region A,P017,99,103,0.63
2026-05-20,Region A,P018,80,84,1.21
2026-05-20,Region A,P019,133,141,1.12
2026-05-20,Region A,P020,90,95,0.62
2026-05-20,Region A,P021,155,158,0.23
2026-05-20,Region A,P022,114,121,0.64
2026-05-20,Region A,P023,119,127,1.52
2026-05-20,Region A,P024,88,93,0.97
2026-05-20,Region A,P025,142,149,0.67
2026-05-20,Region A,P026,100,102,0.66
2026-05-20,Region A,P027,93,98,1.13
2026-05-20,Region A,P028,128,134,1.2
2026-05-20,Region A,P029,141,148,1.51
2026-05-20,Region A,P030,120,124,0.44
2026-05-20,Region B,P001,82,85,1.01
2026-05-20,Region B,P002,100,106,1.27
2026-05-20,Region B,P003,116,123,1.2
2026-05-20,Region B,P004,113,117,1.39
2026-05-20,Region B,P005,150,158,1.05
2026-05-20,Region B,P006,115,123,1.88
2026-05-20,Region B,P007,83,88,0.08
2026-05-20,Region B,P008,77,81,1.54
2026-05-20,Region B,P009,92,94,0.6
2026-05-20,Region B,P010,114,116,0.0
2026-05-20,Region B,P011,94,100,1.68
2026-05-20,Region B,P012,139,147,1.01
2026-05-20,Region B,P013,139,143,1.38
2026-05-20,Region B,P014,132,139,1.73
2026-05-20,Region B,P015,104,111,1.03
2026-05-20,Region B,P016,133,135,0.41
2026-05-20,Region B,P017,83,86,0.0
2026-05-20,Region B,P018,94,97,0.71
2026-05-20,Region B,P019,103,105,0.83
2026-05-20,Region B,P020,133,135,0.91
2026-05-20,Region B,P021,142,151,1.37
2026-05-20,Region B,P022,116,124,1.71
2026-05-20,Region B,P023,139,146,2.29
2026-05-20,Region B,P024,141,145,0.55
2026-05-20,Region B,P025,92,96,0.62
2026-05-20,Region B,P026,115,118,0.15
2026-05-20,Region B,P027,125,128,1.22
2026-05-20,Region B,P028,88,91,0.96
2026-05-20,Region B,P029,122,125,0.0
2026-05-20,Region B,P030,147,151,1.1
2026-05-20,Region C,P001,107,114,0.55
2026-05-20,Region C,P002,95,97,0.0
2026-05-20,Region C,P003,144,152,0.74
2026-05-20,Region C,P004,106,109,0.0
2026-05-20,Region C,P005,99,104,0.84
2026-05-20,Region C,P006,96,100,0.97
2026-05-20,Region C,P007,92,96,2.14
2026-05-20,Region C,P008,123,125,0.0
2026-05-20,Region C,P009,137,141,0.71
2026-05-20,Region C,P010,80,83,0.68
2026-05-20,Region C,P011,146,149,0.12
2026-05-20,Region C,P012,118,122,0.65
2026-05-20,Region C,P013,134,139,0.0
2026-05-20,Region C,P014,150,155,0.41
2026-05-20,Region C,P015,85,87,0.0
2026-05-20,Region C,P016,113,120,1.34
2026-05-20,Region C,P017,146,156,1.29
2026-05-20,Region C,P018,95,98,1.22
2026-05-20,Region C,P019,130,135,0.0
2026-05-20,Region C,P020,142,148,0.59
2026-05-20,Region C,P021,119,124,0.48
2026-05-20,Region C,P022,124,131,0.47
2026-05-20,Region C,P023,120,127,1.79
2026-05-20,Region C,P024,126,133,1.61
2026-05-20,Region C,P025,132,137,0.71
2026-05-20,Region C,P026,118,124,0.68
2026-05-20,Region C,P027,78,81,0.86
2026-05-20,Region C,P028,114,120,1.35
2026-05-20,Region C,P029,94,100,1.81
2026-05-20,Region C,P030,99,101,0.0
2026-05-20,Region D,P001,109,111,0.13
2026-05-20,Region D,P002,103,105,0.57
2026-05-20,Region D,P003,144,149,0.69
2026-05-20,Region D,P004,143,148,0.43
2026-05-20,Region D,P005,107,114,1.36
2026-05-20,Region D,P006,85,89,1.71
2026-05-20,Region D,P007,127,132,0.4
2026-05-20,Region D,P008,138,142,0.36
2026-05-20,Region D,P009,114,118,0.92
2026-05-20,Region D,P010,97,103,1.32
2026-05-20,Region D,P011,103,109,0.7
2026-05-20,Region D,P012,133,135,0.51
2026-05-20,Region D,P013,139,142,0.68
2026-05-20,Region D,P014,98,102,0.08
2026-05-20,Region D,P015,103,107,0.9
2026-05-20,Region D,P016,155,158,0.14
2026-05-20,Region D,P017,97,103,0.67
2026-05-20,Region D,P018,108,110,0.0
2026-05-20,Region D,P019,108,115,1.12
2026-05-20,Region D,P020,141,146,0.0
2026-05-20,Region D,P021,119,125,0.0
2026-05-20,Region D,P022,118,122,1.13
2026-05-20,Region D,P023,80,81,0.0
2026-05-20,Region D,P024,119,125,0.61
2026-05-20,Region D,P025,150,155,0.77
2026-05-20,Region D,P026,92,97,0.48
2026-05-20,Region D,P027,115,121,1.55
2026-05-20,Region D,P028,77,80,0.99
2026-05-20,Region D,P029,90,94,1.58
2026-05-20,Region D,P030,147,150,1.79
2026-05-21,Region A,P001,104,110,0.56
2026-05-21,Region A,P002,80,84,0.91
2026-05-21,Region A,P003,127,134,0.93
2026-05-21,Region A,P004,139,147,1.39
2026-05-21,Region A,P005,105,109,0.57
2026-05-21,Region A,P006,127,135,1.57
2026-05-21,Region A,P007,145,151,1.53
2026-05-21,Region A,P008,94,96,1.29
2026-05-21,Region A,P009,100,103,0.35
2026-05-21,Region A,P010,137,145,1.62
2026-05-21,Region A,P011,139,147,1.77
2026-05-21,Region A,P012,77,80,1.16
2026-05-21,Region A,P013,117,124,1.02
2026-05-21,Region A,P014,151,159,2.48
2026-05-21,Region A,P015,151,157,1.46
2026-05-21,Region A,P016,110,112,0.0
2026-05-21,Region A,P017,129,134,0.85
2026-05-21,Region A,P018,76,80,0.83
2026-05-21,Region A,P019,138,143,1.38
2026-05-21,Region A,P020,148,152,0.65
2026-05-21,Region A,P021,131,138,1.19
2026-05-21,Region A,P022,135,140,0.82
2026-05-21,Region A,P023,88,89,0.36
2026-05-21,Region A,P024,105,111,1.33
2026-05-21,Region A,P025,117,123,1.55
2026-05-21,Region A,P026,119,121,0.53
2026-05-21,Region A,P027,129,135,1.58
2026-05-21,Region A,P028,138,147,0.89
2026-05-21,Region A,P029,99,105,0.87
2026-05-21,Region A,P030,142,145,0.0
2026-05-21,Region B,P001,125,128,0.0
2026-05-21,Region B,P002,129,131,0.22
2026-05-21,Region B,P003,153,158,0.4
2026-05-21,Region B,P004,143,148,0.25
2026-05-21,Region B,P005,140,149,1.28
2026-05-21,Region B,P006,117,123,1.47
2026-05-21,Region B,P007,132,140,1.38
2026-05-21,Region B,P008,92,98,0.91
2026-05-21,Region B,P009,128,135,0.59
2026-05-21,Region B,P010,85,91,2.32
2026-05-21,Region B,P011,120,126,1.42
2026-05-21,Region B,P012,152,155,1.58
2026-05-21,Region B,P013,129,135,1.25
2026-05-21,Region B,P014,119,126,1.81
2026-05-21,Region B,P015,121,123,0.32
2026-05-21,Region B,P016,140,144,0.0
2026-05-21,Region B,P017,81,82,0.74
2026-05-21,Region B,P018,148,153,0.33
2026-05-21,Region B,P019,84,88,0.46
2026-05-21,Region B,P020,98,104,1.96
2026-05-21,Region B,P021,115,120,1.18
2026-05-21,Region B,P022,107,111,1.02
2026-05-21,Region B,P023,94,96,1.09
2026-05-21,Region B,P024,89,94,1.04
2026-05-21,Region B,P025,126,133,2.08
2026-05-21,Region B,P026,91,96,1.68
2026-05-21,Region B,P027,98,100,1.07
2026-05-21,Region B,P028,81,84,1.13
2026-05-21,Region B,P029,117,124,1.74
2026-05-21,Region B,P030,109,114,0.97
2026-05-21,Region C,P001,90,95,1.38
2026-05-21,Region C,P002,128,136,1.81
2026-05-21,Region C,P003,90,92,0.07
2026-05-21,Region C,P004,78,82,1.49
2026-05-21,Region C,P005,120,124,1.16
2026-05-21,Region C,P006,86,90,1.32
2026-05-21,Region C,P007,100,106,1.21
2026-05-21,Region C,P008,89,93,1.14
2026-05-21,Region C,P009,86,90,0.96
2026-05-21,Region C,P010,109,113,0.88
2026-05-21,Region C,P011,84,88,1.39
2026-05-21,Region C,P012,124,128,0.52
2026-05-21,Region C,P013,131,138,1.91
2026-05-21,Region C,P014,94,100,2.02
2026-05-21,Region C,P015,109,115,1.73
2026-05-21,Region C,P016,77,80,0.0
2026-05-21,Region C,P017,136,138,0.97
2026-05-21,Region C,P018,115,118,0.17
2026-05-21,Region C,P019,123,129,1.53
2026-05-21,Region C,P020,147,156,2.06
2026-05-21,Region C,P021,142,146,1.4
2026-05-21,Region C,P022,122,130,0.87
2026-05-21,Region C,P023,121,129,1.16
2026-05-21,Region C,P024,129,132,0.79
2026-05-21,Region C,P025,149,153,0.0
2026-05-21,Region C,P026,135,143,1.71
2026-05-21,Region C,P027,121,127,1.13
2026-05-21,Region C,P028,104,110,1.36
2026-05-21,Region C,P029,87,89,0.0
2026-05-21,Region C,P030,108,115,1.28
2026-05-21,Region D,P001,82,84,0.0
2026-05-21,Region D,P002,78,82,0.53
2026-05-21,Region D,P003,85,88,0.69
2026-05-21,Region D,P004,110,113,0.41
2026-05-21,Region D,P005,91,96,0.87
2026-05-21,Region D,P006,106,109,1.14
2026-05-21,Region D,P007,89,92,1.48
2026-05-21,Region D,P008,130,136,1.3
2026-05-21,Region D,P009,79,84,1.44
2026-05-21,Region D,P010,131,135,0.3
2026-05-21,Region D,P011,148,151,1.2
2026-05-21,Region D,P012,80,85,0.73
2026-05-21,Region D,P013,122,130,1.44
2026-05-21,Region D,P014,102,108,1.85
2026-05-21,Region D,P015,133,138,1.56
2026-05-21,Region D,P016,135,138,0.19
2026-05-21,Region D,P017,86,92,1.22
2026-05-21,Region D,P018,125,129,1.16
2026-05-21,Region D,P019,124,132,1.01
2026-05-21,Region D,P020,104,106,1.24
2026-05-21,Region D,P021,130,133,0.82
2026-05-21,Region D,P022,132,136,0.65
2026-05-21,Region D,P023,146,151,0.56
2026-05-21,Region D,P024,77,81,1.75
2026-05-21,Region D,P025,140,144,0.79
2026-05-21,Region D,P026,131,135,0.8
2026-05-21,Region D,P027,144,150,1.12
2026-05-21,Region D,P028,149,157,1.77
2026-05-21,Region D,P029,121,126,1.41
2026-05-21,Region D,P030,152,155,0.0
2026-05-22,Region A,P001,122,128,0.89
2026-05-22,Region A,P002,146,153,1.16
2026-05-22,Region A,P003,93,98,1.52
2026-05-22,Region A,P004,127,129,1.14
2026-05-22,Region A,P005,96,98,1.75
2026-05-22,Region A,P006,96,98,0.78
2026-05-22,Region A,P007,126,129,0.0
2026-05-22,Region A,P008,116,118,0.8
2026-05-22,Region A,P009,131,134,1.63
2026-05-22,Region A,P010,133,141,1.22
2026-05-22,Region A,P011,110,114,1.02
2026-05-22,Region A,P012,128,131,0.15
2026-05-22,Region A,P013,119,127,0.67
2026-05-22,Region A,P014,85,89,0.53
2026-05-22,Region A,P015,105,111,1.52
2026-05-22,Region A,P016,116,119,0.63
2026-05-22,Region A,P017,115,120,0.61
2026-05-22,Region A,P018,131,136,0.19
2026-05-22,Region A,P019,142,150,0.23
2026-05-22,Region A,P020,85,89,0.24
2026-05-22,Region A,P021,120,126,0.8
2026-05-22,Region A,P022,100,104,1.78
2026-05-22,Region A,P023,140,148,1.46
2026-05-22,Region A,P024,104,107,0.56
2026-05-22,Region A,P025,82,87,1.76
2026-05-22,Region A,P026,131,139,0.97
2026-05-22,Region A,P027,149,152,0.04
2026-05-22,Region A,P028,82,87,1.37
2026-05-22,Region A,P029,148,151,0.31
2026-05-22,Region A,P030,141,148,2.01
2026-05-22,Region B,P001,79,82,0.52
2026-05-22,Region B,P002,145,151,1.77
2026-05-22,Region B,P003,114,118,1.1
2026-05-22,Region B,P004,146,154,1.74
2026-05-22,Region B,P005,147,151,0.0
2026-05-22,Region B,P006,90,94,0.47
2026-05-22,Region B,P007,107,110,0.53
2026-05-22,Region B,P008,140,144,0.83
2026-05-22,Region B,P009,150,159,0.47
2026-05-22,Region B,P010,110,113,0.76
2026-05-22,Region B,P011,105,110,0.54
2026-05-22,Region B,P012,86,90,0.87
2026-05-22,Region B,P013,135,142,0.95
2026-05-22,Region B,P014,148,151,0.9
2026-05-22,Region B,P015,128,137,1.05
2026-05-22,Region B,P016,84,87,0.36
2026-05-22,Region B,P017,115,120,1.46
2026-05-22,Region B,P018,130,135,1.79
2026-05-22,Region B,P019,75,80,1.36
2026-05-22,Region B,P020,150,157,1.33
2026-05-22,Region B,P021,84,87,1.35
2026-05-22,Region B,P022,112,116,0.58
2026-05-22,Region B,P023,102,109,1.72
2026-05-22,Region B,P024,96,102,1.9
2026-05-22,Region B,P025,98,102,1.68
2026-05-22,Region B,P026,155,158,0.79
2026-05-22,Region B,P027,140,144,0.58
2026-05-22,Region B,P028,127,133,1.93
2026-05-22,Region B,P029,82,84,0.52
2026-05-22,Region B,P030,152,159,0.84
2026-05-22,Region C,P001,134,138,0.51
2026-05-22,Region C,P002,78,82,0.18
2026-05-22,Region C,P003,105,109,1.41
2026-05-22,Region C,P004,77,80,0.34
2026-05-22,Region C,P005,155,157,0.0
2026-05-22,Region C,P006,110,115,0.46
2026-05-22,Region C,P007,81,85,1.2
2026-05-22,Region C,P008,92,94,0.47
2026-05-22,Region C,P009,87,91,1.36
2026-05-22,Region C,P010,129,134,0.87
2026-05-22,Region C,P011,81,85,1.24
2026-05-22,Region C,P012,89,91,0.46
2026-05-22,Region C,P013,97,99,1.43
2026-05-22,Region C,P014,84,88,1.23
2026-05-22,Region C,P015,100,106,1.79
2026-05-22,Region C,P016,112,116,0.83
2026-05-22,Region C,P017,126,133,0.0
2026-05-22,Region C,P018,97,100,0.25
2026-05-22,Region C,P019,91,95,0.81
2026-05-22,Region C,P020,119,125,1.29
2026-05-22,Region C,P021,127,133,1.1
2026-05-22,Region C,P022,144,151,1.07
2026-05-22,Region C,P023,140,143,0.73
2026-05-22,Region C,P024,120,127,1.25
2026-05-22,Region C,P025,93,96,0.28
2026-05-22,Region C,P026,125,128,0.0
2026-05-22,Region C,P027,147,156,1.32
2026-05-22,Region C,P028,109,114,0.11
2026-05-22,Region C,P029,126,128,0.62
2026-05-22,Region C,P030,121,125,0.96
2026-05-22,Region D,P001,146,153,1.43
2026-05-22,Region D,P002,121,126,0.94
2026-05-22,Region D,P003,130,132,0.42
2026-05-22,Region D,P004,116,119,0.0
2026-05-22,Region D,P005,78,81,0.78
2026-05-22,Region D,P006,108,110,0.82
2026-05-22,Region D,P007,88,93,1.49
2026-05-22,Region D,P008,123,126,0.44
2026-05-22,Region D,P009,97,101,0.6
2026-05-22,Region D,P010,123,129,0.99
2026-05-22,Region D,P011,88,90,0.18
2026-05-22,Region D,P012,81,83,0.0
2026-05-22,Region D,P013,118,125,0.73
2026-05-22,Region D,P014,114,117,0.37
2026-05-22,Region D,P015,93,97,0.23
2026-05-22,Region D,P016,143,151,0.72
2026-05-22,Region D,P017,148,152,0.0
2026-05-22,Region D,P018,135,139,0.61
2026-05-22,Region D,P019,147,151,0.39
2026-05-22,Region D,P020,78,82,0.95
2026-05-22,Region D,P021,98,103,1.45
2026-05-22,Region D,P022,89,94,0.7
2026-05-22,Region D,P023,103,109,1.33
2026-05-22,Region D,P024,126,132,2.08
2026-05-22,Region D,P025,100,103,1.16
2026-05-22,Region D,P026,76,80,0.85
2026-05-22,Region D,P027,116,119,0.39
2026-05-22,Region D,P028,87,90,0.3
2026-05-22,Region D,P029,96,101,0.12
2026-05-22,Region D,P030,137,146,1.6
2026-05-23,Region A,P001,114,121,0.72
2026-05-23,Region A,P002,86,88,0.76
2026-05-23,Region A,P003,116,123,0.54
2026-05-23,Region A,P004,113,120,1.16
2026-05-23,Region A,P005,83,85,1.23
2026-05-23,Region A,P006,121,124,0.53
2026-05-23,Region A,P007,121,128,1.03
2026-05-23,Region A,P008,97,103,1.61
2026-05-23,Region A,P009,130,136,1.29
2026-05-23,Region A,P010,139,142,0.64
2026-05-23,Region A,P011,141,147,0.85
2026-05-23,Region A,P012,132,135,0.37
2026-05-23,Region A,P013,110,112,0.34
2026-05-23,Region A,P014,151,155,0.92
2026-05-23,Region A,P015,86,92,1.53
2026-05-23,Region A,P016,122,124,0.52
2026-05-23,Region A,P017,117,120,0.13
2026-05-23,Region A,P018,123,126,0.12
2026-05-23,Region A,P019,86,90,1.61
2026-05-23,Region A,P020,124,128,0.12
2026-05-23,Region A,P021,111,117,1.17
2026-05-23,Region A,P022,129,133,0.43
2026-05-23,Region A,P023,79,83,1.3
2026-05-23,Region A,P024,88,92,1.43
2026-05-23,Region A,P025,112,118,1.39
2026-05-23,Region A,P026,75,80,0.94
2026-05-23,Region A,P027,144,146,1.36
2026-05-23,Region A,P028,134,138,0.0
2026-05-23,Region A,P029,101,108,2.34
2026-05-23,Region A,P030,79,80,0.36
2026-05-23,Region B,P001,150,154,0.44
2026-05-23,Region B,P002,132,139,2.1
2026-05-23,Region B,P003,76,80,0.01
2026-05-23,Region B,P004,98,105,0.94
2026-05-23,Region B,P005,101,105,0.53
2026-05-23,Region B,P006,80,82,0.29
2026-05-23,Region B,P007,86,90,0.0
2026-05-23,Region B,P008,153,158,0.68
2026-05-23,Region B,P009,100,102,0.0
2026-05-23,Region B,P010,115,117,0.72
2026-05-23,Region B,P011,141,148,2.11
2026-05-23,Region B,P012,92,97,0.61
2026-05-23,Region B,P013,81,86,0.78
2026-05-23,Region B,P014,138,147,1.19
2026-05-23,Region B,P015,93,99,1.72
2026-05-23,Region B,P016,79,80,0.28
2026-05-23,Region B,P017,142,151,0.8
2026-05-23,Region B,P018,151,157,0.77
2026-05-23,Region B,P019,132,141,1.4
2026-05-23,Region B,P020,89,93,0.44
2026-05-23,Region B,P021,105,112,1.5
2026-05-23,Region B,P022,148,151,0.34
2026-05-23,Region B,P023,123,125,1.02
2026-05-23,Region B,P024,87,88,0.19
2026-05-23,Region B,P025,144,151,0.94
2026-05-23,Region B,P026,85,90,0.66
2026-05-23,Region B,P027,76,80,0.81
2026-05-23,Region B,P028,83,88,0.97
2026-05-23,Region B,P029,137,142,1.01
2026-05-23,Region B,P030,102,104,0.88
2026-05-23,Region C,P001,98,102,0.91
2026-05-23,Region C,P002,103,107,0.0
2026-05-23,Region C,P003,97,100,0.24
2026-05-23,Region C,P004,93,96,0.61
2026-05-23,Region C,P005,116,122,1.43
2026-05-23,Region C,P006,76,80,0.85
2026-05-23,Region C,P007,146,156,0.69
2026-05-23,Region C,P008,118,122,0.0
2026-05-23,Region C,P009,88,90,0.0
2026-05-23,Region C,P010,144,150,0.83
2026-05-23,Region C,P011,131,134,0.79
2026-05-23,Region C,P012,121,127,1.28
2026-05-23,Region C,P013,148,151,0.34
2026-05-23,Region C,P014,142,151,0.36
2026-05-23,Region C,P015,110,113,0.64
2026-05-23,Region C,P016,95,100,1.21
2026-05-23,Region C,P017,95,97,0.0
2026-05-23,Region C,P018,115,117,0.67
2026-05-23,Region C,P019,102,105,1.02
2026-05-23,Region C,P020,120,127,0.54
2026-05-23,Region C,P021,93,96,0.13
2026-05-23,Region C,P022,89,93,0.68
2026-05-23,Region C,P023,136,140,2.07
2026-05-23,Region C,P024,145,151,0.5
2026-05-23,Region C,P025,89,95,1.18
2026-05-23,Region C,P026,136,142,0.78
2026-05-23,Region C,P027,140,145,0.57
2026-05-23,Region C,P028,122,128,0.09
2026-05-23,Region C,P029,142,149,1.17
2026-05-23,Region C,P030,106,109,1.49
2026-05-23,Region D,P001,134,138,0.47
2026-05-23,Region D,P002,141,147,1.0
2026-05-23,Region D,P003,128,133,0.48
2026-05-23,Region D,P004,154,159,0.98
2026-05-23,Region D,P005,93,98,1.16
2026-05-23,Region D,P006,153,156,0.93
2026-05-23,Region D,P007,145,153,0.38
2026-05-23,Region D,P008,150,156,0.0
2026-05-23,Region D,P009,77,80,0.54
2026-05-23,Region D,P010,118,120,0.38
2026-05-23,Region D,P011,105,111,0.51
2026-05-23,Region D,P012,125,129,0.0
2026-05-23,Region D,P013,116,122,1.32
2026-05-23,Region D,P014,117,121,0.97
2026-05-23,Region D,P015,155,158,0.61
2026-05-23,Region D,P016,105,107,0.0
2026-05-23,Region D,P017,132,134,0.38
2026-05-23,Region D,P018,145,152,1.05
2026-05-23,Region D,P019,83,84,0.51
2026-05-23,Region D,P020,141,147,1.19
2026-05-23,Region D,P021,114,121,1.6
2026-05-23,Region D,P022,86,92,1.34
2026-05-23,Region D,P023,124,132,0.53
2026-05-23,Region D,P024,102,108,2.03
2026-05-23,Region D,P025,115,121,1.38
2026-05-23,Region D,P026,145,153,0.44
2026-05-23,Region D,P027,89,91,0.0
2026-05-23,Region D,P028,96,98,0.43
2026-05-23,Region D,P029,133,138,1.72
2026-05-23,Region D,P030,124,126,0.34
2026-05-24,Region A,P001,127,134,1.66
2026-05-24,Region A,P002,100,104,0.93
2026-05-24,Region A,P003,130,135,1.4
2026-05-24,Region A,P004,115,120,0.53
2026-05-24,Region A,P005,147,154,0.93
2026-05-24,Region A,P006,127,133,0.25
2026-05-24,Region A,P007,94,96,0.65
2026-05-24,Region A,P008,123,128,0.5
2026-05-24,Region A,P009,148,151,0.09
2026-05-24,Region A,P010,92,97,0.0
2026-05-24,Region A,P011,78,82,0.9
2026-05-24,Region A,P012,99,103,1.27
2026-05-24,Region A,P013,122,130,1.53
2026-05-24,Region A,P014,131,138,1.96
2026-05-24,Region A,P015,114,119,0.0
2026-05-24,Region A,P016,90,95,1.12
2026-05-24,Region A,P017,116,122,1.18
2026-05-24,Region A,P018,142,145,0.05
2026-05-24,Region A,P019,77,80,0.75
2026-05-24,Region A,P020,100,102,0.0
2026-05-24,Region A,P021,126,133,1.4
2026-05-24,Region A,P022,118,124,0.75
2026-05-24,Region A,P023,82,84,0.05
2026-05-24,Region A,P024,78,83,1.74
2026-05-24,Region A,P025,126,132,1.32
2026-05-24,Region A,P026,103,108,0.92
2026-05-24,Region A,P027,104,110,1.7
2026-05-24,Region A,P028,82,87,1.08
2026-05-24,Region A,P029,137,145,1.1
2026-05-24,Region A,P030,120,127,0.6
2026-05-24,Region B,P001,106,113,1.37
2026-05-24,Region B,P002,132,140,0.66
2026-05-24,Region B,P003,122,124,0.37
2026-05-24,Region B,P004,142,147,0.93
2026-05-24,Region B,P005,146,153,0.84
2026-05-24,Region B,P006,136,143,1.2
2026-05-24,Region B,P007,87,90,0.0
2026-05-24,Region B,P008,102,104,0.0
2026-05-24,Region B,P009,137,140,0.46
2026-05-24,Region B,P010,103,109,1.33
2026-05-24,Region B,P011,105,108,0.55
2026-05-24,Region B,P012,76,81,1.65
2026-05-24,Region B,P013,77,80,0.73
2026-05-24,Region B,P014,138,146,0.95
2026-05-24,Region B,P015,101,107,1.58
2026-05-24,Region B,P016,123,125,0.34
2026-05-24,Region B,P017,126,134,1.69
2026-05-24,Region B,P018,144,151,1.27
2026-05-24,Region B,P019,149,157,0.97
2026-05-24,Region B,P020,142,151,0.79
2026-05-24,Region B,P021,145,149,0.37
2026-05-24,Region B,P022,109,112,1.39
2026-05-24,Region B,P023,93,98,1.53
2026-05-24,Region B,P024,77,82,1.89
2026-05-24,Region B,P025,83,88,0.57
2026-05-24,Region B,P026,88,90,0.93
2026-05-24,Region B,P027,84,87,0.62
2026-05-24,Region B,P028,82,86,2.18
2026-05-24,Region B,P029,107,111,1.23
2026-05-24,Region B,P030,136,139,0.0
2026-05-24,Region C,P001,138,147,0.93
2026-05-24,Region C,P002,150,153,0.38
2026-05-24,Region C,P003,110,112,0.45
2026-05-24,Region C,P004,99,103,1.12
2026-05-24,Region C,P005,147,155,1.58
2026-05-24,Region C,P006,147,153,1.11
2026-05-24,Region C,P007,83,85,0.45
2026-05-24,Region C,P008,123,127,0.52
2026-05-24,Region C,P009,112,118,0.5
2026-05-24,Region C,P010,125,131,0.95
2026-05-24,Region C,P011,79,84,0.11
2026-05-24,Region C,P012,103,105,0.45
2026-05-24,Region C,P013,124,129,0.97
2026-05-24,Region C,P014,78,83,0.52
2026-05-24,Region C,P015,117,124,2.11
2026-05-24,Region C,P016,116,122,1.71
2026-05-24,Region C,P017,150,155,0.0
2026-05-24,Region C,P018,77,81,0.83
2026-05-24,Region C,P019,140,145,0.0
2026-05-24,Region C,P020,130,136,1.37
2026-05-24,Region C,P021,146,156,1.85
2026-05-24,Region C,P022,142,148,0.88
2026-05-24,Region C,P023,138,140,0.41
2026-05-24,Region C,P024,152,156,1.0
2026-05-24,Region C,P025,81,84,0.43
2026-05-24,Region C,P026,82,88,0.67
2026-05-24,Region C,P027,79,84,2.37
2026-05-24,Region C,P028,110,117,1.73
2026-05-24,Region C,P029,120,123,0.43
2026-05-24,Region C,P030,90,96,1.9
2026-05-24,Region D,P001,115,121,1.71
2026-05-24,Region D,P002,117,122,0.55
2026-05-24,Region D,P003,112,119,0.84
2026-05-24,Region D,P004,141,148,0.72
2026-05-24,Region D,P005,100,103,1.0
2026-05-24,Region D,P006,111,115,0.0
2026-05-24,Region D,P007,113,115,0.06
2026-05-24,Region D,P008,115,121,0.96
2026-05-24,Region D,P009,134,139,0.62
2026-05-24,Region D,P010,93,99,1.81
2026-05-24,Region D,P011,106,111,0.27
2026-05-24,Region D,P012,100,105,0.38
2026-05-24,Region D,P013,140,145,0.63
2026-05-24,Region D,P014,81,83,0.55
2026-05-24,Region D,P015,135,139,1.78
2026-05-24,Region D,P016,112,115,0.35
2026-05-24,Region D,P017,129,136,1.34
2026-05-24,Region D,P018,98,102,0.58
2026-05-24,Region D,P019,141,143,0.49
2026-05-24,Region D,P020,97,102,1.2
2026-05-24,Region D,P021,127,131,1.18
2026-05-24,Region D,P022,90,94,0.5
2026-05-24,Region D,P023,106,113,1.33
2026-05-24,Region D,P024,127,131,0.82
2026-05-24,Region D,P025,97,100,0.01
2026-05-24,Region D,P026,117,119,0.0
2026-05-24,Region D,P027,81,83,0.2
2026-05-24,Region D,P028,134,141,1.43
2026-05-24,Region D,P029,120,126,1.02
2026-05-24,Region D,P030,151,158,0.69
2026-05-25,Region A,P001,118,122,0.43
2026-05-25,Region A,P002,136,140,0.0
2026-05-25,Region A,P003,120,123,1.12
2026-05-25,Region A,P004,101,104,1.0
2026-05-25,Region A,P005,145,153,2.37
2026-05-25,Region A,P006,141,144,0.03
2026-05-25,Region A,P007,122,124,0.0
2026-05-25,Region A,P008,137,144,1.29
2026-05-25,Region A,P009,122,125,0.12
2026-05-25,Region A,P010,114,117,1.11
2026-05-25,Region A,P011,117,119,0.78
2026-05-25,Region A,P012,124,127,0.72
2026-05-25,Region A,P013,142,147,0.0
2026-05-25,Region A,P014,88,90,0.11
2026-05-25,Region A,P015,79,82,0.14
2026-05-25,Region A,P016,82,85,0.0
2026-05-25,Region A,P017,85,89,1.27
2026-05-25,Region A,P018,94,96,0.43
2026-05-25,Region A,P019,77,82,0.98
2026-05-25,Region A,P020,79,81,0.0
2026-05-25,Region A,P021,153,157,0.49
2026-05-25,Region A,P022,134,142,1.38
2026-05-25,Region A,P023,124,130,2.05
2026-05-25,Region A,P024,95,99,0.81
2026-05-25,Region A,P025,145,152,1.16
2026-05-25,Region A,P026,94,99,0.17
2026-05-25,Region A,P027,141,145,0.8
2026-05-25,Region A,P028,153,159,0.9
2026-05-25,Region A,P029,104,109,0.77
2026-05-25,Region A,P030,132,137,0.0
2026-05-25,Region B,P001,83,86,0.73
2026-05-25,Region B,P002,101,105,1.31
2026-05-25,Region B,P003,148,156,1.12
2026-05-25,Region B,P004,124,128,0.0
2026-05-25,Region B,P005,138,141,0.13
2026-05-25,Region B,P006,144,151,1.48
2026-05-25,Region B,P007,153,158,0.0
2026-05-25,Region B,P008,77,82,2.11
2026-05-25,Region B,P009,128,130,0.3
2026-05-25,Region B,P010,118,123,0.0
2026-05-25,Region B,P011,151,154,0.27
2026-05-25,Region B,P012,96,101,0.63
2026-05-25,Region B,P013,88,90,0.87
2026-05-25,Region B,P014,119,121,0.17
2026-05-25,Region B,P015,92,94,0.47
2026-05-25,Region B,P016,91,94,0.37
2026-05-25,Region B,P017,103,109,1.34
2026-05-25,Region B,P018,140,148,1.84
2026-05-25,Region B,P019,94,96,0.34
2026-05-25,Region B,P020,107,111,0.1
2026-05-25,Region B,P021,84,87,0.65
2026-05-25,Region B,P022,106,109,0.85
2026-05-25,Region B,P023,77,80,0.11
2026-05-25,Region B,P024,99,101,0.52
2026-05-25,Region B,P025,123,128,1.17
2026-05-25,Region B,P026,92,98,1.61
2026-05-25,Region B,P027,144,154,1.61
2026-05-25,Region B,P028,136,143,1.63
2026-05-25,Region B,P029,115,118,0.79
2026-05-25,Region B,P030,142,145,0.0
2026-05-25,Region C,P001,132,137,1.0
2026-05-25,Region C,P002,151,154,0.22
2026-05-25,Region C,P003,108,114,1.22
2026-05-25,Region C,P004,100,102,0.16
2026-05-25,Region C,P005,148,152,0.0
2026-05-25,Region C,P006,105,111,1.18
2026-05-25,Region C,P007,139,142,1.74
2026-05-25,Region C,P008,148,153,0.0
2026-05-25,Region C,P009,117,123,2.21
2026-05-25,Region C,P010,111,115,0.84
2026-05-25,Region C,P011,100,103,0.33
2026-05-25,Region C,P012,104,109,0.95
2026-05-25,Region C,P013,78,81,1.0
2026-05-25,Region C,P014,116,121,0.73
2026-05-25,Region C,P015,86,88,0.84
2026-05-25,Region C,P016,105,112,1.61
2026-05-25,Region C,P017,150,153,0.35
2026-05-25,Region C,P018,151,159,2.06
2026-05-25,Region C,P019,89,91,0.4
2026-05-25,Region C,P020,95,98,1.1
2026-05-25,Region C,P021,90,96,1.88
2026-05-25,Region C,P022,90,92,0.0
2026-05-25,Region C,P023,116,119,0.49
2026-05-25,Region C,P024,126,129,0.87
2026-05-25,Region C,P025,99,104,2.4
2026-05-25,Region C,P026,138,142,0.0
2026-05-25,Region C,P027,111,116,1.16
2026-05-25,Region C,P028,108,110,0.51
2026-05-25,Region C,P029,145,149,0.16
2026-05-25,Region C,P030,89,93,0.37
2026-05-25,Region D,P001,117,121,0.56
2026-05-25,Region D,P002,102,107,1.01
2026-05-25,Region D,P003,113,115,0.41
2026-05-25,Region D,P004,84,87,0.65
2026-05-25,Region D,P005,110,116,0.43
2026-05-25,Region D,P006,129,137,1.98
2026-05-25,Region D,P007,86,91,0.98
2026-05-25,Region D,P008,81,83,1.1
2026-05-25,Region D,P009,107,113,0.86
2026-05-25,Region D,P010,93,99,1.07
2026-05-25,Region D,P011,76,81,1.85
2026-05-25,Region D,P012,88,94,2.1
2026-05-25,Region D,P013,77,81,1.11
2026-05-25,Region D,P014,132,136,1.04
2026-05-25,Region D,P015,153,158,0.96
2026-05-25,Region D,P016,108,115,0.9
2026-05-25,Region D,P017,120,124,1.2
2026-05-25,Region D,P018,102,104,1.01
2026-05-25,Region D,P019,147,153,0.2
2026-05-25,Region D,P020,130,133,0.47
2026-05-25,Region D,P021,148,157,0.97
2026-05-25,Region D,P022,141,146,1.51
2026-05-25,Region D,P023,115,122,0.8
2026-05-25,Region D,P024,136,142,0.6
2026-05-25,Region D,P025,82,88,1.73
2026-05-25,Region D,P026,81,84,1.31
2026-05-25,Region D,P027,86,92,0.8
2026-05-25,Region D,P028,91,96,1.44
2026-05-25,Region D,P029,106,109,0.0
2026-05-25,Region D,P030,98,102,0.33
2026-05-26,Region A,P001,84,86,0.0
2026-05-26,Region A,P002,100,102,0.39
2026-05-26,Region A,P003,127,130,0.48
2026-05-26,Region A,P004,81,86,0.65
2026-05-26,Region A,P005,123,127,0.65
2026-05-26,Region A,P006,129,136,0.44
2026-05-26,Region A,P007,87,91,0.05
2026-05-26,Region A,P008,87,93,1.86
2026-05-26,Region A,P009,127,135,1.76
2026-05-26,Region A,P010,142,147,1.31
2026-05-26,Region A,P011,102,108,1.14
2026-05-26,Region A,P012,100,107,1.75
2026-05-26,Region A,P013,100,104,1.53
2026-05-26,Region A,P014,122,126,0.35
2026-05-26,Region A,P015,133,141,1.6
2026-05-26,Region A,P016,102,105,0.46
2026-05-26,Region A,P017,82,85,0.34
2026-05-26,Region A,P018,154,157,1.36
2026-05-26,Region A,P019,127,131,0.77
2026-05-26,Region A,P020,130,139,2.18
2026-05-26,Region A,P021,81,86,1.56
2026-05-26,Region A,P022,107,112,1.59
2026-05-26,Region A,P023,98,103,0.58
2026-05-26,Region A,P024,109,115,1.12
2026-05-26,Region A,P025,146,154,0.82
2026-05-26,Region A,P026,94,98,0.95
2026-05-26,Region A,P027,141,145,0.39
2026-05-26,Region A,P028,83,85,1.66
2026-05-26,Region A,P029,128,131,0.54
2026-05-26,Region A,P030,115,117,0.52
2026-05-26,Region B,P001,129,133,0.13
2026-05-26,Region B,P002,108,112,1.21
2026-05-26,Region B,P003,129,136,1.39
2026-05-26,Region B,P004,100,103,0.67
2026-05-26,Region B,P005,88,90,0.71
2026-05-26,Region B,P006,138,147,0.73
2026-05-26,Region B,P007,127,130,0.09
2026-05-26,Region B,P008,148,157,1.42
2026-05-26,Region B,P009,106,111,1.64
2026-05-26,Region B,P010,91,94,0.56
2026-05-26,Region B,P011,150,155,1.04
2026-05-26,Region B,P012,82,85,0.95
2026-05-26,Region B,P013,110,112,0.55
2026-05-26,Region B,P014,139,142,0.08
2026-05-26,Region B,P015,97,100,0.46
2026-05-26,Region B,P016,155,157,0.0
2026-05-26,Region B,P017,99,103,1.37
2026-05-26,Region B,P018,121,125,0.74
2026-05-26,Region B,P019,134,141,0.82
2026-05-26,Region B,P020,136,139,0.0
2026-05-26,Region B,P021,105,112,1.24
2026-05-26,Region B,P022,99,103,0.32
2026-05-26,Region B,P023,87,91,1.5
2026-05-26,Region B,P024,122,126,0.25
2026-05-26,Region B,P025,140,147,1.15
2026-05-26,Region B,P026,128,134,0.48
2026-05-26,Region B,P027,131,138,1.14
2026-05-26,Region B,P028,77,80,0.9
2026-05-26,Region B,P029,152,154,0.03
2026-05-26,Region B,P030,76,81,1.54
2026-05-26,Region C,P001,103,106,0.63
2026-05-26,Region C,P002,108,115,1.86
2026-05-26,Region C,P003,120,123,0.51
2026-05-26,Region C,P004,77,82,0.82
2026-05-26,Region C,P005,109,116,2.38
2026-05-26,Region C,P006,85,90,1.55
2026-05-26,Region C,P007,105,107,0.0
2026-05-26,Region C,P008,88,94,0.78
2026-05-26,Region C,P009,109,112,0.32
2026-05-26,Region C,P010,149,157,0.94
2026-05-26,Region C,P011,87,90,0.57
2026-05-26,Region C,P012,79,84,1.62
2026-05-26,Region C,P013,123,127,0.0
2026-05-26,Region C,P014,131,139,2.34
2026-05-26,Region C,P015,114,116,1.05
2026-05-26,Region C,P016,124,129,0.64
2026-05-26,Region C,P017,145,154,0.84
2026-05-26,Region C,P018,94,96,0.05
2026-05-26,Region C,P019,135,144,1.22
2026-05-26,Region C,P020,100,103,0.6
2026-05-26,Region C,P021,110,116,1.34
2026-05-26,Region C,P022,138,146,1.23
2026-05-26,Region C,P023,140,147,0.37
2026-05-26,Region C,P024,108,115,2.42
2026-05-26,Region C,P025,128,131,0.0
2026-05-26,Region C,P026,95,100,1.1
2026-05-26,Region C,P027,141,148,0.85
2026-05-26,Region C,P028,85,87,0.11
2026-05-26,Region C,P029,152,155,1.31
2026-05-26,Region C,P030,95,99,0.3
2026-05-26,Region D,P001,78,82,0.35
2026-05-26,Region D,P002,138,146,0.98
2026-05-26,Region D,P003,148,156,0.99
2026-05-26,Region D,P004,87,91,0.0
2026-05-26,Region D,P005,127,135,1.19
2026-05-26,Region D,P006,138,146,2.36
2026-05-26,Region D,P007,108,110,1.58
2026-05-26,Region D,P008,111,117,1.13
2026-05-26,Region D,P009,146,153,0.94
2026-05-26,Region D,P010,98,101,0.33
2026-05-26,Region D,P011,90,96,0.79
2026-05-26,Region D,P012,96,100,1.5
2026-05-26,Region D,P013,150,152,0.0
2026-05-26,Region D,P014,102,107,1.15
2026-05-26,Region D,P015,112,118,0.97
2026-05-26,Region D,P016,96,98,1.29
2026-05-26,Region D,P017,109,112,0.0
2026-05-26,Region D,P018,149,153,0.62
2026-05-26,Region D,P019,141,147,0.46
2026-05-26,Region D,P020,77,81,1.25
2026-05-26,Region D,P021,120,122,0.36
2026-05-26,Region D,P022,107,113,0.52
2026-05-26,Region D,P023,120,127,0.91
2026-05-26,Region D,P024,88,91,0.15
2026-05-26,Region D,P025,91,97,0.24
2026-05-26,Region D,P026,107,109,0.13
2026-05-26,Region D,P027,149,154,0.81
2026-05-26,Region D,P028,92,97,1.03
2026-05-26,Region D,P029,87,92,1.0
2026-05-26,Region D,P030,107,109,0.35
2026-05-27,Region A,P001,99,101,0.41
2026-05-27,Region A,P002,80,83,0.51
2026-05-27,Region A,P003,108,110,0.38
2026-05-27,Region A,P004,138,145,0.43
2026-05-27,Region A,P005,130,134,1.11
2026-05-27,Region A,P006,111,118,1.35
2026-05-27,Region A,P007,97,100,1.02
2026-05-27,Region A,P008,93,96,1.18
2026-05-27,Region A,P009,121,129,2.02
2026-05-27,Region A,P010,90,93,0.61
2026-05-27,Region A,P011,134,139,0.86
2026-05-27,Region A,P012,141,147,0.2
2026-05-27,Region A,P013,114,120,1.51
2026-05-27,Region A,P014,144,146,0.0
2026-05-27,Region A,P015,118,120,0.59
2026-05-27,Region A,P016,148,151,0.85
2026-05-27,Region A,P017,139,147,0.92
2026-05-27,Region A,P018,105,109,0.39
2026-05-27,Region A,P019,105,109,1.9
2026-05-27,Region A,P020,115,121,1.47
2026-05-27,Region A,P021,103,106,0.86
2026-05-27,Region A,P022,138,145,2.05
2026-05-27,Region A,P023,80,84,1.01
2026-05-27,Region A,P024,123,128,0.83
2026-05-27,Region A,P025,88,91,0.88
2026-05-27,Region A,P026,87,92,1.22
2026-05-27,Region A,P027,117,125,1.36
2026-05-27,Region A,P028,118,125,0.33
2026-05-27,Region A,P029,81,82,0.01
2026-05-27,Region A,P030,126,128,0.33
2026-05-27,Region B,P001,142,149,0.13
2026-05-27,Region B,P002,124,129,1.87
2026-05-27,Region B,P003,82,87,0.96
2026-05-27,Region B,P004,124,126,0.14
2026-05-27,Region B,P005,141,144,1.38
2026-05-27,Region B,P006,146,156,2.46
2026-05-27,Region B,P007,100,102,0.72
2026-05-27,Region B,P008,89,94,1.45
2026-05-27,Region B,P009,75,80,2.13
2026-05-27,Region B,P010,97,103,1.72
2026-05-27,Region B,P011,153,157,0.11
2026-05-27,Region B,P012,127,129,0.65
2026-05-27,Region B,P013,148,157,1.4
2026-05-27,Region B,P014,112,116,0.14
2026-05-27,Region B,P015,85,89,0.77
2026-05-27,Region B,P016,147,152,1.32
2026-05-27,Region B,P017,76,81,1.67
2026-05-27,Region B,P018,108,110,0.0
2026-05-27,Region B,P019,107,112,1.29
2026-05-27,Region B,P020,108,110,0.18
2026-05-27,Region B,P021,114,120,1.09
2026-05-27,Region B,P022,103,106,0.41
2026-05-27,Region B,P023,130,132,0.0
2026-05-27,Region B,P024,140,149,0.97
2026-05-27,Region B,P025,103,109,0.98
2026-05-27,Region B,P026,135,141,0.0
2026-05-27,Region B,P027,79,82,0.98
2026-05-27,Region B,P028,119,121,0.0
2026-05-27,Region B,P029,148,152,0.0
2026-05-27,Region B,P030,148,153,0.0
2026-05-27,Region C,P001,144,147,0.3
2026-05-27,Region C,P002,124,132,0.73
2026-05-27,Region C,P003,149,152,0.37
2026-05-27,Region C,P004,149,158,1.46
2026-05-27,Region C,P005,156,158,0.17
2026-05-27,Region C,P006,121,124,0.52
2026-05-27,Region C,P007,86,88,0.1
2026-05-27,Region C,P008,85,90,1.34
2026-05-27,Region C,P009,80,85,1.67
2026-05-27,Region C,P010,115,120,0.74
2026-05-27,Region C,P011,140,145,0.9
2026-05-27,Region C,P012,130,137,1.09
2026-05-27,Region C,P013,101,106,1.18
2026-05-27,Region C,P014,118,123,0.48
2026-05-27,Region C,P015,125,130,0.77
2026-05-27,Region C,P016,119,123,0.89
2026-05-27,Region C,P017,143,149,1.58
2026-05-27,Region C,P018,81,84,0.94
2026-05-27,Region C,P019,149,156,1.13
2026-05-27,Region C,P020,90,92,0.84
2026-05-27,Region C,P021,142,147,0.79
2026-05-27,Region C,P022,88,92,0.65
2026-05-27,Region C,P023,154,159,0.24
2026-05-27,Region C,P024,83,87,1.56
2026-05-27,Region C,P025,94,97,0.78
2026-05-27,Region C,P026,144,153,1.17
2026-05-27,Region C,P027,124,132,0.72
2026-05-27,Region C,P028,86,91,1.7
2026-05-27,Region C,P029,100,106,1.43
2026-05-27,Region C,P030,100,104,1.39
2026-05-27,Region D,P001,146,153,0.17
2026-05-27,Region D,P002,106,112,0.12
2026-05-27,Region D,P003,100,103,0.45
2026-05-27,Region D,P004,148,155,0.71
2026-05-27,Region D,P005,155,157,0.81
2026-05-27,Region D,P006,111,116,1.47
2026-05-27,Region D,P007,100,105,1.18
2026-05-27,Region D,P008,116,119,0.86
2026-05-27,Region D,P009,91,97,1.64
2026-05-27,Region D,P010,132,136,0.76
2026-05-27,Region D,P011,111,113,0.65
2026-05-27,Region D,P012,75,80,1.39
2026-05-27,Region D,P013,132,135,0.29
2026-05-27,Region D,P014,137,144,0.49
2026-05-27,Region D,P015,84,88,1.16
2026-05-27,Region D,P016,122,127,0.0
2026-05-27,Region D,P017,125,130,1.01
2026-05-27,Region D,P018,108,111,0.38
2026-05-27,Region D,P019,138,145,0.83
2026-05-27,Region D,P020,91,96,1.19
2026-05-27,Region D,P021,113,116,1.25
2026-05-27,Region D,P022,99,104,1.89
2026-05-27,Region D,P023,93,95,0.32
2026-05-27,Region D,P024,128,134,1.74
2026-05-27,Region D,P025,122,126,0.6
2026-05-27,Region D,P026,155,158,0.23
2026-05-27,Region D,P027,79,81,0.0
2026-05-27,Region D,P028,97,101,0.08
2026-05-27,Region D,P029,80,83,0.97
2026-05-27,Region D,P030,146,151,0.86
2026-05-28,Region A,P001,123,130,1.23
2026-05-28,Region A,P002,123,125,0.08
2026-05-28,Region A,P003,143,150,1.57
2026-05-28,Region A,P004,82,87,1.41
2026-05-28,Region A,P005,136,143,0.74
2026-05-28,Region A,P006,121,127,1.31
2026-05-28,Region A,P007,110,116,0.93
2026-05-28,Region A,P008,148,153,0.22
2026-05-28,Region A,P009,79,83,1.13
2026-05-28,Region A,P010,92,95,0.06
2026-05-28,Region A,P011,125,131,1.3
2026-05-28,Region A,P012,111,113,0.28
2026-05-28,Region A,P013,92,94,0.0
2026-05-28,Region A,P014,90,92,0.16
2026-05-28,Region A,P015,80,84,1.45
2026-05-28,Region A,P016,135,142,1.86
2026-05-28,Region A,P017,150,152,1.03
2026-05-28,Region A,P018,105,108,0.68
2026-05-28,Region A,P019,142,149,1.01
2026-05-28,Region A,P020,114,120,0.69
2026-05-28,Region A,P021,104,109,0.62
2026-05-28,Region A,P022,121,127,0.89
2026-05-28,Region A,P023,114,117,0.66
2026-05-28,Region A,P024,78,82,0.9
2026-05-28,Region A,P025,132,139,0.79
2026-05-28,Region A,P026,125,129,0.07
2026-05-28,Region A,P027,131,137,1.42
2026-05-28,Region A,P028,135,138,0.0
2026-05-28,Region A,P029,126,132,0.92
2026-05-28,Region A,P030,106,110,1.69
2026-05-28,Region B,P001,139,143,1.29
2026-05-28,Region B,P002,83,86,0.42
2026-05-28,Region B,P003,122,125,0.28
2026-05-28,Region B,P004,122,128,1.23
2026-05-28,Region B,P005,100,105,1.06
2026-05-28,Region B,P006,153,159,0.05
2026-05-28,Region B,P007,116,119,0.28
2026-05-28,Region B,P008,91,95,0.55
2026-05-28,Region B,P009,99,106,1.22
2026-05-28,Region B,P010,120,125,1.7
2026-05-28,Region B,P011,148,155,1.21
2026-05-28,Region B,P012,100,103,0.42
2026-05-28,Region B,P013,119,125,0.64
2026-05-28,Region B,P014,84,89,2.21
2026-05-28,Region B,P015,106,109,1.13
2026-05-28,Region B,P016,138,146,1.72
2026-05-28,Region B,P017,126,129,0.19
2026-05-28,Region B,P018,142,150,0.57
2026-05-28,Region B,P019,121,127,1.58
2026-05-28,Region B,P020,151,159,0.66
2026-05-28,Region B,P021,142,149,1.42
2026-05-28,Region B,P022,137,140,0.0
2026-05-28,Region B,P023,105,110,0.07
2026-05-28,Region B,P024,118,120,0.53
2026-05-28,Region B,P025,112,115,0.05
2026-05-28,Region B,P026,116,120,0.0
2026-05-28,Region B,P027,81,84,0.46
2026-05-28,Region B,P028,135,140,1.77
2026-05-28,Region B,P029,153,159,0.12
2026-05-28,Region B,P030,88,90,0.09
2026-05-28,Region C,P001,145,154,1.26
2026-05-28,Region C,P002,137,145,1.07
2026-05-28,Region C,P003,86,89,0.65
2026-05-28,Region C,P004,95,97,0.32
2026-05-28,Region C,P005,81,87,0.65
2026-05-28,Region C,P006,79,81,0.16
2026-05-28,Region C,P007,100,103,0.45
2026-05-28,Region C,P008,87,90,0.95
2026-05-28,Region C,P009,115,118,1.87
2026-05-28,Region C,P010,138,145,0.03
2026-05-28,Region C,P011,89,93,0.75
2026-05-28,Region C,P012,141,150,1.23
2026-05-28,Region C,P013,141,147,0.55
2026-05-28,Region C,P014,123,125,1.2
2026-05-28,Region C,P015,147,155,1.31
2026-05-28,Region C,P016,89,94,0.83
2026-05-28,Region C,P017,125,129,0.52
2026-05-28,Region C,P018,137,145,1.1
2026-05-28,Region C,P019,87,93,2.03
2026-05-28,Region C,P020,90,92,0.0
2026-05-28,Region C,P021,118,120,0.25
2026-05-28,Region C,P022,127,136,1.18
2026-05-28,Region C,P023,76,81,1.8
2026-05-28,Region C,P024,86,92,1.23
2026-05-28,Region C,P025,129,132,0.09
2026-05-28,Region C,P026,83,85,0.45
2026-05-28,Region C,P027,101,107,0.8
2026-05-28,Region C,P028,82,84,0.0
2026-05-28,Region C,P029,120,122,0.0
2026-05-28,Region C,P030,137,141,0.79
2026-05-28,Region D,P001,83,86,0.71
2026-05-28,Region D,P002,94,98,0.55
2026-05-28,Region D,P003,80,85,1.69
2026-05-28,Region D,P004,106,110,0.46
2026-05-28,Region D,P005,87,89,0.0
2026-05-28,Region D,P006,84,90,1.21
2026-05-28,Region D,P007,141,148,0.91
2026-05-28,Region D,P008,99,106,0.56
2026-05-28,Region D,P009,104,110,1.04
2026-05-28,Region D,P010,100,105,1.8
2026-05-28,Region D,P011,81,83,0.22
2026-05-28,Region D,P012,97,101,0.26
2026-05-28,Region D,P013,105,110,0.73
2026-05-28,Region D,P014,119,126,0.61
2026-05-28,Region D,P015,135,138,0.3
2026-05-28,Region D,P016,88,92,1.79
2026-05-28,Region D,P017,78,80,0.52
2026-05-28,Region D,P018,95,97,0.13
2026-05-28,Region D,P019,133,140,1.06
2026-05-28,Region D,P020,105,107,0.89
2026-05-28,Region D,P021,132,134,0.83
2026-05-28,Region D,P022,79,81,0.58
2026-05-28,Region D,P023,81,83,1.1
2026-05-28,Region D,P024,146,153,1.35
2026-05-28,Region D,P025,93,99,1.89
2026-05-28,Region D,P026,104,108,0.77
2026-05-28,Region D,P027,111,117,0.54
2026-05-28,Region D,P028,148,156,0.96
2026-05-28,Region D,P029,82,87,0.91
2026-05-28,Region D,P030,126,130,0.89
2026-05-29,Region A,P001,119,123,0.34
2026-05-29,Region A,P002,93,99,1.02
2026-05-29,Region A,P003,156,158,0.0
2026-05-29,Region A,P004,127,133,1.94
2026-05-29,Region A,P005,118,125,1.34
2026-05-29,Region A,P006,108,111,1.04
2026-05-29,Region A,P007,149,153,0.0
2026-05-29,Region A,P008,142,150,1.86
2026-05-29,Region A,P009,99,103,1.73
2026-05-29,Region A,P010,90,94,0.55
2026-05-29,Region A,P011,143,145,0.43
2026-05-29,Region A,P012,82,84,0.0
2026-05-29,Region A,P013,115,117,0.0
2026-05-29,Region A,P014,94,96,0.62
2026-05-29,Region A,P015,126,131,1.38
2026-05-29,Region A,P016,108,115,1.67
2026-05-29,Region A,P017,142,145,1.06
2026-05-29,Region A,P018,143,145,0.64
2026-05-29,Region A,P019,107,109,0.1
2026-05-29,Region A,P020,138,144,1.22
2026-05-29,Region A,P021,139,145,0.88
2026-05-29,Region A,P022,150,155,1.45
2026-05-29,Region A,P023,97,103,1.42
2026-05-29,Region A,P024,84,88,1.15
2026-05-29,Region A,P025,145,154,0.87
2026-05-29,Region A,P026,126,131,0.0
2026-05-29,Region A,P027,106,109,0.76
2026-05-29,Region A,P028,103,107,0.35
2026-05-29,Region A,P029,115,118,0.17
2026-05-29,Region A,P030,110,117,1.08
2026-05-29,Region B,P001,88,93,1.82
2026-05-29,Region B,P002,148,153,0.1
2026-05-29,Region B,P003,139,146,0.51
2026-05-29,Region B,P004,108,110,1.09
2026-05-29,Region B,P005,114,116,0.18
2026-05-29,Region B,P006,131,135,1.86
2026-05-29,Region B,P007,147,150,0.28
2026-05-29,Region B,P008,112,115,0.29
2026-05-29,Region B,P009,96,101,0.46
2026-05-29,Region B,P010,135,137,0.2
2026-05-29,Region B,P011,147,154,1.07
2026-05-29,Region B,P012,110,117,1.33
2026-05-29,Region B,P013,83,88,1.37
2026-05-29,Region B,P014,120,123,0.45
2026-05-29,Region B,P015,121,123,0.99
2026-05-29,Region B,P016,90,94,0.57
2026-05-29,Region B,P017,125,127,0.26
2026-05-29,Region B,P018,80,85,1.51
2026-05-29,Region B,P019,115,120,0.81
2026-05-29,Region B,P020,78,80,0.85
2026-05-29,Region B,P021,145,153,0.47
2026-05-29,Region B,P022,95,100,1.73
2026-05-29,Region B,P023,104,107,0.64
2026-05-29,Region B,P024,123,127,0.27
2026-05-29,Region B,P025,138,147,0.65
2026-05-29,Region B,P026,88,91,0.0
2026-05-29,Region B,P027,94,99,1.55
2026-05-29,Region B,P028,131,138,0.89
2026-05-29,Region B,P029,138,146,1.68
2026-05-29,Region B,P030,118,123,1.25
2026-05-29,Region C,P001,109,112,0.0
2026-05-29,Region C,P002,95,97,0.0
2026-05-29,Region C,P003,113,119,1.15
2026-05-29,Region C,P004,86,89,0.5
2026-05-29,Region C,P005,109,111,0.22
2026-05-29,Region C,P006,122,125,0.45
2026-05-29,Region C,P007,121,128,1.58
2026-05-29,Region C,P008,81,86,1.33
2026-05-29,Region C,P009,84,87,0.93
2026-05-29,Region C,P010,124,131,1.04
2026-05-29,Region C,P011,129,137,1.58
2026-05-29,Region C,P012,83,87,1.28
2026-05-29,Region C,P013,135,142,2.15
2026-05-29,Region C,P014,114,118,0.11
2026-05-29,Region C,P015,139,142,1.12
2026-05-29,Region C,P016,113,116,0.22
2026-05-29,Region C,P017,109,116,1.74
2026-05-29,Region C,P018,149,154,1.52
2026-05-29,Region C,P019,143,152,1.04
2026-05-29,Region C,P020,90,95,0.97
2026-05-29,Region C,P021,124,127,0.27
2026-05-29,Region C,P022,92,97,1.34
2026-05-29,Region C,P023,94,96,0.19
2026-05-29,Region C,P024,116,123,1.92
2026-05-29,Region C,P025,149,156,0.72
2026-05-29,Region C,P026,114,121,0.8
2026-05-29,Region C,P027,89,91,0.62
2026-05-29,Region C,P028,76,80,0.0
2026-05-29,Region C,P029,78,80,0.61
2026-05-29,Region C,P030,89,92,0.49
2026-05-29,Region D,P001,157,159,0.38
2026-05-29,Region D,P002,132,138,0.87
2026-05-29,Region D,P003,131,133,0.83
2026-05-29,Region D,P004,112,118,1.21
2026-05-29,Region D,P005,91,97,0.31
2026-05-29,Region D,P006,100,106,1.47
2026-05-29,Region D,P007,96,100,0.49
2026-05-29,Region D,P008,153,157,0.66
2026-05-29,Region D,P009,107,110,0.13
2026-05-29,Region D,P010,107,111,1.43
2026-05-29,Region D,P011,90,92,0.23
2026-05-29,Region D,P012,118,126,0.93
2026-05-29,Region D,P013,108,110,1.23
2026-05-29,Region D,P014,103,108,1.84
2026-05-29,Region D,P015,132,135,0.66
2026-05-29,Region D,P016,124,132,1.16
2026-05-29,Region D,P017,109,112,0.58
2026-05-29,Region D,P018,99,104,0.43
2026-05-29,Region D,P019,112,118,1.44
2026-05-29,Region D,P020,122,130,1.19
2026-05-29,Region D,P021,140,146,0.65
2026-05-29,Region D,P022,156,158,0.0
2026-05-29,Region D,P023,116,120,0.07
2026-05-29,Region D,P024,112,120,1.72
2026-05-29,Region D,P025,125,129,1.09
2026-05-29,Region D,P026,142,144,0.64
2026-05-29,Region D,P027,130,135,1.09
2026-05-29,Region D,P028,112,119,1.67
2026-05-29,Region D,P029,85,90,1.1
2026-05-29,Region D,P030,140,142,0.36
2026-05-30,Region A,P001,146,148,0.56
2026-05-30,Region A,P002,109,111,1.0
2026-05-30,Region A,P003,145,153,1.15
2026-05-30,Region A,P004,75,80,1.75
2026-05-30,Region A,P005,108,111,1.03
2026-05-30,Region A,P006,83,86,0.36
2026-05-30,Region A,P007,105,109,0.59
2026-05-30,Region A,P008,106,109,0.23
2026-05-30,Region A,P009,103,108,1.04
2026-05-30,Region A,P010,120,122,0.57
2026-05-30,Region A,P011,103,107,0.26
2026-05-30,Region A,P012,148,154,1.29
2026-05-30,Region A,P013,141,144,0.0
2026-05-30,Region A,P014,135,141,0.48
2026-05-30,Region A,P015,148,157,0.79
2026-05-30,Region A,P016,83,87,0.11
2026-05-30,Region A,P017,124,127,0.4
2026-05-30,Region A,P018,87,92,1.52
2026-05-30,Region A,P019,138,140,0.74
2026-05-30,Region A,P020,101,106,0.52
2026-05-30,Region A,P021,150,159,1.23
2026-05-30,Region A,P022,103,105,0.47
2026-05-30,Region A,P023,139,144,0.15
2026-05-30,Region A,P024,128,133,0.88
2026-05-30,Region A,P025,142,148,0.68
2026-05-30,Region A,P026,80,82,0.35
2026-05-30,Region A,P027,137,141,0.94
2026-05-30,Region A,P028,89,91,0.82
2026-05-30,Region A,P029,120,125,0.42
2026-05-30,Region A,P030,153,156,0.37
2026-05-30,Region B,P001,78,80,0.73
2026-05-30,Region B,P002,137,145,1.44
2026-05-30,Region B,P003,97,100,0.27
2026-05-30,Region B,P004,155,158,0.36
2026-05-30,Region B,P005,97,102,0.81
2026-05-30,Region B,P006,85,91,1.86
2026-05-30,Region B,P007,129,135,0.8
2026-05-30,Region B,P008,148,152,0.69
2026-05-30,Region B,P009,76,80,0.87
2026-05-30,Region B,P010,104,108,0.43
2026-05-30,Region B,P011,88,94,0.76
2026-05-30,Region B,P012,134,137,0.0
2026-05-30,Region B,P013,139,145,0.04
2026-05-30,Region B,P014,103,109,1.67
2026-05-30,Region B,P015,87,92,0.61
2026-05-30,Region B,P016,127,134,1.14
2026-05-30,Region B,P017,84,86,1.24
2026-05-30,Region B,P018,115,120,0.87
2026-05-30,Region B,P019,139,143,0.0
2026-05-30,Region B,P020,94,100,0.92
2026-05-30,Region B,P021,84,89,1.34
2026-05-30,Region B,P022,83,87,1.15
2026-05-30,Region B,P023,146,151,0.86
2026-05-30,Region B,P024,98,104,1.18
2026-05-30,Region B,P025,128,135,1.61
2026-05-30,Region B,P026,102,107,1.39
2026-05-30,Region B,P027,128,134,0.78
2026-05-30,Region B,P028,112,118,0.0
2026-05-30,Region B,P029,127,129,0.55
2026-05-30,Region B,P030,118,120,0.42
2026-05-30,Region C,P001,105,112,1.34
2026-05-30,Region C,P002,114,120,0.32
2026-05-30,Region C,P003,141,150,1.91
2026-05-30,Region C,P004,83,86,0.53
2026-05-30,Region C,P005,118,121,0.0
2026-05-30,Region C,P006,150,156,0.47
2026-05-30,Region C,P007,104,111,0.84
2026-05-30,Region C,P008,79,80,0.02
2026-05-30,Region C,P009,114,117,1.65
2026-05-30,Region C,P010,117,122,0.85
2026-05-30,Region C,P011,101,105,0.81
2026-05-30,Region C,P012,96,99,0.0
2026-05-30,Region C,P013,110,113,0.86
2026-05-30,Region C,P014,135,139,1.01
2026-05-30,Region C,P015,83,86,0.55
2026-05-30,Region C,P016,102,104,0.2
2026-05-30,Region C,P017,139,141,0.25
2026-05-30,Region C,P018,149,156,0.39
2026-05-30,Region C,P019,152,156,0.31
2026-05-30,Region C,P020,124,126,0.15
2026-05-30,Region C,P021,136,143,0.9
2026-05-30,Region C,P022,88,94,1.27
2026-05-30,Region C,P023,97,104,2.32
2026-05-30,Region C,P024,149,159,1.79
2026-05-30,Region C,P025,103,106,1.35
2026-05-30,Region C,P026,144,146,0.38
2026-05-30,Region C,P027,108,113,0.53
2026-05-30,Region C,P028,115,123,2.01
2026-05-30,Region C,P029,145,151,0.31
2026-05-30,Region C,P030,79,81,0.0
2026-05-30,Region D,P001,133,139,0.7
2026-05-30,Region D,P002,116,119,0.0
2026-05-30,Region D,P003,104,110,2.57
2026-05-30,Region D,P004,155,158,0.21
2026-05-30,Region D,P005,111,114,0.84
2026-05-30,Region D,P006,105,110,0.44
2026-05-30,Region D,P007,83,86,0.85
2026-05-30,Region D,P008,138,140,0.07
2026-05-30,Region D,P009,91,95,1.4
2026-05-30,Region D,P010,137,141,1.49
2026-05-30,Region D,P011,77,80,1.14
2026-05-30,Region D,P012,80,82,0.2
2026-05-30,Region D,P013,140,145,0.84
2026-05-30,Region D,P014,124,132,0.98
2026-05-30,Region D,P015,99,101,0.77
2026-05-30,Region D,P016,99,101,0.51
2026-05-30,Region D,P017,103,108,0.0
2026-05-30,Region D,P018,89,91,0.13
2026-05-30,Region D,P019,118,123,0.0
2026-05-30,Region D,P020,109,113,0.94
2026-05-30,Region D,P021,77,80,1.31
2026-05-30,Region D,P022,87,89,0.7
2026-05-30,Region D,P023,81,83,0.82
2026-05-30,Region D,P024,89,94,1.33
2026-05-30,Region D,P025,130,136,0.79
2026-05-30,Region D,P026,124,130,0.71
2026-05-30,Region D,P027,96,100,0.98
2026-05-30,Region D,P028,114,120,1.0
2026-05-30,Region D,P029,96,98,1.32
2026-05-30,Region D,P030,99,102,0.52
2026-05-31,Region A,P001,132,138,0.89
2026-05-31,Region A,P002,90,92,0.97
2026-05-31,Region A,P003,80,84,0.0
2026-05-31,Region A,P004,130,135,0.69
2026-05-31,Region A,P005,87,90,0.69
2026-05-31,Region A,P006,151,159,1.33
2026-05-31,Region A,P007,94,98,1.01
2026-05-31,Region A,P008,139,148,0.27
2026-05-31,Region A,P009,116,121,1.21
2026-05-31,Region A,P010,84,89,0.5
2026-05-31,Region A,P011,136,138,0.96
2026-05-31,Region A,P012,77,82,2.03
2026-05-31,Region A,P013,90,95,1.27
2026-05-31,Region A,P014,131,138,0.0
2026-05-31,Region A,P015,86,89,0.45
2026-05-31,Region A,P016,120,125,0.46
2026-05-31,Region A,P017,96,100,0.39
2026-05-31,Region A,P018,145,147,0.46
2026-05-31,Region A,P019,152,158,0.57
2026-05-31,Region A,P020,124,130,1.47
2026-05-31,Region A,P021,109,114,1.65
2026-05-31,Region A,P022,117,119,2.02
2026-05-31,Region A,P023,100,102,0.0
2026-05-31,Region A,P024,82,85,1.6
2026-05-31,Region A,P025,138,146,2.31
2026-05-31,Region A,P026,146,154,1.5
2026-05-31,Region A,P027,120,126,1.03
2026-05-31,Region A,P028,149,153,1.06
2026-05-31,Region A,P029,136,140,1.08
2026-05-31,Region A,P030,102,104,0.0
2026-05-31,Region B,P001,83,86,0.0
2026-05-31,Region B,P002,143,148,1.26
2026-05-31,Region B,P003,100,105,0.27
2026-05-31,Region B,P004,153,156,0.0
2026-05-31,Region B,P005,109,114,1.46
2026-05-31,Region B,P006,135,138,0.72
2026-05-31,Region B,P007,136,144,0.63
2026-05-31,Region B,P008,111,117,1.21
2026-05-31,Region B,P009,138,142,1.1
2026-05-31,Region B,P010,134,136,0.0
2026-05-31,Region B,P011,129,136,1.24
2026-05-31,Region B,P012,141,143,0.37
2026-05-31,Region B,P013,92,94,0.16
2026-05-31,Region B,P014,98,102,1.8
2026-05-31,Region B,P015,138,145,1.46
2026-05-31,Region B,P016,145,149,1.37
2026-05-31,Region B,P017,146,152,0.0
2026-05-31,Region B,P018,105,111,2.41
2026-05-31,Region B,P019,136,143,0.7
2026-05-31,Region B,P020,80,84,0.54
2026-05-31,Region B,P021,112,119,2.19
2026-05-31,Region B,P022,132,140,0.97
2026-05-31,Region B,P023,114,116,0.97
2026-05-31,Region B,P024,88,93,2.12
2026-05-31,Region B,P025,142,149,0.79
2026-05-31,Region B,P026,141,149,0.42
2026-05-31,Region B,P027,121,123,0.39
2026-05-31,Region B,P028,148,151,1.14
2026-05-31,Region B,P029,144,148,0.73
2026-05-31,Region B,P030,140,143,0.0
2026-05-31,Region C,P001,133,139,1.32
2026-05-31,Region C,P002,105,110,1.1
2026-05-31,Region C,P003,146,153,1.42
2026-05-31,Region C,P004,116,120,1.01
2026-05-31,Region C,P005,112,119,1.62
2026-05-31,Region C,P006,102,107,0.38
2026-05-31,Region C,P007,108,113,1.19
2026-05-31,Region C,P008,129,132,0.32
2026-05-31,Region C,P009,136,145,0.71
2026-05-31,Region C,P010,132,135,0.0
2026-05-31,Region C,P011,102,108,2.1
2026-05-31,Region C,P012,86,89,0.74
2026-05-31,Region C,P013,144,150,0.75
2026-05-31,Region C,P014,87,90,0.8
2026-05-31,Region C,P015,93,98,1.02
2026-05-31,Region C,P016,114,118,0.49
2026-05-31,Region C,P017,94,96,1.21
2026-05-31,Region C,P018,152,155,0.81
2026-05-31,Region C,P019,149,155,0.54
2026-05-31,Region C,P020,116,122,1.45
2026-05-31,Region C,P021,119,121,0.15
2026-05-31,Region C,P022,115,117,0.74
2026-05-31,Region C,P023,104,109,1.14
2026-05-31,Region C,P024,80,85,1.28
2026-05-31,Region C,P025,148,151,0.4
2026-05-31,Region C,P026,133,139,0.5
2026-05-31,Region C,P027,109,114,1.16
2026-05-31,Region C,P028,153,159,0.41
2026-05-31,Region C,P029,148,151,0.32
2026-05-31,Region C,P030,91,95,1.27
2026-05-31,Region D,P001,123,129,1.06
2026-05-31,Region D,P002,130,134,1.56
2026-05-31,Region D,P003,105,111,1.88
2026-05-31,Region D,P004,133,141,1.03
2026-05-31,Region D,P005,100,102,0.0
2026-05-31,Region D,P006,133,137,0.47
2026-05-31,Region D,P007,133,135,0.56
2026-05-31,Region D,P008,145,147,0.0
2026-05-31,Region D,P009,82,86,0.91
2026-05-31,Region D,P010,125,132,1.64
2026-05-31,Region D,P011,109,112,0.55
2026-05-31,Region D,P012,100,105,1.0
2026-05-31,Region D,P013,139,148,0.89
2026-05-31,Region D,P014,113,117,1.28
2026-05-31,Region D,P015,106,108,0.51
2026-05-31,Region D,P016,90,95,0.88
2026-05-31,Region D,P017,90,93,0.34
2026-05-31,Region D,P018,129,134,1.38
2026-05-31,Region D,P019,101,108,0.13
2026-05-31,Region D,P020,133,139,0.3
2026-05-31,Region D,P021,127,133,0.79
2026-05-31,Region D,P022,85,90,1.39
2026-05-31,Region D,P023,114,122,1.63
2026-05-31,Region D,P024,102,107,0.71
2026-05-31,Region D,P025,113,117,1.88
2026-05-31,Region D,P026,140,144,0.68
2026-05-31,Region D,P027,100,105,1.35
2026-05-31,Region D,P028,133,141,2.03
2026-05-31,Region D,P029,137,145,1.07
2026-05-31,Region D,P030,149,158,1.64
2026-06-01,Region A,P001,131,138,2.15
2026-06-01,Region A,P002,96,102,1.69
2026-06-01,Region A,P003,116,121,0.99
2026-06-01,Region A,P004,96,102,1.71
2026-06-01,Region A,P005,121,123,0.69
2026-06-01,Region A,P006,149,151,0.39
2026-06-01,Region A,P007,86,89,0.19
2026-06-01,Region A,P008,137,143,1.36
2026-06-01,Region A,P009,114,119,0.95
2026-06-01,Region A,P010,110,117,1.41
2026-06-01,Region A,P011,131,139,0.85
2026-06-01,Region A,P012,119,126,1.13
2026-06-01,Region A,P013,131,136,1.33
2026-06-01,Region A,P014,133,140,1.17
2026-06-01,Region A,P015,117,125,1.39
2026-06-01,Region A,P016,152,157,0.32
2026-06-01,Region A,P017,109,114,0.74
2026-06-01,Region A,P018,130,133,0.2
2026-06-01,Region A,P019,96,98,0.26
2026-06-01,Region A,P020,81,86,1.03
2026-06-01,Region A,P021,80,82,0.25
2026-06-01,Region A,P022,134,142,1.15
2026-06-01,Region A,P023,150,159,1.54
2026-06-01,Region A,P024,125,128,0.21
2026-06-01,Region A,P025,88,93,0.55
2026-06-01,Region A,P026,152,156,0.54
2026-06-01,Region A,P027,137,143,0.56
2026-06-01,Region A,P028,89,94,2.26
2026-06-01,Region A,P029,155,159,0.84
2026-06-01,Region A,P030,106,112,1.23
2026-06-01,Region B,P001,146,148,0.47
2026-06-01,Region B,P002,111,117,1.66
2026-06-01,Region B,P003,153,158,0.51
2026-06-01,Region B,P004,135,143,0.94
2026-06-01,Region B,P005,118,121,0.0
2026-06-01,Region B,P006,136,139,0.1
2026-06-01,Region B,P007,142,148,1.14
2026-06-01,Region B,P008,130,135,0.43
2026-06-01,Region B,P009,85,88,1.41
2026-06-01,Region B,P010,127,129,0.0
2026-06-01,Region B,P011,102,104,0.0
2026-06-01,Region B,P012,150,157,1.44
2026-06-01,Region B,P013,113,119,0.6
2026-06-01,Region B,P014,145,148,0.06
2026-06-01,Region B,P015,118,124,1.26
2026-06-01,Region B,P016,119,126,1.48
2026-06-01,Region B,P017,149,155,0.93
2026-06-01,Region B,P018,150,152,0.82
2026-06-01,Region B,P019,119,124,0.66
2026-06-01,Region B,P020,90,91,0.06
2026-06-01,Region B,P021,95,99,1.3
2026-06-01,Region B,P022,152,155,0.86
2026-06-01,Region B,P023,89,92,0.63
2026-06-01,Region B,P024,114,117,0.73
2026-06-01,Region B,P025,79,84,1.03
2026-06-01,Region B,P026,132,134,0.02
2026-06-01,Region B,P027,155,159,0.59
2026-06-01,Region B,P028,81,85,1.97
2026-06-01,Region B,P029,101,105,1.53
2026-06-01,Region B,P030,120,122,0.49
2026-06-01,Region C,P001,115,121,1.55
2026-06-01,Region C,P002,103,108,0.9
2026-06-01,Region C,P003,151,159,1.55
2026-06-01,Region C,P004,101,104,0.52
2026-06-01,Region C,P005,80,82,0.31
2026-06-01,Region C,P006,115,118,0.31
2026-06-01,Region C,P007,146,154,0.73
2026-06-01,Region C,P008,143,146,0.5
2026-06-01,Region C,P009,76,81,1.13
2026-06-01,Region C,P010,79,82,0.26
2026-06-01,Region C,P011,115,123,0.26
2026-06-01,Region C,P012,92,98,0.69
2026-06-01,Region C,P013,81,86,1.17
2026-06-01,Region C,P014,84,87,0.81
2026-06-01,Region C,P015,92,94,0.0
2026-06-01,Region C,P016,92,95,0.12
2026-06-01,Region C,P017,156,159,0.83
2026-06-01,Region C,P018,96,98,0.08
2026-06-01,Region C,P019,116,118,0.0
2026-06-01,Region C,P020,102,108,1.82
2026-06-01,Region C,P021,115,117,1.26
2026-06-01,Region C,P022,111,114,0.82
2026-06-01,Region C,P023,82,84,0.48
2026-06-01,Region C,P024,117,125,1.82
2026-06-01,Region C,P025,95,101,1.25
2026-06-01,Region C,P026,100,106,1.42
2026-06-01,Region C,P027,81,83,0.03
2026-06-01,Region C,P028,93,99,0.12
2026-06-01,Region C,P029,136,144,0.53
2026-06-01,Region C,P030,127,130,0.47
2026-06-01,Region D,P001,140,144,0.24
2026-06-01,Region D,P002,149,155,0.71
2026-06-01,Region D,P003,123,128,1.53
2026-06-01,Region D,P004,89,94,0.69
2026-06-01,Region D,P005,99,103,1.16
2026-06-01,Region D,P006,100,102,0.98
2026-06-01,Region D,P007,89,95,1.53
2026-06-01,Region D,P008,141,143,0.95
2026-06-01,Region D,P009,123,129,1.42
2026-06-01,Region D,P010,124,130,1.49
2026-06-01,Region D,P011,139,143,1.27
2026-06-01,Region D,P012,94,99,1.42
2026-06-01,Region D,P013,82,87,1.6
2026-06-01,Region D,P014,155,158,0.01
2026-06-01,Region D,P015,101,107,0.86
2026-06-01,Region D,P016,99,105,1.04
2026-06-01,Region D,P017,106,112,0.86
2026-06-01,Region D,P018,85,87,0.64
2026-06-01,Region D,P019,132,135,0.01
2026-06-01,Region D,P020,128,135,1.14
2026-06-01,Region D,P021,82,84,1.04
2026-06-01,Region D,P022,76,81,1.79
2026-06-01,Region D,P023,141,146,1.0
2026-06-01,Region D,P024,94,100,0.84
2026-06-01,Region D,P025,138,146,0.63
2026-06-01,Region D,P026,95,100,2.06
2026-06-01,Region D,P027,122,125,0.0
2026-06-01,Region D,P028,139,144,1.46
2026-06-01,Region D,P029,93,95,1.19
2026-06-01,Region D,P030,86,92,1.13
2026-06-02,Region A,P001,107,111,0.22
2026-06-02,Region A,P002,94,96,0.04
2026-06-02,Region A,P003,117,119,0.09
2026-06-02,Region A,P004,88,90,0.43
2026-06-02,Region A,P005,127,135,0.65
2026-06-02,Region A,P006,130,138,2.09
2026-06-02,Region A,P007,106,110,1.32
2026-06-02,Region A,P008,123,129,0.53
2026-06-02,Region A,P009,127,131,0.8
2026-06-02,Region A,P010,78,80,0.0
2026-06-02,Region A,P011,136,144,1.11
2026-06-02,Region A,P012,128,133,0.55
2026-06-02,Region A,P013,81,85,0.44
2026-06-02,Region A,P014,94,97,0.82
2026-06-02,Region A,P015,118,120,0.16
2026-06-02,Region A,P016,87,89,0.37
2026-06-02,Region A,P017,108,113,0.36
2026-06-02,Region A,P018,146,154,2.07
2026-06-02,Region A,P019,108,115,1.43
2026-06-02,Region A,P020,107,110,0.0
2026-06-02,Region A,P021,105,112,1.82
2026-06-02,Region A,P022,84,88,0.7
2026-06-02,Region A,P023,149,151,0.27
2026-06-02,Region A,P024,116,122,1.01
2026-06-02,Region A,P025,136,143,1.25
2026-06-02,Region A,P026,80,84,1.5
2026-06-02,Region A,P027,146,152,1.49
2026-06-02,Region A,P028,113,119,1.07
2026-06-02,Region A,P029,114,119,0.63
2026-06-02,Region A,P030,88,94,2.18
2026-06-02,Region B,P001,82,84,0.0
2026-06-02,Region B,P002,89,94,1.27
2026-06-02,Region B,P003,154,156,0.49
2026-06-02,Region B,P004,153,159,0.58
2026-06-02,Region B,P005,125,133,2.12
2026-06-02,Region B,P006,115,121,1.94
2026-06-02,Region B,P007,106,112,0.86
2026-06-02,Region B,P008,98,101,0.4
2026-06-02,Region B,P009,122,127,0.62
2026-06-02,Region B,P010,80,83,0.81
2026-06-02,Region B,P011,151,159,0.0
2026-06-02,Region B,P012,93,98,1.0
2026-06-02,Region B,P013,99,103,0.53
2026-06-02,Region B,P014,134,142,1.42
2026-06-02,Region B,P015,100,104,0.46
2026-06-02,Region B,P016,129,132,0.54
2026-06-02,Region B,P017,127,133,0.93
2026-06-02,Region B,P018,147,155,1.0
2026-06-02,Region B,P019,134,140,0.78
2026-06-02,Region B,P020,93,96,1.35
2026-06-02,Region B,P021,91,94,0.8
2026-06-02,Region B,P022,127,135,0.99
2026-06-02,Region B,P023,143,149,1.54
2026-06-02,Region B,P024,130,139,1.6
2026-06-02,Region B,P025,83,88,1.02
2026-06-02,Region B,P026,106,109,0.55
2026-06-02,Region B,P027,136,142,1.19
2026-06-02,Region B,P028,112,115,0.24
2026-06-02,Region B,P029,147,152,1.37
2026-06-02,Region B,P030,97,104,1.88
2026-06-02,Region C,P001,85,86,0.06
2026-06-02,Region C,P002,113,117,1.36
2026-06-02,Region C,P003,135,139,0.23
2026-06-02,Region C,P004,95,100,2.34
2026-06-02,Region C,P005,137,144,0.65
2026-06-02,Region C,P006,104,108,0.92
2026-06-02,Region C,P007,132,137,1.08
2026-06-02,Region C,P008,110,112,0.79
2026-06-02,Region C,P009,152,159,0.59
2026-06-02,Region C,P010,126,132,0.99
2026-06-02,Region C,P011,103,105,1.17
2026-06-02,Region C,P012,104,109,1.27
2026-06-02,Region C,P013,139,144,0.75
2026-06-02,Region C,P014,129,134,0.57
2026-06-02,Region C,P015,92,98,2.0
2026-06-02,Region C,P016,126,128,0.0
2026-06-02,Region C,P017,126,129,0.0
2026-06-02,Region C,P018,87,92,1.08
2026-06-02,Region C,P019,119,123,0.62
2026-06-02,Region C,P020,125,132,1.11
2026-06-02,Region C,P021,126,128,0.15
2026-06-02,Region C,P022,144,152,1.19
2026-06-02,Region C,P023,142,148,0.88
2026-06-02,Region C,P024,86,91,1.7
2026-06-02,Region C,P025,85,89,0.0
2026-06-02,Region C,P026,136,141,0.72
2026-06-02,Region C,P027,125,130,0.77
2026-06-02,Region C,P028,76,80,1.36
2026-06-02,Region C,P029,140,142,1.14
2026-06-02,Region C,P030,116,121,1.41
2026-06-02,Region D,P001,141,144,0.23
2026-06-02,Region D,P002,131,137,1.65
2026-06-02,Region D,P003,89,92,1.15
2026-06-02,Region D,P004,107,114,1.24
2026-06-02,Region D,P005,145,151,1.21
2026-06-02,Region D,P006,91,97,1.45
2026-06-02,Region D,P007,151,155,0.32
2026-06-02,Region D,P008,85,89,0.53
2026-06-02,Region D,P009,122,129,1.07
2026-06-02,Region D,P010,120,122,0.5
2026-06-02,Region D,P011,90,96,1.05
2026-06-02,Region D,P012,138,141,0.0
2026-06-02,Region D,P013,104,109,1.74
2026-06-02,Region D,P014,140,146,0.71
2026-06-02,Region D,P015,148,153,0.29
2026-06-02,Region D,P016,111,114,0.75
2026-06-02,Region D,P017,142,149,1.13
2026-06-02,Region D,P018,118,123,0.89
2026-06-02,Region D,P019,115,118,1.45
2026-06-02,Region D,P020,91,97,1.75
2026-06-02,Region D,P021,129,137,1.82
2026-06-02,Region D,P022,104,107,1.12
2026-06-02,Region D,P023,87,89,0.0
2026-06-02,Region D,P024,110,115,0.56
2026-06-02,Region D,P025,132,140,1.88
2026-06-02,Region D,P026,154,159,0.9
2026-06-02,Region D,P027,84,85,0.0
2026-06-02,Region D,P028,156,159,0.22
2026-06-02,Region D,P029,119,126,1.02
2026-06-02,Region D,P030,100,106,1.25
2026-06-03,Region A,P001,120,122,1.14
2026-06-03,Region A,P002,115,117,0.07
2026-06-03,Region A,P003,148,151,0.51
2026-06-03,Region A,P004,152,155,0.33
2026-06-03,Region A,P005,98,105,0.77
2026-06-03,Region A,P006,80,84,0.6
2026-06-03,Region A,P007,139,145,0.88
2026-06-03,Region A,P008,80,83,0.68
2026-06-03,Region A,P009,105,112,1.3
2026-06-03,Region A,P010,111,118,1.96
2026-06-03,Region A,P011,122,126,1.2
2026-06-03,Region A,P012,121,125,0.62
2026-06-03,Region A,P013,149,152,0.25
2026-06-03,Region A,P014,104,106,0.0
2026-06-03,Region A,P015,87,91,1.57
2026-06-03,Region A,P016,100,103,0.53
2026-06-03,Region A,P017,129,132,0.91
2026-06-03,Region A,P018,107,113,1.91
2026-06-03,Region A,P019,136,140,0.59
2026-06-03,Region A,P020,107,110,0.73
2026-06-03,Region A,P021,88,90,0.97
2026-06-03,Region A,P022,111,118,1.99
2026-06-03,Region A,P023,100,105,1.47
2026-06-03,Region A,P024,85,88,0.0
2026-06-03,Region A,P025,113,116,0.49
2026-06-03,Region A,P026,93,99,1.39
2026-06-03,Region A,P027,98,104,0.9
2026-06-03,Region A,P028,144,150,0.0
2026-06-03,Region A,P029,132,140,1.5
2026-06-03,Region A,P030,106,113,1.23
2026-06-03,Region B,P001,123,127,0.21
2026-06-03,Region B,P002,81,85,0.5
2026-06-03,Region B,P003,87,93,1.4
2026-06-03,Region B,P004,90,93,0.88
2026-06-03,Region B,P005,111,116,1.58
2026-06-03,Region B,P006,117,120,0.8
2026-06-03,Region B,P007,139,148,1.19
2026-06-03,Region B,P008,100,106,0.49
2026-06-03,Region B,P009,84,88,1.45
2026-06-03,Region B,P010,121,126,1.23
2026-06-03,Region B,P011,114,116,0.41
2026-06-03,Region B,P012,97,99,0.67
2026-06-03,Region B,P013,116,123,0.94
2026-06-03,Region B,P014,123,127,0.63
2026-06-03,Region B,P015,150,155,0.74
2026-06-03,Region B,P016,150,159,1.99
2026-06-03,Region B,P017,116,118,0.1
2026-06-03,Region B,P018,124,130,0.75
2026-06-03,Region B,P019,134,141,0.62
2026-06-03,Region B,P020,141,145,0.75
2026-06-03,Region B,P021,114,118,0.92
2026-06-03,Region B,P022,99,103,1.23
2026-06-03,Region B,P023,130,133,0.29
2026-06-03,Region B,P024,125,130,1.88
2026-06-03,Region B,P025,119,125,0.61
2026-06-03,Region B,P026,125,129,0.49
2026-06-03,Region B,P027,134,143,1.15
2026-06-03,Region B,P028,133,136,1.16
2026-06-03,Region B,P029,97,101,0.38
2026-06-03,Region B,P030,76,80,2.19
2026-06-03,Region C,P001,142,151,1.94
2026-06-03,Region C,P002,120,128,1.67
2026-06-03,Region C,P003,115,120,0.92
2026-06-03,Region C,P004,135,141,0.64
2026-06-03,Region C,P005,75,80,0.81
2026-06-03,Region C,P006,117,122,0.65
2026-06-03,Region C,P007,91,97,1.94
2026-06-03,Region C,P008,138,141,1.2
2026-06-03,Region C,P009,109,113,1.44
2026-06-03,Region C,P010,138,147,0.85
2026-06-03,Region C,P011,130,138,1.44
2026-06-03,Region C,P012,117,119,0.34
2026-06-03,Region C,P013,135,144,1.45
2026-06-03,Region C,P014,118,122,1.81
2026-06-03,Region C,P015,114,116,0.23
2026-06-03,Region C,P016,137,143,1.01
2026-06-03,Region C,P017,91,95,0.54
2026-06-03,Region C,P018,123,131,1.92
2026-06-03,Region C,P019,84,87,0.8
2026-06-03,Region C,P020,99,103,0.76
2026-06-03,Region C,P021,149,153,0.34
2026-06-03,Region C,P022,103,108,1.79
2026-06-03,Region C,P023,125,131,0.55
2026-06-03,Region C,P024,112,115,1.07
2026-06-03,Region C,P025,146,150,0.5
2026-06-03,Region C,P026,102,107,2.16
2026-06-03,Region C,P027,149,157,0.65
2026-06-03,Region C,P028,85,88,0.18
2026-06-03,Region C,P029,123,130,1.28
2026-06-03,Region C,P030,153,156,0.72
2026-06-03,Region D,P001,148,153,0.0
2026-06-03,Region D,P002,117,124,1.04
2026-06-03,Region D,P003,144,150,0.67
2026-06-03,Region D,P004,132,139,1.17
2026-06-03,Region D,P005,147,156,0.52
2026-06-03,Region D,P006,129,134,1.81
2026-06-03,Region D,P007,95,97,0.24
2026-06-03,Region D,P008,84,86,0.0
2026-06-03,Region D,P009,121,127,1.12
2026-06-03,Region D,P010,144,154,1.53
2026-06-03,Region D,P011,136,143,1.54
2026-06-03,Region D,P012,136,145,1.28
2026-06-03,Region D,P013,141,144,1.37
2026-06-03,Region D,P014,128,133,0.92
2026-06-03,Region D,P015,123,125,0.21
2026-06-03,Region D,P016,93,97,1.23
2026-06-03,Region D,P017,120,122,0.04
2026-06-03,Region D,P018,116,118,0.51
2026-06-03,Region D,P019,88,93,0.96
2026-06-03,Region D,P020,135,138,0.28
2026-06-03,Region D,P021,104,107,0.64
2026-06-03,Region D,P022,89,94,0.75
2026-06-03,Region D,P023,120,122,0.0
2026-06-03,Region D,P024,88,92,0.4
2026-06-03,Region D,P025,103,109,0.84
2026-06-03,Region D,P026,133,135,0.75
2026-06-03,Region D,P027,120,124,0.56
2026-06-03,Region D,P028,97,100,1.61
2026-06-03,Region D,P029,131,138,1.33
2026-06-03,Region D,P030,89,94,0.09
2026-06-04,Region A,P001,143,146,0.28
2026-06-04,Region A,P002,117,124,1.85
2026-06-04,Region A,P003,131,139,2.28
2026-06-04,Region A,P004,134,139,0.0
2026-06-04,Region A,P005,101,103,0.05
2026-06-04,Region A,P006,128,135,0.79
2026-06-04,Region A,P007,99,105,1.43
2026-06-04,Region A,P008,85,88,0.45
2026-06-04,Region A,P009,153,159,0.0
2026-06-04,Region A,P010,122,128,1.07
2026-06-04,Region A,P011,119,124,1.09
2026-06-04,Region A,P012,96,101,1.11
2026-06-04,Region A,P013,81,82,0.0
2026-06-04,Region A,P014,113,117,1.8
2026-06-04,Region A,P015,83,85,0.55
2026-06-04,Region A,P016,79,82,0.01
2026-06-04,Region A,P017,83,86,1.28
2026-06-04,Region A,P018,124,127,0.31
2026-06-04,Region A,P019,82,85,0.4
2026-06-04,Region A,P020,103,105,0.24
2026-06-04,Region A,P021,148,152,0.0
2026-06-04,Region A,P022,110,117,1.7
2026-06-04,Region A,P023,94,100,1.54
2026-06-04,Region A,P024,83,87,0.16
2026-06-04,Region A,P025,133,140,1.24
2026-06-04,Region A,P026,98,101,0.53
2026-06-04,Region A,P027,108,113,0.65
2026-06-04,Region A,P028,95,101,1.01
2026-06-04,Region A,P029,136,145,1.08
2026-06-04,Region A,P030,76,80,0.98
2026-06-04,Region B,P001,82,86,1.43
2026-06-04,Region B,P002,106,110,0.57
2026-06-04,Region B,P003,126,128,0.67
2026-06-04,Region B,P004,142,145,0.78
2026-06-04,Region B,P005,80,84,0.99
2026-06-04,Region B,P006,132,136,1.35
2026-06-04,Region B,P007,149,151,0.0
2026-06-04,Region B,P008,130,139,2.31
2026-06-04,Region B,P009,127,131,1.05
2026-06-04,Region B,P010,88,93,1.29
2026-06-04,Region B,P011,112,118,0.6
2026-06-04,Region B,P012,147,152,0.34
2026-06-04,Region B,P013,80,85,1.39
2026-06-04,Region B,P014,144,152,0.89
2026-06-04,Region B,P015,89,91,0.14
2026-06-04,Region B,P016,131,136,0.0
2026-06-04,Region B,P017,128,131,0.58
2026-06-04,Region B,P018,153,159,0.95
2026-06-04,Region B,P019,139,147,0.65
2026-06-04,Region B,P020,92,97,1.21
2026-06-04,Region B,P021,83,86,1.0
2026-06-04,Region B,P022,139,147,1.28
2026-06-04,Region B,P023,149,158,0.7
2026-06-04,Region B,P024,148,152,0.5
2026-06-04,Region B,P025,110,114,0.72
2026-06-04,Region B,P026,118,123,1.45
2026-06-04,Region B,P027,81,86,0.88
2026-06-04,Region B,P028,104,107,0.64
2026-06-04,Region B,P029,136,143,1.52
2026-06-04,Region B,P030,112,119,1.59
2026-06-04,Region C,P001,143,152,1.59
2026-06-04,Region C,P002,97,101,0.63
2026-06-04,Region C,P003,151,159,0.81
2026-06-04,Region C,P004,122,128,1.28
2026-06-04,Region C,P005,131,134,0.07
2026-06-04,Region C,P006,126,130,0.74
2026-06-04,Region C,P007,119,121,0.59
2026-06-04,Region C,P008,145,148,0.17
2026-06-04,Region C,P009,81,84,1.67
2026-06-04,Region C,P010,107,113,1.28
2026-06-04,Region C,P011,141,148,0.46
2026-06-04,Region C,P012,78,81,1.33
2026-06-04,Region C,P013,131,139,2.13
2026-06-04,Region C,P014,103,107,1.64
2026-06-04,Region C,P015,153,159,0.07
2026-06-04,Region C,P016,86,92,0.95
2026-06-04,Region C,P017,77,80,0.42
2026-06-04,Region C,P018,115,121,0.89
2026-06-04,Region C,P019,111,114,0.63
2026-06-04,Region C,P020,140,147,1.15
2026-06-04,Region C,P021,80,85,1.27
2026-06-04,Region C,P022,153,159,0.93
2026-06-04,Region C,P023,150,156,0.17
2026-06-04,Region C,P024,130,136,1.44
2026-06-04,Region C,P025,132,135,0.56
2026-06-04,Region C,P026,141,147,0.98
2026-06-04,Region C,P027,117,121,0.75
2026-06-04,Region C,P028,153,158,0.84
2026-06-04,Region C,P029,90,91,0.21
2026-06-04,Region C,P030,123,127,0.17
2026-06-04,Region D,P001,78,80,0.05
2026-06-04,Region D,P002,78,80,0.89
2026-06-04,Region D,P003,134,136,0.25
2026-06-04,Region D,P004,110,117,2.1
2026-06-04,Region D,P005,82,84,0.39
2026-06-04,Region D,P006,87,90,0.89
2026-06-04,Region D,P007,111,117,1.61
2026-06-04,Region D,P008,81,86,1.05
2026-06-04,Region D,P009,98,103,0.9
2026-06-04,Region D,P010,95,101,0.72
2026-06-04,Region D,P011,123,131,1.68
2026-06-04,Region D,P012,114,122,1.73
2026-06-04,Region D,P013,100,106,0.77
2026-06-04,Region D,P014,97,103,1.28
2026-06-04,Region D,P015,109,112,0.25
2026-06-04,Region D,P016,110,118,2.01
2026-06-04,Region D,P017,144,147,0.0
2026-06-04,Region D,P018,76,80,1.47
2026-06-04,Region D,P019,120,125,0.76
2026-06-04,Region D,P020,108,110,0.0
2026-06-04,Region D,P021,90,95,1.12
2026-06-04,Region D,P022,153,159,1.86
2026-06-04,Region D,P023,84,87,0.94
2026-06-04,Region D,P024,90,94,0.81
2026-06-04,Region D,P025,140,149,0.97
2026-06-04,Region D,P026,87,89,0.14
2026-06-04,Region D,P027,106,113,0.43
2026-06-04,Region D,P028,138,141,0.37
2026-06-04,Region D,P029,79,82,0.61
2026-06-04,Region D,P030,123,130,1.63
2026-06-05,Region A,P001,128,135,1.82
2026-06-05,Region A,P002,114,119,0.97
2026-06-05,Region A,P003,100,102,1.12
2026-06-05,Region A,P004,113,115,0.0
2026-06-05,Region A,P005,101,103,0.75
2026-06-05,Region A,P006,139,142,0.0
2026-06-05,Region A,P007,134,143,0.61
2026-06-05,Region A,P008,116,118,0.77
2026-06-05,Region A,P009,136,144,1.82
2026-06-05,Region A,P010,149,156,0.88
2026-06-05,Region A,P011,78,80,0.0
2026-06-05,Region A,P012,103,107,0.41
2026-06-05,Region A,P013,96,100,0.0
2026-06-05,Region A,P014,138,141,0.72
2026-06-05,Region A,P015,97,101,1.16
2026-06-05,Region A,P016,114,117,0.5
2026-06-05,Region A,P017,128,134,1.37
2026-06-05,Region A,P018,126,132,0.24
2026-06-05,Region A,P019,130,136,0.73
2026-06-05,Region A,P020,145,154,0.41
2026-06-05,Region A,P021,97,99,1.06
2026-06-05,Region A,P022,130,137,0.95
2026-06-05,Region A,P023,129,134,0.84
2026-06-05,Region A,P024,150,157,1.26
2026-06-05,Region A,P025,151,155,1.08
2026-06-05,Region A,P026,88,90,0.0
2026-06-05,Region A,P027,116,121,0.85
2026-06-05,Region A,P028,83,87,0.32
2026-06-05,Region A,P029,146,151,0.05
2026-06-05,Region A,P030,90,92,0.86
2026-06-05,Region B,P001,123,126,0.02
2026-06-05,Region B,P002,113,119,0.29
2026-06-05,Region B,P003,149,153,1.39
2026-06-05,Region B,P004,104,106,0.0
2026-06-05,Region B,P005,92,98,1.92
2026-06-05,Region B,P006,111,113,0.0
2026-06-05,Region B,P007,117,120,1.07
2026-06-05,Region B,P008,137,144,1.24
2026-06-05,Region B,P009,148,157,0.88
2026-06-05,Region B,P010,97,99,0.58
2026-06-05,Region B,P011,115,121,0.63
2026-06-05,Region B,P012,120,126,0.96
2026-06-05,Region B,P013,103,106,1.28
2026-06-05,Region B,P014,153,159,0.24
2026-06-05,Region B,P015,119,126,0.83
2026-06-05,Region B,P016,86,90,0.74
2026-06-05,Region B,P017,89,92,1.43
2026-06-05,Region B,P018,102,105,0.68
2026-06-05,Region B,P019,85,91,1.98
2026-06-05,Region B,P020,129,134,1.26
2026-06-05,Region B,P021,105,110,0.47
2026-06-05,Region B,P022,78,84,1.95
2026-06-05,Region B,P023,149,153,0.0
2026-06-05,Region B,P024,98,105,1.23
2026-06-05,Region B,P025,122,125,0.91
2026-06-05,Region B,P026,129,134,1.38
2026-06-05,Region B,P027,95,97,0.68
2026-06-05,Region B,P028,152,155,0.0
2026-06-05,Region B,P029,152,154,0.05
2026-06-05,Region B,P030,133,137,1.05
2026-06-05,Region C,P001,108,115,0.76
2026-06-05,Region C,P002,132,135,0.68
2026-06-05,Region C,P003,146,154,1.7
2026-06-05,Region C,P004,122,128,1.34
2026-06-05,Region C,P005,101,104,0.42
2026-06-05,Region C,P006,85,90,1.6
2026-06-05,Region C,P007,112,117,1.64
2026-06-05,Region C,P008,96,101,2.15
2026-06-05,Region C,P009,83,88,0.76
2026-06-05,Region C,P010,88,93,1.84
2026-06-05,Region C,P011,146,155,1.81
2026-06-05,Region C,P012,139,148,1.31
2026-06-05,Region C,P013,99,105,1.09
2026-06-05,Region C,P014,92,96,1.63
2026-06-05,Region C,P015,134,140,0.46
2026-06-05,Region C,P016,137,142,0.57
2026-06-05,Region C,P017,115,122,1.28
2026-06-05,Region C,P018,102,104,0.0
2026-06-05,Region C,P019,79,80,0.83
2026-06-05,Region C,P020,113,120,1.68
2026-06-05,Region C,P021,115,122,0.82
2026-06-05,Region C,P022,145,152,0.85
2026-06-05,Region C,P023,143,146,0.57
2026-06-05,Region C,P024,132,138,1.16
2026-06-05,Region C,P025,125,132,1.72
2026-06-05,Region C,P026,99,102,0.9
2026-06-05,Region C,P027,142,151,1.31
2026-06-05,Region C,P028,80,84,0.98
2026-06-05,Region C,P029,121,124,0.76
2026-06-05,Region C,P030,139,145,0.82
2026-06-05,Region D,P001,109,114,1.21
2026-06-05,Region D,P002,93,98,1.29
2026-06-05,Region D,P003,94,96,0.79
2026-06-05,Region D,P004,129,132,0.0
2026-06-05,Region D,P005,136,144,1.49
2026-06-05,Region D,P006,142,148,1.2
2026-06-05,Region D,P007,138,142,0.03
2026-06-05,Region D,P008,121,127,1.31
2026-06-05,Region D,P009,140,142,0.0
2026-06-05,Region D,P010,96,99,0.55
2026-06-05,Region D,P011,93,99,0.59
2026-06-05,Region D,P012,133,138,0.48
2026-06-05,Region D,P013,127,134,1.2
2026-06-05,Region D,P014,116,121,1.6
2026-06-05,Region D,P015,151,154,0.02
2026-06-05,Region D,P016,92,98,2.07
2026-06-05,Region D,P017,104,106,1.16
2026-06-05,Region D,P018,128,136,2.05
2026-06-05,Region D,P019,125,131,0.21
2026-06-05,Region D,P020,138,145,1.99
2026-06-05,Region D,P021,134,138,0.81
2026-06-05,Region D,P022,108,112,0.61
2026-06-05,Region D,P023,92,96,0.76
2026-06-05,Region D,P024,115,119,0.05
2026-06-05,Region D,P025,153,158,0.52
2026-06-05,Region D,P026,85,90,2.11
2026-06-05,Region D,P027,101,104,0.73
2026-06-05,Region D,P028,113,115,0.68
2026-06-05,Region D,P029,79,84,0.85
2026-06-05,Region D,P030,84,86,1.05
2026-06-06,Region A,P001,155,158,0.38
2026-06-06,Region A,P002,123,126,1.12
2026-06-06,Region A,P003,87,93,1.06
2026-06-06,Region A,P004,121,123,0.24
2026-06-06,Region A,P005,133,138,0.69
2026-06-06,Region A,P006,110,116,2.38
2026-06-06,Region A,P007,133,139,1.61
2026-06-06,Region A,P008,120,126,1.2
2026-06-06,Region A,P009,105,111,0.26
2026-06-06,Region A,P010,142,150,0.43
2026-06-06,Region A,P011,114,118,0.0
2026-06-06,Region A,P012,87,92,1.44
2026-06-06,Region A,P013,143,145,0.0
2026-06-06,Region A,P014,127,133,0.37
2026-06-06,Region A,P015,99,102,0.95
2026-06-06,Region A,P016,142,146,0.5
2026-06-06,Region A,P017,96,101,1.17
2026-06-06,Region A,P018,126,130,0.44
2026-06-06,Region A,P019,116,121,1.29
2026-06-06,Region A,P020,148,156,1.37
2026-06-06,Region A,P021,102,108,1.18
2026-06-06,Region A,P022,104,109,1.14
2026-06-06,Region A,P023,83,86,0.89
2026-06-06,Region A,P024,156,159,0.25
2026-06-06,Region A,P025,98,101,0.62
2026-06-06,Region A,P026,113,120,1.72
2026-06-06,Region A,P027,95,97,0.0
2026-06-06,Region A,P028,98,104,1.24
2026-06-06,Region A,P029,137,143,0.78
2026-06-06,Region A,P030,116,120,1.84
2026-06-06,Region B,P001,115,118,1.23
2026-06-06,Region B,P002,80,85,1.64
2026-06-06,Region B,P003,119,127,1.29
2026-06-06,Region B,P004,148,153,1.66
2026-06-06,Region B,P005,92,95,0.64
2026-06-06,Region B,P006,134,139,0.31
2026-06-06,Region B,P007,97,100,0.75
2026-06-06,Region B,P008,84,86,0.08
2026-06-06,Region B,P009,115,118,0.02
2026-06-06,Region B,P010,107,113,1.44
2026-06-06,Region B,P011,144,151,1.8
2026-06-06,Region B,P012,137,144,0.76
2026-06-06,Region B,P013,121,125,1.02
2026-06-06,Region B,P014,107,110,0.6
2026-06-06,Region B,P015,123,126,0.96
2026-06-06,Region B,P016,147,155,1.42
2026-06-06,Region B,P017,130,134,0.48
2026-06-06,Region B,P018,115,119,0.87
2026-06-06,Region B,P019,95,97,0.0
2026-06-06,Region B,P020,113,115,0.9
2026-06-06,Region B,P021,89,91,0.44
2026-06-06,Region B,P022,98,101,0.83
2026-06-06,Region B,P023,93,97,0.07
2026-06-06,Region B,P024,126,129,0.3
2026-06-06,Region B,P025,106,113,1.41
2026-06-06,Region B,P026,151,154,0.78
2026-06-06,Region B,P027,112,119,1.01
2026-06-06,Region B,P028,79,81,0.32
2026-06-06,Region B,P029,120,126,1.32
2026-06-06,Region B,P030,92,97,0.49
2026-06-06,Region C,P001,87,93,1.94
2026-06-06,Region C,P002,128,131,0.0
2026-06-06,Region C,P003,123,126,0.24
2026-06-06,Region C,P004,93,96,0.38
2026-06-06,Region C,P005,85,90,1.01
2026-06-06,Region C,P006,118,122,1.01
2026-06-06,Region C,P007,84,88,1.32
2026-06-06,Region C,P008,105,109,0.59
2026-06-06,Region C,P009,79,83,0.3
2026-06-06,Region C,P010,82,85,1.06
2026-06-06,Region C,P011,117,124,1.92
2026-06-06,Region C,P012,104,111,1.3
2026-06-06,Region C,P013,80,83,0.98
2026-06-06,Region C,P014,132,140,0.6
2026-06-06,Region C,P015,79,81,0.73
2026-06-06,Region C,P016,99,106,1.39
2026-06-06,Region C,P017,101,106,0.76
2026-06-06,Region C,P018,108,114,1.35
2026-06-06,Region C,P019,115,118,1.55
2026-06-06,Region C,P020,116,119,0.68
2026-06-06,Region C,P021,151,155,1.83
2026-06-06,Region C,P022,99,104,1.48
2026-06-06,Region C,P023,84,86,0.45
2026-06-06,Region C,P024,110,114,1.25
2026-06-06,Region C,P025,151,156,0.42
2026-06-06,Region C,P026,118,121,0.77
2026-06-06,Region C,P027,143,153,1.72
2026-06-06,Region C,P028,141,144,0.59
2026-06-06,Region C,P029,91,97,0.69
2026-06-06,Region C,P030,128,134,1.56
2026-06-06,Region D,P001,124,132,2.17
2026-06-06,Region D,P002,88,92,0.65
2026-06-06,Region D,P003,118,123,0.68
2026-06-06,Region D,P004,96,98,0.0
2026-06-06,Region D,P005,127,131,1.19
2026-06-06,Region D,P006,127,129,0.62
2026-06-06,Region D,P007,76,80,1.67
2026-06-06,Region D,P008,152,156,0.35
2026-06-06,Region D,P009,121,125,0.89
2026-06-06,Region D,P010,144,151,0.72
2026-06-06,Region D,P011,87,92,0.8
2026-06-06,Region D,P012,92,98,0.8
2026-06-06,Region D,P013,90,93,0.53
2026-06-06,Region D,P014,101,105,0.74
2026-06-06,Region D,P015,128,132,1.28
2026-06-06,Region D,P016,103,105,2.2
2026-06-06,Region D,P017,112,118,1.67
2026-06-06,Region D,P018,112,114,1.09
2026-06-06,Region D,P019,149,157,0.24
2026-06-06,Region D,P020,92,95,0.29
2026-06-06,Region D,P021,116,123,1.81
2026-06-06,Region D,P022,128,136,0.89
2026-06-06,Region D,P023,80,84,1.38
2026-06-06,Region D,P024,94,100,0.49
2026-06-06,Region D,P025,138,145,0.84
2026-06-06,Region D,P026,104,108,1.63
2026-06-06,Region D,P027,136,139,1.09
2026-06-06,Region D,P028,125,129,0.61
2026-06-06,Region D,P029,146,153,1.41
2026-06-06,Region D,P030,140,143,1.25
2026-06-07,Region A,P001,125,129,0.95
2026-06-07,Region A,P002,131,133,0.0
2026-06-07,Region A,P003,123,125,0.0
2026-06-07,Region A,P004,108,113,0.48
2026-06-07,Region A,P005,80,83,1.16
2026-06-07,Region A,P006,140,143,0.93
2026-06-07,Region A,P007,100,103,0.48
2026-06-07,Region A,P008,150,157,0.15
2026-06-07,Region A,P009,133,139,0.69
2026-06-07,Region A,P010,154,159,0.7
2026-06-07,Region A,P011,86,88,0.17
2026-06-07,Region A,P012,84,86,0.6
2026-06-07,Region A,P013,89,91,0.0
2026-06-07,Region A,P014,132,138,1.57
2026-06-07,Region A,P015,92,97,1.86
2026-06-07,Region A,P016,91,97,0.92
2026-06-07,Region A,P017,111,113,0.78
2026-06-07,Region A,P018,99,106,1.02
2026-06-07,Region A,P019,143,146,0.88
2026-06-07,Region A,P020,82,86,0.78
2026-06-07,Region A,P021,88,92,0.81
2026-06-07,Region A,P022,140,146,1.45
2026-06-07,Region A,P023,79,82,0.26
2026-06-07,Region A,P024,152,157,0.89
2026-06-07,Region A,P025,108,112,1.31
2026-06-07,Region A,P026,84,88,0.37
2026-06-07,Region A,P027,84,86,0.97
2026-06-07,Region A,P028,141,150,1.29
2026-06-07,Region A,P029,120,126,0.89
2026-06-07,Region A,P030,135,138,0.5
2026-06-07,Region B,P001,108,113,1.15
2026-06-07,Region B,P002,146,153,0.98
2026-06-07,Region B,P003,149,156,1.59
2026-06-07,Region B,P004,134,137,0.0
2026-06-07,Region B,P005,78,80,1.07
2026-06-07,Region B,P006,127,133,0.08
2026-06-07,Region B,P007,123,128,1.09
2026-06-07,Region B,P008,143,149,1.11
2026-06-07,Region B,P009,142,144,0.36
2026-06-07,Region B,P010,103,109,1.23
2026-06-07,Region B,P011,111,118,2.3
2026-06-07,Region B,P012,115,122,0.59
2026-06-07,Region B,P013,108,111,0.21
2026-06-07,Region B,P014,134,139,0.3
2026-06-07,Region B,P015,126,134,2.27
2026-06-07,Region B,P016,98,104,0.24
2026-06-07,Region B,P017,94,100,1.34
2026-06-07,Region B,P018,88,90,0.78
2026-06-07,Region B,P019,120,127,1.2
2026-06-07,Region B,P020,150,154,0.44
2026-06-07,Region B,P021,143,149,0.77
2026-06-07,Region B,P022,144,152,1.23
2026-06-07,Region B,P023,101,105,1.14
2026-06-07,Region B,P024,106,110,1.1
2026-06-07,Region B,P025,113,115,0.36
2026-06-07,Region B,P026,129,136,1.24
2026-06-07,Region B,P027,129,134,1.32
2026-06-07,Region B,P028,117,124,1.33
2026-06-07,Region B,P029,104,110,0.73
2026-06-07,Region B,P030,80,83,0.7
2026-06-07,Region C,P001,117,121,0.75
2026-06-07,Region C,P002,131,137,1.87
2026-06-07,Region C,P003,90,92,1.08
2026-06-07,Region C,P004,150,152,0.29
2026-06-07,Region C,P005,142,146,0.79
2026-06-07,Region C,P006,151,159,0.29
2026-06-07,Region C,P007,129,133,0.72
2026-06-07,Region C,P008,85,91,1.48
2026-06-07,Region C,P009,89,92,0.33
2026-06-07,Region C,P010,141,144,0.6
2026-06-07,Region C,P011,99,102,1.21
2026-06-07,Region C,P012,98,102,0.88
2026-06-07,Region C,P013,79,82,0.53
2026-06-07,Region C,P014,137,142,0.69
2026-06-07,Region C,P015,113,118,2.25
2026-06-07,Region C,P016,123,128,0.88
2026-06-07,Region C,P017,129,137,1.83
2026-06-07,Region C,P018,125,132,1.16
2026-06-07,Region C,P019,82,84,0.03
2026-06-07,Region C,P020,82,84,0.95
2026-06-07,Region C,P021,131,136,1.4
2026-06-07,Region C,P022,154,158,0.0
2026-06-07,Region C,P023,122,128,1.3
2026-06-07,Region C,P024,108,112,0.27
2026-06-07,Region C,P025,131,139,2.2
2026-06-07,Region C,P026,100,105,1.05
2026-06-07,Region C,P027,85,87,0.03
2026-06-07,Region C,P028,130,138,0.93
2026-06-07,Region C,P029,142,147,0.83
2026-06-07,Region C,P030,103,110,1.63
2026-06-07,Region D,P001,83,88,0.95
2026-06-07,Region D,P002,85,88,0.68
2026-06-07,Region D,P003,148,155,1.0
2026-06-07,Region D,P004,98,102,0.47
2026-06-07,Region D,P005,144,149,0.38
2026-06-07,Region D,P006,114,121,1.21
2026-06-07,Region D,P007,124,131,0.48
2026-06-07,Region D,P008,135,141,1.46
2026-06-07,Region D,P009,115,117,0.61
2026-06-07,Region D,P010,139,142,0.0
2026-06-07,Region D,P011,88,93,0.34
2026-06-07,Region D,P012,114,119,1.3
2026-06-07,Region D,P013,99,104,0.49
2026-06-07,Region D,P014,137,140,0.0
2026-06-07,Region D,P015,152,157,0.99
2026-06-07,Region D,P016,140,147,1.42
2026-06-07,Region D,P017,113,120,2.35
2026-06-07,Region D,P018,84,86,0.24
2026-06-07,Region D,P019,91,95,0.63
2026-06-07,Region D,P020,145,151,1.05
2026-06-07,Region D,P021,93,96,0.36
2026-06-07,Region D,P022,116,121,1.2
2026-06-07,Region D,P023,109,115,1.07
2026-06-07,Region D,P024,126,130,0.25
2026-06-07,Region D,P025,129,134,1.2
2026-06-07,Region D,P026,85,89,0.57
2026-06-07,Region D,P027,144,148,0.07
2026-06-07,Region D,P028,94,100,1.0
2026-06-07,Region D,P029,147,154,0.99
2026-06-07,Region D,P030,81,86,0.93
2026-06-08,Region A,P001,77,81,0.97
2026-06-08,Region A,P002,88,93,1.5
2026-06-08,Region A,P003,151,153,0.35
2026-06-08,Region A,P004,133,141,2.11
2026-06-08,Region A,P005,112,117,0.82
2026-06-08,Region A,P006,132,139,0.04
2026-06-08,Region A,P007,130,138,1.67
2026-06-08,Region A,P008,133,141,0.63
2026-06-08,Region A,P009,98,104,1.48
2026-06-08,Region A,P010,148,155,1.08
2026-06-08,Region A,P011,134,138,1.64
2026-06-08,Region A,P012,132,138,1.59
2026-06-08,Region A,P013,123,129,1.46
2026-06-08,Region A,P014,142,147,0.94
2026-06-08,Region A,P015,89,93,1.69
2026-06-08,Region A,P016,116,118,0.0
2026-06-08,Region A,P017,90,96,1.24
2026-06-08,Region A,P018,92,96,0.96
2026-06-08,Region A,P019,93,98,0.63
2026-06-08,Region A,P020,148,154,0.87
2026-06-08,Region A,P021,118,121,0.86
2026-06-08,Region A,P022,95,101,1.63
2026-06-08,Region A,P023,139,144,0.67
2026-06-08,Region A,P024,131,140,1.44
2026-06-08,Region A,P025,132,140,1.31
2026-06-08,Region A,P026,113,115,0.5
2026-06-08,Region A,P027,127,133,1.48
2026-06-08,Region A,P028,145,147,0.52
2026-06-08,Region A,P029,146,148,0.42
2026-06-08,Region A,P030,108,112,0.37
2026-06-08,Region B,P001,85,88,0.53
2026-06-08,Region B,P002,100,102,0.63
2026-06-08,Region B,P003,98,102,1.59
2026-06-08,Region B,P004,96,99,1.0
2026-06-08,Region B,P005,107,110,1.46
2026-06-08,Region B,P006,93,99,1.31
2026-06-08,Region B,P007,129,138,0.83
2026-06-08,Region B,P008,142,146,0.0
2026-06-08,Region B,P009,116,118,0.0
2026-06-08,Region B,P010,130,137,0.96
2026-06-08,Region B,P011,115,117,0.0
2026-06-08,Region B,P012,89,91,0.22
2026-06-08,Region B,P013,91,97,1.05
2026-06-08,Region B,P014,137,145,1.61
2026-06-08,Region B,P015,123,129,2.01
2026-06-08,Region B,P016,94,99,1.58
2026-06-08,Region B,P017,148,153,0.54
2026-06-08,Region B,P018,133,142,1.84
2026-06-08,Region B,P019,80,82,0.85
2026-06-08,Region B,P020,100,105,0.56
2026-06-08,Region B,P021,89,92,0.66
2026-06-08,Region B,P022,132,134,0.0
2026-06-08,Region B,P023,113,119,1.77
2026-06-08,Region B,P024,82,88,1.8
2026-06-08,Region B,P025,94,98,0.53
2026-06-08,Region B,P026,143,152,1.21
2026-06-08,Region B,P027,143,148,1.04
2026-06-08,Region B,P028,102,104,0.41
2026-06-08,Region B,P029,116,123,0.94
2026-06-08,Region B,P030,147,150,0.18
2026-06-08,Region C,P001,84,87,0.55
2026-06-08,Region C,P002,146,149,0.93
2026-06-08,Region C,P003,134,142,1.34
2026-06-08,Region C,P004,124,130,1.2
2026-06-08,Region C,P005,99,106,1.08
2026-06-08,Region C,P006,105,112,1.95
2026-06-08,Region C,P007,145,152,1.66
2026-06-08,Region C,P008,139,142,0.43
2026-06-08,Region C,P009,105,108,1.51
2026-06-08,Region C,P010,106,112,1.96
2026-06-08,Region C,P011,134,142,1.45
2026-06-08,Region C,P012,114,121,1.17
2026-06-08,Region C,P013,136,143,1.43
2026-06-08,Region C,P014,102,104,0.24
2026-06-08,Region C,P015,140,145,1.43
2026-06-08,Region C,P016,81,84,1.79
2026-06-08,Region C,P017,80,84,1.16
2026-06-08,Region C,P018,153,157,0.35
2026-06-08,Region C,P019,134,139,1.28
2026-06-08,Region C,P020,156,158,0.34
2026-06-08,Region C,P021,98,102,1.21
2026-06-08,Region C,P022,91,96,0.67
2026-06-08,Region C,P023,142,145,0.93
2026-06-08,Region C,P024,137,140,0.0
2026-06-08,Region C,P025,138,141,0.35
2026-06-08,Region C,P026,85,90,1.56
2026-06-08,Region C,P027,141,144,1.29
2026-06-08,Region C,P028,102,104,0.16
2026-06-08,Region C,P029,142,149,1.55
2026-06-08,Region C,P030,118,125,0.11
2026-06-08,Region D,P001,107,110,0.25
2026-06-08,Region D,P002,112,118,0.66
2026-06-08,Region D,P003,150,157,0.95
2026-06-08,Region D,P004,89,92,0.0
2026-06-08,Region D,P005,131,138,0.9
2026-06-08,Region D,P006,95,99,1.21
2026-06-08,Region D,P007,77,82,1.54
2026-06-08,Region D,P008,89,91,0.54
2026-06-08,Region D,P009,94,97,2.1
2026-06-08,Region D,P010,115,120,1.09
2026-06-08,Region D,P011,91,93,1.04
2026-06-08,Region D,P012,100,105,1.62
2026-06-08,Region D,P013,97,99,0.25
2026-06-08,Region D,P014,131,133,0.0
2026-06-08,Region D,P015,99,104,0.54
2026-06-08,Region D,P016,134,138,1.46
2026-06-08,Region D,P017,122,128,0.19
2026-06-08,Region D,P018,91,93,0.56
2026-06-08,Region D,P019,137,144,0.62
2026-06-08,Region D,P020,79,84,0.29
2026-06-08,Region D,P021,118,123,0.07
2026-06-08,Region D,P022,93,96,1.24
2026-06-08,Region D,P023,152,157,0.57
2026-06-08,Region D,P024,117,124,0.58
2026-06-08,Region D,P025,99,103,0.88
2026-06-08,Region D,P026,101,105,1.61
2026-06-08,Region D,P027,144,150,0.23
2026-06-08,Region D,P028,106,108,0.0
2026-06-08,Region D,P029,132,136,0.5
2026-06-08,Region D,P030,147,151,0.46
2026-06-09,Region A,P001,90,96,1.21
2026-06-09,Region A,P002,145,149,0.09
2026-06-09,Region A,P003,125,127,0.62
2026-06-09,Region A,P004,132,138,0.88
2026-06-09,Region A,P005,149,155,0.7
2026-06-09,Region A,P006,130,135,0.72
2026-06-09,Region A,P007,79,82,0.87
2026-06-09,Region A,P008,153,155,0.91
2026-06-09,Region A,P009,144,148,0.6
2026-06-09,Region A,P010,138,141,0.56
2026-06-09,Region A,P011,152,156,0.84
2026-06-09,Region A,P012,142,149,0.79
2026-06-09,Region A,P013,82,87,2.01
2026-06-09,Region A,P014,122,130,1.41
2026-06-09,Region A,P015,81,87,1.95
2026-06-09,Region A,P016,116,120,0.14
2026-06-09,Region A,P017,93,96,0.54
2026-06-09,Region A,P018,120,127,2.0
2026-06-09,Region A,P019,117,121,0.78
2026-06-09,Region A,P020,86,90,0.63
2026-06-09,Region A,P021,105,108,0.84
2026-06-09,Region A,P022,132,139,1.13
2026-06-09,Region A,P023,134,140,0.46
2026-06-09,Region A,P024,123,127,0.63
2026-06-09,Region A,P025,148,150,0.2
2026-06-09,Region A,P026,116,118,0.25
2026-06-09,Region A,P027,142,148,0.8
2026-06-09,Region A,P028,81,84,1.85
2026-06-09,Region A,P029,92,97,0.91
2026-06-09,Region A,P030,141,144,0.6
2026-06-09,Region B,P001,118,121,1.08
2026-06-09,Region B,P002,109,111,0.75
2026-06-09,Region B,P003,101,104,0.18
2026-06-09,Region B,P004,83,87,1.13
2026-06-09,Region B,P005,78,82,1.23
2026-06-09,Region B,P006,95,98,0.5
2026-06-09,Region B,P007,141,145,0.0
2026-06-09,Region B,P008,136,145,2.24
2026-06-09,Region B,P009,135,140,1.4
2026-06-09,Region B,P010,125,131,1.37
2026-06-09,Region B,P011,78,83,1.99
2026-06-09,Region B,P012,126,132,0.69
2026-06-09,Region B,P013,127,131,0.0
2026-06-09,Region B,P014,103,107,0.92
2026-06-09,Region B,P015,82,86,0.13
2026-06-09,Region B,P016,110,113,0.0
2026-06-09,Region B,P017,123,131,1.84
2026-06-09,Region B,P018,135,140,0.96
2026-06-09,Region B,P019,129,136,0.87
2026-06-09,Region B,P020,127,135,1.5
2026-06-09,Region B,P021,78,81,0.73
2026-06-09,Region B,P022,102,107,0.65
2026-06-09,Region B,P023,149,151,0.24
2026-06-09,Region B,P024,134,138,1.26
2026-06-09,Region B,P025,78,81,0.43
2026-06-09,Region B,P026,100,104,0.0
2026-06-09,Region B,P027,109,116,1.62
2026-06-09,Region B,P028,114,116,0.65
2026-06-09,Region B,P029,108,111,0.61
2026-06-09,Region B,P030,146,150,0.0
2026-06-09,Region C,P001,143,145,0.0
2026-06-09,Region C,P002,87,92,1.58
2026-06-09,Region C,P003,128,131,0.93
2026-06-09,Region C,P004,81,84,0.22
2026-06-09,Region C,P005,101,106,0.44
2026-06-09,Region C,P006,91,93,1.29
2026-06-09,Region C,P007,113,116,0.14
2026-06-09,Region C,P008,77,81,1.54
2026-06-09,Region C,P009,143,150,0.48
2026-06-09,Region C,P010,87,92,1.01
2026-06-09,Region C,P011,81,85,1.03
2026-06-09,Region C,P012,142,148,0.57
2026-06-09,Region C,P013,120,126,1.32
2026-06-09,Region C,P014,116,121,1.61
2026-06-09,Region C,P015,113,121,1.47
2026-06-09,Region C,P016,126,131,1.41
2026-06-09,Region C,P017,131,139,0.97
2026-06-09,Region C,P018,110,114,0.93
2026-06-09,Region C,P019,125,133,1.39
2026-06-09,Region C,P020,149,158,1.26
2026-06-09,Region C,P021,126,130,0.55
2026-06-09,Region C,P022,100,105,1.14
2026-06-09,Region C,P023,78,82,1.76
2026-06-09,Region C,P024,87,91,1.71
2026-06-09,Region C,P025,131,134,0.37
2026-06-09,Region C,P026,118,124,1.08
2026-06-09,Region C,P027,107,113,1.53
2026-06-09,Region C,P028,135,139,0.68
2026-06-09,Region C,P029,128,131,0.79
2026-06-09,Region C,P030,110,114,1.52
2026-06-09,Region D,P001,150,153,0.26
2026-06-09,Region D,P002,128,131,0.9
2026-06-09,Region D,P003,147,154,0.68
2026-06-09,Region D,P004,100,103,0.29
2026-06-09,Region D,P005,86,90,1.27
2026-06-09,Region D,P006,130,138,1.04
2026-06-09,Region D,P007,97,104,1.57
2026-06-09,Region D,P008,90,94,0.99
2026-06-09,Region D,P009,115,122,2.02
2026-06-09,Region D,P010,92,95,0.92
2026-06-09,Region D,P011,156,159,0.67
2026-06-09,Region D,P012,108,115,0.59
2026-06-09,Region D,P013,130,135,0.08
2026-06-09,Region D,P014,92,94,0.5
2026-06-09,Region D,P015,101,107,2.31
2026-06-09,Region D,P016,134,137,0.68
2026-06-09,Region D,P017,143,153,1.58
2026-06-09,Region D,P018,81,84,0.84
2026-06-09,Region D,P019,133,136,1.15
2026-06-09,Region D,P020,111,118,0.97
2026-06-09,Region D,P021,89,95,1.71
2026-06-09,Region D,P022,138,142,0.41
2026-06-09,Region D,P023,110,114,1.04
2026-06-09,Region D,P024,106,108,0.03
2026-06-09,Region D,P025,147,153,0.0
2026-06-09,Region D,P026,103,109,1.48
2026-06-09,Region D,P027,149,157,1.82
2026-06-09,Region D,P028,111,118,0.77
2026-06-09,Region D,P029,143,145,1.06
2026-06-09,Region D,P030,128,136,1.89
2026-06-10,Region A,P001,89,93,1.88
2026-06-10,Region A,P002,115,120,1.46
2026-06-10,Region A,P003,107,114,1.62
2026-06-10,Region A,P004,127,130,0.57
2026-06-10,Region A,P005,139,143,0.98
2026-06-10,Region A,P006,147,156,1.22
2026-06-10,Region A,P007,111,115,0.64
2026-06-10,Region A,P008,152,157,0.67
2026-06-10,Region A,P009,94,100,0.52
2026-06-10,Region A,P010,142,147,1.18
2026-06-10,Region A,P011,120,126,1.51
2026-06-10,Region A,P012,104,109,0.0
2026-06-10,Region A,P013,125,129,0.64
2026-06-10,Region A,P014,78,81,0.15
2026-06-10,Region A,P015,85,90,0.89
2026-06-10,Region A,P016,114,118,1.49
2026-06-10,Region A,P017,122,130,1.61
2026-06-10,Region A,P018,141,147,1.23
2026-06-10,Region A,P019,128,131,0.59
2026-06-10,Region A,P020,117,125,1.63
2026-06-10,Region A,P021,96,100,0.76
2026-06-10,Region A,P022,138,146,0.78
2026-06-10,Region A,P023,83,87,0.58
2026-06-10,Region A,P024,119,122,0.38
2026-06-10,Region A,P025,89,94,1.19
2026-06-10,Region A,P026,146,155,1.62
2026-06-10,Region A,P027,84,88,0.53
2026-06-10,Region A,P028,122,125,0.94
2026-06-10,Region A,P029,116,123,1.12
2026-06-10,Region A,P030,82,87,0.51
2026-06-10,Region B,P001,148,158,1.83
2026-06-10,Region B,P002,86,91,0.85
2026-06-10,Region B,P003,94,98,0.65
2026-06-10,Region B,P004,123,127,1.46
2026-06-10,Region B,P005,83,88,1.81
2026-06-10,Region B,P006,145,154,1.98
2026-06-10,Region B,P007,109,115,1.31
2026-06-10,Region B,P008,142,150,0.64
2026-06-10,Region B,P009,96,99,0.0
2026-06-10,Region B,P010,144,151,1.62
2026-06-10,Region B,P011,109,114,0.83
2026-06-10,Region B,P012,122,126,0.59
2026-06-10,Region B,P013,133,136,0.71
2026-06-10,Region B,P014,150,154,0.53
2026-06-10,Region B,P015,88,91,0.96
2026-06-10,Region B,P016,93,97,0.5
2026-06-10,Region B,P017,124,126,0.22
2026-06-10,Region B,P018,117,120,0.39
2026-06-10,Region B,P019,145,149,0.18
2026-06-10,Region B,P020,84,89,1.2
2026-06-10,Region B,P021,97,99,0.0
2026-06-10,Region B,P022,148,154,1.86
2026-06-10,Region B,P023,98,103,1.42
2026-06-10,Region B,P024,150,155,0.8
2026-06-10,Region B,P025,150,154,0.66
2026-06-10,Region B,P026,129,136,1.32
2026-06-10,Region B,P027,135,144,0.59
2026-06-10,Region B,P028,144,149,0.81
2026-06-10,Region B,P029,100,105,1.15
2026-06-10,Region B,P030,100,103,0.48
2026-06-10,Region C,P001,125,132,1.23
2026-06-10,Region C,P002,119,124,1.34
2026-06-10,Region C,P003,86,91,1.04
2026-06-10,Region C,P004,107,109,0.0
2026-06-10,Region C,P005,99,103,1.02
2026-06-10,Region C,P006,82,88,2.5
2026-06-10,Region C,P007,136,145,2.14
2026-06-10,Region C,P008,135,140,1.04
2026-06-10,Region C,P009,99,102,0.4
2026-06-10,Region C,P010,139,142,0.0
2026-06-10,Region C,P011,82,85,0.0
2026-06-10,Region C,P012,92,97,1.04
2026-06-10,Region C,P013,100,104,0.39
2026-06-10,Region C,P014,94,99,0.84
2026-06-10,Region C,P015,100,102,1.04
2026-06-10,Region C,P016,137,139,0.37
2026-06-10,Region C,P017,149,151,1.11
2026-06-10,Region C,P018,113,116,1.79
2026-06-10,Region C,P019,142,145,0.46
2026-06-10,Region C,P020,140,147,1.28
2026-06-10,Region C,P021,92,97,1.6
2026-06-10,Region C,P022,85,91,1.27
2026-06-10,Region C,P023,89,95,1.31
2026-06-10,Region C,P024,103,108,1.44
2026-06-10,Region C,P025,103,107,0.82
2026-06-10,Region C,P026,81,85,0.49
2026-06-10,Region C,P027,116,122,1.25
2026-06-10,Region C,P028,143,149,1.19
2026-06-10,Region C,P029,154,158,0.25
2026-06-10,Region C,P030,140,146,0.83
2026-06-10,Region D,P001,155,158,0.16
2026-06-10,Region D,P002,97,101,0.67
2026-06-10,Region D,P003,93,97,0.36
2026-06-10,Region D,P004,82,85,0.65
2026-06-10,Region D,P005,150,156,0.84
2026-06-10,Region D,P006,104,111,1.93
2026-06-10,Region D,P007,83,87,1.18
2026-06-10,Region D,P008,118,120,0.0
2026-06-10,Region D,P009,82,84,0.57
2026-06-10,Region D,P010,154,159,0.57
2026-06-10,Region D,P011,128,135,1.06
2026-06-10,Region D,P012,122,128,1.61
2026-06-10,Region D,P013,118,124,0.18
2026-06-10,Region D,P014,86,90,0.76
2026-06-10,Region D,P015,150,158,1.03
2026-06-10,Region D,P016,136,142,1.51
2026-06-10,Region D,P017,110,113,0.26
2026-06-10,Region D,P018,88,92,1.07
2026-06-10,Region D,P019,108,114,0.84
2026-06-10,Region D,P020,75,80,1.66
2026-06-10,Region D,P021,85,91,2.0
2026-06-10,Region D,P022,144,153,2.0
2026-06-10,Region D,P023,139,148,1.91
2026-06-10,Region D,P024,121,127,1.17
2026-06-10,Region D,P025,144,152,1.54
2026-06-10,Region D,P026,115,122,2.05
2026-06-10,Region D,P027,85,91,1.54
2026-06-10,Region D,P028,94,99,1.79
2026-06-10,Region D,P029,84,89,1.57
2026-06-10,Region D,P030,127,129,0.61
2026-06-11,Region A,P001,148,157,1.52
2026-06-11,Region A,P002,137,146,1.38
2026-06-11,Region A,P003,148,153,0.93
2026-06-11,Region A,P004,131,133,0.08
2026-06-11,Region A,P005,90,96,1.35
2026-06-11,Region A,P006,92,97,1.09
2026-06-11,Region A,P007,105,109,1.0
2026-06-11,Region A,P008,147,154,0.58
2026-06-11,Region A,P009,125,130,0.11
2026-06-11,Region A,P010,88,91,0.36
2026-06-11,Region A,P011,149,151,0.39
2026-06-11,Region A,P012,111,114,0.87
2026-06-11,Region A,P013,118,120,0.68
2026-06-11,Region A,P014,150,159,0.95
2026-06-11,Region A,P015,114,122,0.95
2026-06-11,Region A,P016,132,141,1.41
2026-06-11,Region A,P017,79,83,0.87
2026-06-11,Region A,P018,119,122,0.0
2026-06-11,Region A,P019,104,109,0.99
2026-06-11,Region A,P020,118,125,1.98
2026-06-11,Region A,P021,137,145,0.47
2026-06-11,Region A,P022,130,136,0.23
2026-06-11,Region A,P023,111,117,0.0
2026-06-11,Region A,P024,106,110,1.17
2026-06-11,Region A,P025,142,146,0.0
2026-06-11,Region A,P026,114,119,1.31
2026-06-11,Region A,P027,98,100,1.2
2026-06-11,Region A,P028,83,88,1.69
2026-06-11,Region A,P029,131,138,1.09
2026-06-11,Region A,P030,101,108,1.46
2026-06-11,Region B,P001,130,134,0.22
2026-06-11,Region B,P002,149,153,0.92
2026-06-11,Region B,P003,116,123,1.28
2026-06-11,Region B,P004,139,148,1.87
2026-06-11,Region B,P005,134,136,1.43
2026-06-11,Region B,P006,104,109,0.47
2026-06-11,Region B,P007,107,111,0.83
2026-06-11,Region B,P008,120,125,0.41
2026-06-11,Region B,P009,99,105,0.82
2026-06-11,Region B,P010,94,95,0.0
2026-06-11,Region B,P011,110,117,1.4
2026-06-11,Region B,P012,86,89,0.35
2026-06-11,Region B,P013,110,117,0.74
2026-06-11,Region B,P014,103,108,1.93
2026-06-11,Region B,P015,125,128,1.06
2026-06-11,Region B,P016,77,80,1.5
2026-06-11,Region B,P017,128,134,0.85
2026-06-11,Region B,P018,149,154,0.63
2026-06-11,Region B,P019,80,84,1.87
2026-06-11,Region B,P020,118,124,2.08
2026-06-11,Region B,P021,140,146,0.69
2026-06-11,Region B,P022,151,155,1.28
2026-06-11,Region B,P023,121,124,0.32
2026-06-11,Region B,P024,109,115,1.08
2026-06-11,Region B,P025,89,92,1.25
2026-06-11,Region B,P026,110,116,0.84
2026-06-11,Region B,P027,107,112,1.2
2026-06-11,Region B,P028,101,107,0.94
2026-06-11,Region B,P029,103,106,0.0
2026-06-11,Region B,P030,115,118,0.29
2026-06-11,Region C,P001,133,141,1.32
2026-06-11,Region C,P002,117,121,0.86
2026-06-11,Region C,P003,106,113,0.6
2026-06-11,Region C,P004,76,80,0.72
2026-06-11,Region C,P005,96,100,0.0
2026-06-11,Region C,P006,130,136,0.29
2026-06-11,Region C,P007,79,82,1.05
2026-06-11,Region C,P008,84,87,0.43
2026-06-11,Region C,P009,109,111,0.56
2026-06-11,Region C,P010,113,115,1.1
2026-06-11,Region C,P011,80,84,2.24
2026-06-11,Region C,P012,153,159,1.19
2026-06-11,Region C,P013,110,113,0.0
2026-06-11,Region C,P014,137,139,0.91
2026-06-11,Region C,P015,127,135,1.91
2026-06-11,Region C,P016,96,100,1.23
2026-06-11,Region C,P017,85,87,0.75
2026-06-11,Region C,P018,151,156,0.73
2026-06-11,Region C,P019,140,146,0.34
2026-06-11,Region C,P020,102,108,1.1
2026-06-11,Region C,P021,85,89,0.3
2026-06-11,Region C,P022,136,145,1.57
2026-06-11,Region C,P023,90,93,0.02
2026-06-11,Region C,P024,120,127,1.65
2026-06-11,Region C,P025,83,88,1.14
2026-06-11,Region C,P026,132,137,0.51
2026-06-11,Region C,P027,102,105,1.51
2026-06-11,Region C,P028,109,115,1.36
2026-06-11,Region C,P029,105,108,0.0
2026-06-11,Region C,P030,150,155,1.33
2026-06-11,Region D,P001,140,143,0.0
2026-06-11,Region D,P002,119,124,0.44
2026-06-11,Region D,P003,105,109,1.84
2026-06-11,Region D,P004,75,80,1.85
2026-06-11,Region D,P005,99,104,1.3
2026-06-11,Region D,P006,109,113,0.77
2026-06-11,Region D,P007,124,126,0.69
2026-06-11,Region D,P008,145,154,0.0
2026-06-11,Region D,P009,115,121,1.16
2026-06-11,Region D,P010,148,154,1.4
2026-06-11,Region D,P011,115,117,0.38
2026-06-11,Region D,P012,102,104,0.29
2026-06-11,Region D,P013,107,112,0.9
2026-06-11,Region D,P014,140,143,0.99
2026-06-11,Region D,P015,104,106,0.86
2026-06-11,Region D,P016,92,98,1.16
2026-06-11,Region D,P017,95,98,0.59
2026-06-11,Region D,P018,136,142,0.53
2026-06-11,Region D,P019,139,144,0.47
2026-06-11,Region D,P020,112,116,0.9
2026-06-11,Region D,P021,79,82,0.49
2026-06-11,Region D,P022,103,108,1.59
2026-06-11,Region D,P023,149,153,0.0
2026-06-11,Region D,P024,96,98,0.69
2026-06-11,Region D,P025,147,156,1.47
2026-06-11,Region D,P026,138,146,0.52
2026-06-11,Region D,P027,110,117,1.24
2026-06-11,Region D,P028,90,95,0.81
2026-06-11,Region D,P029,118,125,0.82
2026-06-11,Region D,P030,81,86,0.49
2026-06-12,Region A,P001,95,101,0.87
2026-06-12,Region A,P002,108,113,0.77
2026-06-12,Region A,P003,90,92,1.11
2026-06-12,Region A,P004,86,91,1.41
2026-06-12,Region A,P005,95,101,1.84
2026-06-12,Region A,P006,120,123,0.1
2026-06-12,Region A,P007,126,131,0.65
2026-06-12,Region A,P008,153,156,0.88
2026-06-12,Region A,P009,134,141,1.67
2026-06-12,Region A,P010,95,99,0.85
2026-06-12,Region A,P011,111,115,0.18
2026-06-12,Region A,P012,108,115,0.85
2026-06-12,Region A,P013,132,136,0.0
2026-06-12,Region A,P014,147,153,0.75
2026-06-12,Region A,P015,116,119,0.0
2026-06-12,Region A,P016,104,110,1.11
2026-06-12,Region A,P017,113,119,1.51
2026-06-12,Region A,P018,88,91,1.28
2026-06-12,Region A,P019,120,124,0.58
2026-06-12,Region A,P020,82,88,0.5
2026-06-12,Region A,P021,152,154,0.0
2026-06-12,Region A,P022,148,156,0.33
2026-06-12,Region A,P023,98,100,0.0
2026-06-12,Region A,P024,118,121,0.76
2026-06-12,Region A,P025,144,147,0.78
2026-06-12,Region A,P026,118,120,1.1
2026-06-12,Region A,P027,121,128,1.9
2026-06-12,Region A,P028,94,100,1.42
2026-06-12,Region A,P029,119,121,0.93
2026-06-12,Region A,P030,104,109,0.46
2026-06-12,Region B,P001,89,94,1.2
2026-06-12,Region B,P002,99,106,1.04
2026-06-12,Region B,P003,145,150,0.36
2026-06-12,Region B,P004,118,123,0.0
2026-06-12,Region B,P005,126,130,0.49
2026-06-12,Region B,P006,113,115,0.82
2026-06-12,Region B,P007,123,128,1.26
2026-06-12,Region B,P008,115,118,0.58
2026-06-12,Region B,P009,121,129,2.29
2026-06-12,Region B,P010,110,113,0.81
2026-06-12,Region B,P011,80,83,0.97
2026-06-12,Region B,P012,77,81,1.21
2026-06-12,Region B,P013,80,86,1.65
2026-06-12,Region B,P014,126,133,0.18
2026-06-12,Region B,P015,150,159,0.97
2026-06-12,Region B,P016,107,113,1.47
2026-06-12,Region B,P017,139,145,0.63
2026-06-12,Region B,P018,146,155,1.34
2026-06-12,Region B,P019,119,124,0.87
2026-06-12,Region B,P020,110,114,0.65
2026-06-12,Region B,P021,83,85,0.0
2026-06-12,Region B,P022,142,150,1.67
2026-06-12,Region B,P023,124,129,0.51
2026-06-12,Region B,P024,82,84,0.6
2026-06-12,Region B,P025,93,97,1.45
2026-06-12,Region B,P026,132,140,1.89
2026-06-12,Region B,P027,82,84,0.81
2026-06-12,Region B,P028,93,96,0.23
2026-06-12,Region B,P029,131,137,1.1
2026-06-12,Region B,P030,125,127,0.65
2026-06-12,Region C,P001,95,99,0.94
2026-06-12,Region C,P002,77,80,1.56
2026-06-12,Region C,P003,93,97,1.82
2026-06-12,Region C,P004,83,86,0.0
2026-06-12,Region C,P005,105,109,1.54
2026-06-12,Region C,P006,103,106,1.0
2026-06-12,Region C,P007,122,129,1.28
2026-06-12,Region C,P008,88,94,1.74
2026-06-12,Region C,P009,82,86,1.07
2026-06-12,Region C,P010,143,146,0.75
2026-06-12,Region C,P011,110,117,1.21
2026-06-12,Region C,P012,98,100,0.96
2026-06-12,Region C,P013,120,127,1.24
2026-06-12,Region C,P014,151,159,0.61
2026-06-12,Region C,P015,121,128,0.87
2026-06-12,Region C,P016,144,150,1.08
2026-06-12,Region C,P017,110,114,0.24
2026-06-12,Region C,P018,86,91,1.88
2026-06-12,Region C,P019,149,158,1.42
2026-06-12,Region C,P020,125,127,0.43
2026-06-12,Region C,P021,103,105,0.75
2026-06-12,Region C,P022,105,107,0.6
2026-06-12,Region C,P023,147,150,0.12
2026-06-12,Region C,P024,134,143,1.32
2026-06-12,Region C,P025,151,153,0.0
2026-06-12,Region C,P026,125,132,0.52
2026-06-12,Region C,P027,96,98,1.53
2026-06-12,Region C,P028,100,103,0.0
2026-06-12,Region C,P029,90,94,0.75
2026-06-12,Region C,P030,86,90,0.15
2026-06-12,Region D,P001,117,124,2.58
2026-06-12,Region D,P002,101,104,0.74
2026-06-12,Region D,P003,84,87,0.14
2026-06-12,Region D,P004,125,127,0.54
2026-06-12,Region D,P005,147,151,0.01
2026-06-12,Region D,P006,86,89,0.55
2026-06-12,Region D,P007,76,81,1.9
2026-06-12,Region D,P008,116,121,0.6
2026-06-12,Region D,P009,92,97,0.5
2026-06-12,Region D,P010,75,80,0.44
2026-06-12,Region D,P011,123,130,0.8
2026-06-12,Region D,P012,121,125,0.31
2026-06-12,Region D,P013,80,82,0.42
2026-06-12,Region D,P014,142,150,0.0
2026-06-12,Region D,P015,119,126,0.61
2026-06-12,Region D,P016,104,107,0.23
2026-06-12,Region D,P017,119,127,1.78
2026-06-12,Region D,P018,124,131,0.54
2026-06-12,Region D,P019,88,92,1.2
2026-06-12,Region D,P020,148,155,1.99
2026-06-12,Region D,P021,89,92,0.79
2026-06-12,Region D,P022,94,96,0.6
2026-06-12,Region D,P023,97,102,0.62
2026-06-12,Region D,P024,122,129,0.31
2026-06-12,Region D,P025,124,130,0.65
2026-06-12,Region D,P026,147,155,1.25
2026-06-12,Region D,P027,127,134,1.18
2026-06-12,Region D,P028,87,89,0.0
2026-06-12,Region D,P029,76,80,1.1
2026-06-12,Region D,P030,94,100,1.38
2026-06-13,Region A,P001,105,111,0.85
2026-06-13,Region A,P002,104,111,1.49
2026-06-13,Region A,P003,98,103,1.03
2026-06-13,Region A,P004,92,96,0.5
2026-06-13,Region A,P005,128,132,0.73
2026-06-13,Region A,P006,141,145,0.66
2026-06-13,Region A,P007,105,107,0.72
2026-06-13,Region A,P008,76,80,1.35
2026-06-13,Region A,P009,122,126,0.59
2026-06-13,Region A,P010,77,80,0.83
2026-06-13,Region A,P011,128,131,0.56
2026-06-13,Region A,P012,127,130,0.37
2026-06-13,Region A,P013,103,106,0.87
2026-06-13,Region A,P014,123,126,0.0
2026-06-13,Region A,P015,126,132,0.07
2026-06-13,Region A,P016,109,112,1.01
2026-06-13,Region A,P017,122,130,0.94
2026-06-13,Region A,P018,92,95,0.0
2026-06-13,Region A,P019,90,96,2.4
2026-06-13,Region A,P020,151,159,1.17
2026-06-13,Region A,P021,143,150,1.23
2026-06-13,Region A,P022,110,114,1.08
2026-06-13,Region A,P023,148,150,0.27
2026-06-13,Region A,P024,129,135,0.99
2026-06-13,Region A,P025,101,105,0.84
2026-06-13,Region A,P026,84,88,1.14
2026-06-13,Region A,P027,152,155,0.13
2026-06-13,Region A,P028,135,143,0.98
2026-06-13,Region A,P029,148,155,1.81
2026-06-13,Region A,P030,89,90,0.0
2026-06-13,Region B,P001,123,125,0.0
2026-06-13,Region B,P002,92,98,1.97
2026-06-13,Region B,P003,156,158,0.46
2026-06-13,Region B,P004,151,158,1.8
2026-06-13,Region B,P005,87,91,1.99
2026-06-13,Region B,P006,136,141,0.86
2026-06-13,Region B,P007,104,108,0.01
2026-06-13,Region B,P008,152,158,1.52
2026-06-13,Region B,P009,141,144,0.46
2026-06-13,Region B,P010,95,96,0.0
2026-06-13,Region B,P011,118,122,0.12
2026-06-13,Region B,P012,85,90,0.76
2026-06-13,Region B,P013,78,83,1.42
2026-06-13,Region B,P014,81,85,0.94
2026-06-13,Region B,P015,103,107,1.24
2026-06-13,Region B,P016,98,100,0.82
2026-06-13,Region B,P017,103,109,0.0
2026-06-13,Region B,P018,96,101,0.66
2026-06-13,Region B,P019,133,140,1.83
2026-06-13,Region B,P020,142,148,0.75
2026-06-13,Region B,P021,129,133,0.34
2026-06-13,Region B,P022,99,101,1.05
2026-06-13,Region B,P023,113,117,0.77
2026-06-13,Region B,P024,146,154,0.88
2026-06-13,Region B,P025,81,83,0.85
2026-06-13,Region B,P026,85,90,1.42
2026-06-13,Region B,P027,85,89,1.0
2026-06-13,Region B,P028,121,123,0.18
2026-06-13,Region B,P029,87,89,0.76
2026-06-13,Region B,P030,146,149,0.0
2026-06-13,Region C,P001,109,112,1.21
2026-06-13,Region C,P002,91,96,0.84
2026-06-13,Region C,P003,127,131,1.08
2026-06-13,Region C,P004,101,103,0.0
2026-06-13,Region C,P005,97,100,1.06
2026-06-13,Region C,P006,95,98,0.27
2026-06-13,Region C,P007,113,117,0.97
2026-06-13,Region C,P008,143,149,0.53
2026-06-13,Region C,P009,127,130,0.69
2026-06-13,Region C,P010,144,148,0.42
2026-06-13,Region C,P011,114,117,0.84
2026-06-13,Region C,P012,90,95,1.37
2026-06-13,Region C,P013,103,107,0.36
2026-06-13,Region C,P014,131,135,0.0
2026-06-13,Region C,P015,145,151,1.27
2026-06-13,Region C,P016,132,136,0.96
2026-06-13,Region C,P017,83,86,0.24
2026-06-13,Region C,P018,83,87,1.12
2026-06-13,Region C,P019,101,103,0.24
2026-06-13,Region C,P020,116,119,0.33
2026-06-13,Region C,P021,90,92,0.0
2026-06-13,Region C,P022,81,84,0.5
2026-06-13,Region C,P023,124,132,1.12
2026-06-13,Region C,P024,109,115,1.38
2026-06-13,Region C,P025,143,152,1.37
2026-06-13,Region C,P026,100,104,1.16
2026-06-13,Region C,P027,118,125,0.94
2026-06-13,Region C,P028,151,154,0.34
2026-06-13,Region C,P029,137,146,1.56
2026-06-13,Region C,P030,141,145,0.36
2026-06-13,Region D,P001,112,118,1.54
2026-06-13,Region D,P002,120,125,0.55
2026-06-13,Region D,P003,77,80,0.69
2026-06-13,Region D,P004,149,156,1.18
2026-06-13,Region D,P005,113,117,0.31
2026-06-13,Region D,P006,88,90,0.0
2026-06-13,Region D,P007,129,137,2.0
2026-06-13,Region D,P008,110,115,0.3
2026-06-13,Region D,P009,116,121,1.27
2026-06-13,Region D,P010,145,151,1.26
2026-06-13,Region D,P011,85,90,2.2
2026-06-13,Region D,P012,86,89,0.18
2026-06-13,Region D,P013,91,95,0.69
2026-06-13,Region D,P014,139,145,1.9
2026-06-13,Region D,P015,94,98,0.24
2026-06-13,Region D,P016,90,92,0.01
2026-06-13,Region D,P017,106,108,1.17
2026-06-13,Region D,P018,111,118,1.94
2026-06-13,Region D,P019,130,137,0.64
2026-06-13,Region D,P020,108,114,1.76
2026-06-13,Region D,P021,82,87,0.44
2026-06-13,Region D,P022,126,132,1.22
2026-06-13,Region D,P023,96,102,0.2
2026-06-13,Region D,P024,135,138,1.06
2026-06-13,Region D,P025,118,120,0.38
2026-06-13,Region D,P026,91,93,0.75
2026-06-13,Region D,P027,149,155,0.82
2026-06-13,Region D,P028,147,155,1.35
2026-06-13,Region D,P029,100,105,1.43
2026-06-13,Region D,P030,137,140,0.95
2026-06-14,Region A,P001,127,131,0.29
2026-06-14,Region A,P002,85,90,1.45
2026-06-14,Region A,P003,149,154,0.5
2026-06-14,Region A,P004,113,121,0.71
2026-06-14,Region A,P005,106,112,1.39
2026-06-14,Region A,P006,124,127,0.34
2026-06-14,Region A,P007,103,105,1.0
2026-06-14,Region A,P008,136,145,0.71
2026-06-14,Region A,P009,94,99,0.99
2026-06-14,Region A,P010,107,111,1.32
2026-06-14,Region A,P011,92,94,1.06
2026-06-14,Region A,P012,128,131,0.77
2026-06-14,Region A,P013,110,117,1.47
2026-06-14,Region A,P014,111,115,0.74
2026-06-14,Region A,P015,119,126,1.67
2026-06-14,Region A,P016,96,99,0.0
2026-06-14,Region A,P017,80,84,0.65
2026-06-14,Region A,P018,89,90,0.65
2026-06-14,Region A,P019,78,83,1.75
2026-06-14,Region A,P020,102,107,0.42
2026-06-14,Region A,P021,89,93,0.48
2026-06-14,Region A,P022,126,132,0.84
2026-06-14,Region A,P023,79,83,1.39
2026-06-14,Region A,P024,145,153,1.33
2026-06-14,Region A,P025,109,114,1.48
2026-06-14,Region A,P026,77,81,0.98
2026-06-14,Region A,P027,112,120,1.52
2026-06-14,Region A,P028,128,135,1.45
2026-06-14,Region A,P029,90,95,1.37
2026-06-14,Region A,P030,89,91,0.86
2026-06-14,Region B,P001,111,118,0.84
2026-06-14,Region B,P002,110,114,0.51
2026-06-14,Region B,P003,130,138,0.71
2026-06-14,Region B,P004,122,129,2.36
2026-06-14,Region B,P005,138,141,0.8
2026-06-14,Region B,P006,127,133,0.97
2026-06-14,Region B,P007,94,96,0.0
2026-06-14,Region B,P008,92,97,0.84
2026-06-14,Region B,P009,139,142,0.0
2026-06-14,Region B,P010,152,157,0.72
2026-06-14,Region B,P011,81,84,0.33
2026-06-14,Region B,P012,112,114,0.09
2026-06-14,Region B,P013,126,131,1.0
2026-06-14,Region B,P014,110,114,1.31
2026-06-14,Region B,P015,95,97,0.57
2026-06-14,Region B,P016,79,84,1.05
2026-06-14,Region B,P017,131,137,1.57
2026-06-14,Region B,P018,154,158,0.0
2026-06-14,Region B,P019,119,125,0.0
2026-06-14,Region B,P020,101,103,0.21
2026-06-14,Region B,P021,146,155,1.04
2026-06-14,Region B,P022,109,113,0.19
2026-06-14,Region B,P023,104,106,0.0
2026-06-14,Region B,P024,100,103,0.73
2026-06-14,Region B,P025,85,90,0.95
2026-06-14,Region B,P026,152,155,0.0
2026-06-14,Region B,P027,145,149,0.32
2026-06-14,Region B,P028,137,139,0.62
2026-06-14,Region B,P029,148,150,0.0
2026-06-14,Region B,P030,135,142,0.0
2026-06-14,Region C,P001,92,98,1.44
2026-06-14,Region C,P002,79,84,1.29
2026-06-14,Region C,P003,148,154,1.74
2026-06-14,Region C,P004,90,93,0.62
2026-06-14,Region C,P005,130,135,0.74
2026-06-14,Region C,P006,107,114,1.75
2026-06-14,Region C,P007,133,141,1.33
2026-06-14,Region C,P008,91,96,1.83
2026-06-14,Region C,P009,81,82,0.79
2026-06-14,Region C,P010,82,87,0.84
2026-06-14,Region C,P011,116,122,0.92
2026-06-14,Region C,P012,97,102,1.65
2026-06-14,Region C,P013,140,143,0.02
2026-06-14,Region C,P014,85,89,0.39
2026-06-14,Region C,P015,121,128,0.69
2026-06-14,Region C,P016,139,148,0.52
2026-06-14,Region C,P017,130,135,0.0
2026-06-14,Region C,P018,117,120,0.17
2026-06-14,Region C,P019,144,153,1.41
2026-06-14,Region C,P020,144,153,1.45
2026-06-14,Region C,P021,151,153,1.23
2026-06-14,Region C,P022,122,128,1.01
2026-06-14,Region C,P023,101,104,0.0
2026-06-14,Region C,P024,84,87,1.45
2026-06-14,Region C,P025,113,117,0.35
2026-06-14,Region C,P026,105,110,1.13
2026-06-14,Region C,P027,129,135,1.1
2026-06-14,Region C,P028,91,95,0.4
2026-06-14,Region C,P029,147,150,1.05
2026-06-14,Region C,P030,103,107,0.75
2026-06-14,Region D,P001,105,109,0.5
2026-06-14,Region D,P002,126,133,0.52
2026-06-14,Region D,P003,143,149,1.7
2026-06-14,Region D,P004,137,146,2.61
2026-06-14,Region D,P005,119,122,1.04
2026-06-14,Region D,P006,120,123,0.0
2026-06-14,Region D,P007,96,103,1.43
2026-06-14,Region D,P008,97,101,0.13
2026-06-14,Region D,P009,143,152,1.18
2026-06-14,Region D,P010,122,126,0.55
2026-06-14,Region D,P011,118,124,1.96
2026-06-14,Region D,P012,127,132,0.59
2026-06-14,Region D,P013,83,88,0.94
2026-06-14,Region D,P014,102,104,0.0
2026-06-14,Region D,P015,83,85,0.03
2026-06-14,Region D,P016,86,92,1.08
2026-06-14,Region D,P017,100,103,0.85
2026-06-14,Region D,P018,92,96,0.97
2026-06-14,Region D,P019,93,97,1.34
2026-06-14,Region D,P020,152,156,0.56
2026-06-14,Region D,P021,145,149,0.22
2026-06-14,Region D,P022,147,150,0.68
2026-06-14,Region D,P023,148,156,0.82
2026-06-14,Region D,P024,87,89,0.27
2026-06-14,Region D,P025,108,110,0.42
2026-06-14,Region D,P026,89,95,2.24
2026-06-14,Region D,P027,77,80,0.0
2026-06-14,Region D,P028,77,81,0.72
2026-06-14,Region D,P029,101,104,0.34
2026-06-14,Region D,P030,107,110,0.45
2026-06-15,Region A,P001,116,119,0.0
2026-06-15,Region A,P002,92,97,0.79
2026-06-15,Region A,P003,127,133,1.09
2026-06-15,Region A,P004,138,145,0.66
2026-06-15,Region A,P005,145,155,1.41
2026-06-15,Region A,P006,127,134,1.11
2026-06-15,Region A,P007,81,85,1.09
2026-06-15,Region A,P008,88,92,0.75
2026-06-15,Region A,P009,154,159,0.52
2026-06-15,Region A,P010,116,122,1.4
2026-06-15,Region A,P011,111,113,1.37
2026-06-15,Region A,P012,87,90,1.14
2026-06-15,Region A,P013,103,105,0.43
2026-06-15,Region A,P014,116,121,0.75
2026-06-15,Region A,P015,141,145,0.0
2026-06-15,Region A,P016,126,128,1.27
2026-06-15,Region A,P017,111,113,0.63
2026-06-15,Region A,P018,96,99,1.38
2026-06-15,Region A,P019,97,99,0.01
2026-06-15,Region A,P020,77,80,0.95
2026-06-15,Region A,P021,83,89,1.39
2026-06-15,Region A,P022,145,154,1.82
2026-06-15,Region A,P023,85,91,1.68
2026-06-15,Region A,P024,114,120,0.53
2026-06-15,Region A,P025,84,87,1.27
2026-06-15,Region A,P026,120,125,0.7
2026-06-15,Region A,P027,85,87,0.19
2026-06-15,Region A,P028,94,97,0.47
2026-06-15,Region A,P029,139,145,0.25
2026-06-15,Region A,P030,131,133,1.41
2026-06-15,Region B,P001,83,86,0.74
2026-06-15,Region B,P002,82,86,1.1
2026-06-15,Region B,P003,127,129,0.0
2026-06-15,Region B,P004,142,150,0.85
2026-06-15,Region B,P005,110,114,0.82
2026-06-15,Region B,P006,134,142,1.22
2026-06-15,Region B,P007,104,108,0.85
2026-06-15,Region B,P008,154,158,0.32
2026-06-15,Region B,P009,140,148,1.55
2026-06-15,Region B,P010,152,159,1.43
2026-06-15,Region B,P011,123,125,0.0
2026-06-15,Region B,P012,93,96,0.06
2026-06-15,Region B,P013,80,83,0.15
2026-06-15,Region B,P014,105,112,2.28
2026-06-15,Region B,P015,129,131,0.0
2026-06-15,Region B,P016,94,100,0.55
2026-06-15,Region B,P017,90,93,0.0
2026-06-15,Region B,P018,127,130,1.07
2026-06-15,Region B,P019,94,96,0.36
2026-06-15,Region B,P020,118,125,0.93
2026-06-15,Region B,P021,127,134,0.95
2026-06-15,Region B,P022,121,129,1.87
2026-06-15,Region B,P023,129,134,1.13
2026-06-15,Region B,P024,127,132,0.86
2026-06-15,Region B,P025,141,149,0.97
2026-06-15,Region B,P026,131,136,0.8
2026-06-15,Region B,P027,115,122,0.18
2026-06-15,Region B,P028,88,94,1.53
2026-06-15,Region B,P029,107,113,1.45
2026-06-15,Region B,P030,137,145,0.48
2026-06-15,Region C,P001,111,113,0.0
2026-06-15,Region C,P002,146,151,0.56
2026-06-15,Region C,P003,137,146,0.01
2026-06-15,Region C,P004,134,142,0.75
2026-06-15,Region C,P005,142,145,0.07
2026-06-15,Region C,P006,117,123,0.16
2026-06-15,Region C,P007,150,157,0.93
2026-06-15,Region C,P008,76,80,0.98
2026-06-15,Region C,P009,110,115,0.56
2026-06-15,Region C,P010,105,110,1.36
2026-06-15,Region C,P011,86,89,0.91
2026-06-15,Region C,P012,76,80,1.64
2026-06-15,Region C,P013,139,147,2.04
2026-06-15,Region C,P014,133,139,1.23
2026-06-15,Region C,P015,81,84,0.63
2026-06-15,Region C,P016,107,113,0.84
2026-06-15,Region C,P017,92,94,0.46
2026-06-15,Region C,P018,119,121,0.37
2026-06-15,Region C,P019,127,130,0.88
2026-06-15,Region C,P020,120,123,1.19
2026-06-15,Region C,P021,84,88,0.23
2026-06-15,Region C,P022,109,113,0.21
2026-06-15,Region C,P023,99,105,0.84
2026-06-15,Region C,P024,129,138,1.72
2026-06-15,Region C,P025,102,106,0.15
2026-06-15,Region C,P026,89,91,0.31
2026-06-15,Region C,P027,108,110,0.86
2026-06-15,Region C,P028,76,80,0.52
2026-06-15,Region C,P029,126,133,1.01
2026-06-15,Region C,P030,87,90,0.61
2026-06-15,Region D,P001,84,85,0.63
2026-06-15,Region D,P002,94,96,0.44
2026-06-15,Region D,P003,139,141,1.42
2026-06-15,Region D,P004,148,156,1.44
2026-06-15,Region D,P005,144,151,1.12
2026-06-15,Region D,P006,105,111,0.55
2026-06-15,Region D,P007,100,103,0.74
2026-06-15,Region D,P008,131,137,1.93
2026-06-15,Region D,P009,105,110,0.93
2026-06-15,Region D,P010,111,114,0.62
2026-06-15,Region D,P011,120,123,0.82
2026-06-15,Region D,P012,78,81,0.6
2026-06-15,Region D,P013,136,141,0.03
2026-06-15,Region D,P014,121,125,0.65
2026-06-15,Region D,P015,100,104,0.65
2026-06-15,Region D,P016,110,115,0.32
2026-06-15,Region D,P017,145,153,1.06
2026-06-15,Region D,P018,118,124,0.6
2026-06-15,Region D,P019,78,80,1.18
2026-06-15,Region D,P020,151,155,1.07
2026-06-15,Region D,P021,150,158,0.0
2026-06-15,Region D,P022,92,98,1.58
2026-06-15,Region D,P023,91,97,1.97
2026-06-15,Region D,P024,127,131,0.84
2026-06-15,Region D,P025,99,102,0.27
2026-06-15,Region D,P026,84,87,0.75
2026-06-15,Region D,P027,134,142,1.43
2026-06-15,Region D,P028,86,89,0.11
2026-06-15,Region D,P029,126,132,1.31
2026-06-15,Region D,P030,101,103,0.96
2026-06-16,Region A,P001,144,151,0.64
2026-06-16,Region A,P002,121,129,0.83
2026-06-16,Region A,P003,90,93,0.64
2026-06-16,Region A,P004,129,132,0.45
2026-06-16,Region A,P005,145,151,0.59
2026-06-16,Region A,P006,127,129,0.58
2026-06-16,Region A,P007,92,96,1.11
2026-06-16,Region A,P008,145,154,1.6
2026-06-16,Region A,P009,92,95,0.26
2026-06-16,Region A,P010,110,117,1.04
2026-06-16,Region A,P011,78,82,1.41
2026-06-16,Region A,P012,90,93,0.58
2026-06-16,Region A,P013,144,152,1.64
2026-06-16,Region A,P014,85,89,0.87
2026-06-16,Region A,P015,125,128,1.0
2026-06-16,Region A,P016,99,104,1.91
2026-06-16,Region A,P017,135,142,1.0
2026-06-16,Region A,P018,117,122,1.04
2026-06-16,Region A,P019,134,139,0.53
2026-06-16,Region A,P020,124,129,0.51
2026-06-16,Region A,P021,97,100,0.91
2026-06-16,Region A,P022,114,122,0.83
2026-06-16,Region A,P023,102,104,0.13
2026-06-16,Region A,P024,84,89,1.04
2026-06-16,Region A,P025,104,109,1.44
2026-06-16,Region A,P026,108,111,0.77
2026-06-16,Region A,P027,94,96,1.07
2026-06-16,Region A,P028,98,104,0.98
2026-06-16,Region A,P029,137,139,0.28
2026-06-16,Region A,P030,144,149,0.03
2026-06-16,Region B,P001,149,153,0.23
2026-06-16,Region B,P002,99,104,1.05
2026-06-16,Region B,P003,99,101,0.58
2026-06-16,Region B,P004,142,150,1.15
2026-06-16,Region B,P005,85,89,0.89
2026-06-16,Region B,P006,111,116,0.45
2026-06-16,Region B,P007,105,108,0.31
2026-06-16,Region B,P008,127,129,0.81
2026-06-16,Region B,P009,122,125,0.47
2026-06-16,Region B,P010,146,150,0.84
2026-06-16,Region B,P011,124,127,0.94
2026-06-16,Region B,P012,127,129,0.28
2026-06-16,Region B,P013,110,114,0.98
2026-06-16,Region B,P014,138,143,0.87
2026-06-16,Region B,P015,126,129,0.51
2026-06-16,Region B,P016,87,89,0.03
2026-06-16,Region B,P017,112,118,1.17
2026-06-16,Region B,P018,115,117,0.42
2026-06-16,Region B,P019,96,101,0.7
2026-06-16,Region B,P020,95,97,0.54
2026-06-16,Region B,P021,155,159,0.0
2026-06-16,Region B,P022,76,80,0.43
2026-06-16,Region B,P023,102,106,0.0
2026-06-16,Region B,P024,79,84,1.12
2026-06-16,Region B,P025,109,111,0.33
2026-06-16,Region B,P026,92,96,0.79
2026-06-16,Region B,P027,135,140,1.47
2026-06-16,Region B,P028,105,112,1.42
2026-06-16,Region B,P029,144,153,1.47
2026-06-16,Region B,P030,139,145,0.96
2026-06-16,Region C,P001,88,90,0.91
2026-06-16,Region C,P002,118,124,1.64
2026-06-16,Region C,P003,115,123,1.07
2026-06-16,Region C,P004,154,159,0.63
2026-06-16,Region C,P005,131,138,1.79
2026-06-16,Region C,P006,143,146,0.13
2026-06-16,Region C,P007,113,115,0.4
2026-06-16,Region C,P008,145,148,0.0
2026-06-16,Region C,P009,94,99,0.5
2026-06-16,Region C,P010,122,126,0.82
2026-06-16,Region C,P011,122,124,0.15
2026-06-16,Region C,P012,90,96,2.3
2026-06-16,Region C,P013,95,99,1.33
2026-06-16,Region C,P014,96,100,0.84
2026-06-16,Region C,P015,139,147,1.13
2026-06-16,Region C,P016,109,113,0.0
2026-06-16,Region C,P017,115,121,1.16
2026-06-16,Region C,P018,148,158,1.53
2026-06-16,Region C,P019,110,114,1.0
2026-06-16,Region C,P020,128,131,0.54
2026-06-16,Region C,P021,82,85,1.7
2026-06-16,Region C,P022,93,95,0.0
2026-06-16,Region C,P023,137,144,1.33
2026-06-16,Region C,P024,146,149,0.0
2026-06-16,Region C,P025,108,115,0.3
2026-06-16,Region C,P026,113,115,0.0
2026-06-16,Region C,P027,118,124,1.23
2026-06-16,Region C,P028,118,126,2.18
2026-06-16,Region C,P029,129,134,0.49
2026-06-16,Region C,P030,110,112,0.55
2026-06-16,Region D,P001,141,145,0.47
2026-06-16,Region D,P002,77,80,1.9
2026-06-16,Region D,P003,143,150,0.46
2026-06-16,Region D,P004,111,115,0.0
2026-06-16,Region D,P005,91,93,0.0
2026-06-16,Region D,P006,106,108,0.24
2026-06-16,Region D,P007,93,98,1.2
2026-06-16,Region D,P008,139,148,1.52
2026-06-16,Region D,P009,127,131,0.96
2026-06-16,Region D,P010,118,125,0.64
2026-06-16,Region D,P011,85,90,0.71
2026-06-16,Region D,P012,142,144,0.68
2026-06-16,Region D,P013,125,129,0.39
2026-06-16,Region D,P014,138,142,0.31
2026-06-16,Region D,P015,131,138,0.24
2026-06-16,Region D,P016,137,142,1.29
2026-06-16,Region D,P017,121,128,0.87
2026-06-16,Region D,P018,93,96,0.16
2026-06-16,Region D,P019,102,108,1.04
2026-06-16,Region D,P020,144,150,1.16
2026-06-16,Region D,P021,79,82,1.52
2026-06-16,Region D,P022,107,114,2.2
2026-06-16,Region D,P023,107,111,0.67
2026-06-16,Region D,P024,155,158,0.05
2026-06-16,Region D,P025,99,103,0.33
2026-06-16,Region D,P026,148,156,1.37
2026-06-16,Region D,P027,125,130,0.56
2026-06-16,Region D,P028,114,119,1.16
2026-06-16,Region D,P029,87,90,0.75
2026-06-16,Region D,P030,95,99,0.0
2026-06-17,Region A,P001,107,114,1.13
2026-06-17,Region A,P002,104,108,1.05
2026-06-17,Region A,P003,150,155,0.29
2026-06-17,Region A,P004,130,135,0.31
2026-06-17,Region A,P005,126,131,1.1
2026-06-17,Region A,P006,137,141,0.94
2026-06-17,Region A,P007,86,88,0.36
2026-06-17,Region A,P008,146,155,1.2
2026-06-17,Region A,P009,140,144,0.39
2026-06-17,Region A,P010,130,134,0.0
2026-06-17,Region A,P011,128,133,0.55
2026-06-17,Region A,P012,103,108,0.79
2026-06-17,Region A,P013,119,126,1.16
2026-06-17,Region A,P014,145,151,0.77
2026-06-17,Region A,P015,128,137,1.09
2026-06-17,Region A,P016,146,149,0.81
2026-06-17,Region A,P017,153,158,0.18
2026-06-17,Region A,P018,128,131,0.24
2026-06-17,Region A,P019,81,83,0.7
2026-06-17,Region A,P020,116,122,1.06
2026-06-17,Region A,P021,93,96,1.17
2026-06-17,Region A,P022,138,145,1.63
2026-06-17,Region A,P023,104,109,0.52
2026-06-17,Region A,P024,133,137,0.47
2026-06-17,Region A,P025,83,87,0.24
2026-06-17,Region A,P026,120,124,0.0
2026-06-17,Region A,P027,93,99,0.75
2026-06-17,Region A,P028,137,146,1.0
2026-06-17,Region A,P029,80,85,1.55
2026-06-17,Region A,P030,81,85,0.94
2026-06-17,Region B,P001,107,109,0.66
2026-06-17,Region B,P002,94,100,1.52
2026-06-17,Region B,P003,137,142,0.85
2026-06-17,Region B,P004,93,97,0.46
2026-06-17,Region B,P005,147,154,0.96
2026-06-17,Region B,P006,96,99,1.07
2026-06-17,Region B,P007,88,94,1.33
2026-06-17,Region B,P008,131,139,1.25
2026-06-17,Region B,P009,104,111,1.9
2026-06-17,Region B,P010,90,93,0.56
2026-06-17,Region B,P011,129,135,1.28
2026-06-17,Region B,P012,88,92,0.69
2026-06-17,Region B,P013,149,156,1.87
2026-06-17,Region B,P014,147,150,0.09
2026-06-17,Region B,P015,107,112,0.48
2026-06-17,Region B,P016,146,153,0.2
2026-06-17,Region B,P017,79,81,0.0
2026-06-17,Region B,P018,146,152,0.93
2026-06-17,Region B,P019,94,100,1.6
2026-06-17,Region B,P020,142,149,1.31
2026-06-17,Region B,P021,91,94,0.75
2026-06-17,Region B,P022,144,152,2.23
2026-06-17,Region B,P023,156,159,0.06
2026-06-17,Region B,P024,119,122,1.8
2026-06-17,Region B,P025,120,124,0.0
2026-06-17,Region B,P026,112,115,0.8
2026-06-17,Region B,P027,124,132,1.04
2026-06-17,Region B,P028,147,151,0.53
2026-06-17,Region B,P029,126,133,1.55
2026-06-17,Region B,P030,147,150,0.43
2026-06-17,Region C,P001,126,128,0.0
2026-06-17,Region C,P002,78,82,0.82
2026-06-17,Region C,P003,133,141,0.51
2026-06-17,Region C,P004,132,138,0.55
2026-06-17,Region C,P005,155,159,0.48
2026-06-17,Region C,P006,146,152,0.4
2026-06-17,Region C,P007,126,130,0.37
2026-06-17,Region C,P008,135,140,0.31
2026-06-17,Region C,P009,135,141,1.37
2026-06-17,Region C,P010,147,157,2.02
2026-06-17,Region C,P011,136,145,0.71
2026-06-17,Region C,P012,111,119,1.2
2026-06-17,Region C,P013,147,154,1.03
2026-06-17,Region C,P014,101,105,1.22
2026-06-17,Region C,P015,94,96,0.69
2026-06-17,Region C,P016,90,92,0.21
2026-06-17,Region C,P017,81,84,0.46
2026-06-17,Region C,P018,151,155,0.19
2026-06-17,Region C,P019,147,154,0.73
2026-06-17,Region C,P020,88,93,1.06
2026-06-17,Region C,P021,118,125,1.7
2026-06-17,Region C,P022,133,140,1.95
2026-06-17,Region C,P023,78,81,0.0
2026-06-17,Region C,P024,90,92,0.0
2026-06-17,Region C,P025,133,137,0.42
2026-06-17,Region C,P026,151,159,1.16
2026-06-17,Region C,P027,137,140,0.39
2026-06-17,Region C,P028,134,142,1.62
2026-06-17,Region C,P029,144,147,0.8
2026-06-17,Region C,P030,88,91,1.06
2026-06-17,Region D,P001,83,87,0.84
2026-06-17,Region D,P002,98,101,0.69
2026-06-17,Region D,P003,88,92,1.72
2026-06-17,Region D,P004,129,133,0.29
2026-06-17,Region D,P005,135,143,2.43
2026-06-17,Region D,P006,114,117,0.0
2026-06-17,Region D,P007,89,91,0.34
2026-06-17,Region D,P008,117,121,0.87
2026-06-17,Region D,P009,144,152,0.72
2026-06-17,Region D,P010,123,130,0.73
2026-06-17,Region D,P011,151,157,0.4
2026-06-17,Region D,P012,141,145,0.33
2026-06-17,Region D,P013,132,138,0.43
2026-06-17,Region D,P014,96,102,0.86
2026-06-17,Region D,P015,149,153,0.79
2026-06-17,Region D,P016,96,102,1.49
2026-06-17,Region D,P017,101,106,0.2
2026-06-17,Region D,P018,81,83,0.25
2026-06-17,Region D,P019,137,143,0.7
2026-06-17,Region D,P020,131,137,0.65
2026-06-17,Region D,P021,120,125,0.0
2026-06-17,Region D,P022,110,115,1.36
2026-06-17,Region D,P023,150,157,1.18
2026-06-17,Region D,P024,116,119,0.69
2026-06-17,Region D,P025,112,118,0.99
2026-06-17,Region D,P026,142,150,0.9
2026-06-17,Region D,P027,106,112,1.9
2026-06-17,Region D,P028,135,142,1.79
2026-06-17,Region D,P029,150,159,1.15
2026-06-17,Region D,P030,124,126,0.02
2026-06-18,Region A,P001,93,96,0.0
2026-06-18,Region A,P002,107,111,0.85
2026-06-18,Region A,P003,76,81,1.47
2026-06-18,Region A,P004,137,141,0.64
2026-06-18,Region A,P005,146,153,1.19
2026-06-18,Region A,P006,141,146,0.93
2026-06-18,Region A,P007,81,82,0.21
2026-06-18,Region A,P008,116,122,1.72
2026-06-18,Region A,P009,116,121,1.11
2026-06-18,Region A,P010,152,157,1.14
2026-06-18,Region A,P011,103,105,0.68
2026-06-18,Region A,P012,121,124,1.02
2026-06-18,Region A,P013,142,146,0.03
2026-06-18,Region A,P014,109,112,0.5
2026-06-18,Region A,P015,106,113,0.41
2026-06-18,Region A,P016,117,122,0.13
2026-06-18,Region A,P017,139,148,1.32
2026-06-18,Region A,P018,156,159,0.19
2026-06-18,Region A,P019,80,82,0.41
2026-06-18,Region A,P020,101,106,1.41
2026-06-18,Region A,P021,93,97,0.84
2026-06-18,Region A,P022,108,113,0.0
2026-06-18,Region A,P023,137,146,1.65
2026-06-18,Region A,P024,88,91,0.54
2026-06-18,Region A,P025,141,150,1.62
2026-06-18,Region A,P026,98,100,0.95
2026-06-18,Region A,P027,131,134,0.98
2026-06-18,Region A,P028,110,117,1.0
2026-06-18,Region A,P029,102,104,0.36
2026-06-18,Region A,P030,124,127,0.12
2026-06-18,Region B,P001,119,125,0.76
2026-06-18,Region B,P002,142,151,2.38
2026-06-18,Region B,P003,105,107,1.43
2026-06-18,Region B,P004,125,127,0.23
2026-06-18,Region B,P005,131,137,0.21
2026-06-18,Region B,P006,129,137,1.17
2026-06-18,Region B,P007,122,130,1.43
2026-06-18,Region B,P008,133,135,0.64
2026-06-18,Region B,P009,81,83,0.02
2026-06-18,Region B,P010,129,134,0.45
2026-06-18,Region B,P011,80,82,0.3
2026-06-18,Region B,P012,114,117,0.1
2026-06-18,Region B,P013,130,134,0.77
2026-06-18,Region B,P014,81,87,0.82
2026-06-18,Region B,P015,145,148,0.5
2026-06-18,Region B,P016,120,124,0.44
2026-06-18,Region B,P017,142,146,0.17
2026-06-18,Region B,P018,96,102,0.71
2026-06-18,Region B,P019,105,109,0.17
2026-06-18,Region B,P020,124,128,0.68
2026-06-18,Region B,P021,116,122,0.98
2026-06-18,Region B,P022,135,143,1.73
2026-06-18,Region B,P023,106,111,0.93
2026-06-18,Region B,P024,150,152,0.75
2026-06-18,Region B,P025,86,88,0.87
2026-06-18,Region B,P026,78,81,0.28
2026-06-18,Region B,P027,128,133,1.38
2026-06-18,Region B,P028,141,145,0.57
2026-06-18,Region B,P029,142,145,0.0
2026-06-18,Region B,P030,132,140,0.37
2026-06-18,Region C,P001,83,85,0.5
2026-06-18,Region C,P002,130,132,0.0
2026-06-18,Region C,P003,111,116,0.3
2026-06-18,Region C,P004,148,152,0.76
2026-06-18,Region C,P005,126,128,1.02
2026-06-18,Region C,P006,147,153,0.38
2026-06-18,Region C,P007,124,127,0.16
2026-06-18,Region C,P008,88,93,2.32
2026-06-18,Region C,P009,85,89,0.26
2026-06-18,Region C,P010,114,118,0.0
2026-06-18,Region C,P011,123,125,0.57
2026-06-18,Region C,P012,121,126,1.12
2026-06-18,Region C,P013,99,103,0.62
2026-06-18,Region C,P014,128,135,0.67
2026-06-18,Region C,P015,82,87,0.94
2026-06-18,Region C,P016,134,141,1.47
2026-06-18,Region C,P017,91,95,0.63
2026-06-18,Region C,P018,95,102,1.42
2026-06-18,Region C,P019,105,110,0.16
2026-06-18,Region C,P020,131,139,0.45
2026-06-18,Region C,P021,102,108,1.89
2026-06-18,Region C,P022,127,130,0.42
2026-06-18,Region C,P023,95,97,0.24
2026-06-18,Region C,P024,115,121,1.8
2026-06-18,Region C,P025,88,90,0.0
2026-06-18,Region C,P026,80,84,1.65
2026-06-18,Region C,P027,108,114,1.15
2026-06-18,Region C,P028,120,125,0.75
2026-06-18,Region C,P029,93,96,0.73
2026-06-18,Region C,P030,92,98,1.8
2026-06-18,Region D,P001,108,110,0.59
2026-06-18,Region D,P002,97,100,0.14
2026-06-18,Region D,P003,111,118,1.31
2026-06-18,Region D,P004,148,156,1.74
2026-06-18,Region D,P005,79,84,2.11
2026-06-18,Region D,P006,88,91,0.8
2026-06-18,Region D,P007,125,127,0.79
2026-06-18,Region D,P008,126,133,2.06
2026-06-18,Region D,P009,109,116,1.17
2026-06-18,Region D,P010,88,90,0.0
2026-06-18,Region D,P011,93,98,0.77
2026-06-18,Region D,P012,113,120,0.89
2026-06-18,Region D,P013,123,128,2.19
2026-06-18,Region D,P014,102,105,0.36
2026-06-18,Region D,P015,97,103,0.74
2026-06-18,Region D,P016,118,125,1.66
2026-06-18,Region D,P017,148,154,2.23
2026-06-18,Region D,P018,81,85,0.48
2026-06-18,Region D,P019,100,103,0.0
2026-06-18,Region D,P020,125,133,1.51
2026-06-18,Region D,P021,142,145,0.54
2026-06-18,Region D,P022,102,104,0.3
2026-06-18,Region D,P023,118,121,0.88
2026-06-18,Region D,P024,81,86,1.04
2026-06-18,Region D,P025,155,159,1.39
2026-06-18,Region D,P026,147,150,0.13
2026-06-18,Region D,P027,126,132,1.66
2026-06-18,Region D,P028,133,135,0.34
2026-06-18,Region D,P029,85,87,0.0
2026-06-18,Region D,P030,108,112,0.0
2026-06-19,Region A,P001,83,85,1.06
2026-06-19,Region A,P002,133,136,0.0
2026-06-19,Region A,P003,147,156,1.32
2026-06-19,Region A,P004,154,157,0.72
2026-06-19,Region A,P005,105,107,0.37
2026-06-19,Region A,P006,101,103,0.66
2026-06-19,Region A,P007,101,103,0.0
2026-06-19,Region A,P008,93,96,0.51
2026-06-19,Region A,P009,103,110,1.75
2026-06-19,Region A,P010,118,121,0.73
2026-06-19,Region A,P011,108,114,0.81
2026-06-19,Region A,P012,120,128,1.96
2026-06-19,Region A,P013,130,136,1.85
2026-06-19,Region A,P014,76,80,2.15
2026-06-19,Region A,P015,99,104,0.68
2026-06-19,Region A,P016,141,147,0.99
2026-06-19,Region A,P017,115,118,0.79
2026-06-19,Region A,P018,80,83,0.0
2026-06-19,Region A,P019,129,133,1.18
2026-06-19,Region A,P020,125,128,0.88
2026-06-19,Region A,P021,138,144,1.24
2026-06-19,Region A,P022,118,121,1.16
2026-06-19,Region A,P023,107,112,1.25
2026-06-19,Region A,P024,148,150,0.67
2026-06-19,Region A,P025,143,150,0.91
2026-06-19,Region A,P026,151,154,0.2
2026-06-19,Region A,P027,106,113,1.04
2026-06-19,Region A,P028,111,118,1.03
2026-06-19,Region A,P029,109,113,0.72
2026-06-19,Region A,P030,110,117,1.84
2026-06-19,Region B,P001,115,120,1.36
2026-06-19,Region B,P002,111,113,0.36
2026-06-19,Region B,P003,83,85,0.74
2026-06-19,Region B,P004,102,105,0.42
2026-06-19,Region B,P005,88,93,1.12
2026-06-19,Region B,P006,120,127,1.24
2026-06-19,Region B,P007,117,125,1.54
2026-06-19,Region B,P008,137,140,0.56
2026-06-19,Region B,P009,139,146,0.47
2026-06-19,Region B,P010,112,114,0.0
2026-06-19,Region B,P011,100,107,1.28
2026-06-19,Region B,P012,123,131,1.97
2026-06-19,Region B,P013,83,88,1.56
2026-06-19,Region B,P014,82,85,0.81
2026-06-19,Region B,P015,90,96,1.08
2026-06-19,Region B,P016,147,153,1.13
2026-06-19,Region B,P017,89,93,0.54
2026-06-19,Region B,P018,125,127,0.72
2026-06-19,Region B,P019,90,93,0.55
2026-06-19,Region B,P020,111,115,0.89
2026-06-19,Region B,P021,116,122,1.2
2026-06-19,Region B,P022,129,136,0.84
2026-06-19,Region B,P023,148,156,1.54
2026-06-19,Region B,P024,105,108,0.13
2026-06-19,Region B,P025,89,92,1.1
2026-06-19,Region B,P026,103,109,1.97
2026-06-19,Region B,P027,108,115,1.69
2026-06-19,Region B,P028,136,144,0.81
2026-06-19,Region B,P029,129,133,1.02
2026-06-19,Region B,P030,143,147,0.05
2026-06-19,Region C,P001,118,123,0.82
2026-06-19,Region C,P002,132,135,0.18
2026-06-19,Region C,P003,113,116,0.31
2026-06-19,Region C,P004,146,148,0.59
2026-06-19,Region C,P005,111,117,0.0
2026-06-19,Region C,P006,97,103,1.32
2026-06-19,Region C,P007,140,149,0.53
2026-06-19,Region C,P008,77,80,0.22
2026-06-19,Region C,P009,94,97,1.28
2026-06-19,Region C,P010,83,87,0.91
2026-06-19,Region C,P011,139,146,1.32
2026-06-19,Region C,P012,92,95,0.99
2026-06-19,Region C,P013,120,125,0.58
2026-06-19,Region C,P014,79,82,0.83
2026-06-19,Region C,P015,108,111,0.8
2026-06-19,Region C,P016,137,145,1.69
2026-06-19,Region C,P017,93,96,0.59
2026-06-19,Region C,P018,94,99,0.9
2026-06-19,Region C,P019,113,118,1.0
2026-06-19,Region C,P020,145,153,1.17
2026-06-19,Region C,P021,89,94,1.64
2026-06-19,Region C,P022,115,121,0.71
2026-06-19,Region C,P023,101,105,1.43
2026-06-19,Region C,P024,110,114,0.52
2026-06-19,Region C,P025,83,85,0.35
2026-06-19,Region C,P026,144,150,0.75
2026-06-19,Region C,P027,126,130,1.08
2026-06-19,Region C,P028,107,114,0.97
2026-06-19,Region C,P029,154,157,0.0
2026-06-19,Region C,P030,111,114,0.71
2026-06-19,Region D,P001,108,112,0.91
2026-06-19,Region D,P002,96,102,0.75
2026-06-19,Region D,P003,131,135,0.31
2026-06-19,Region D,P004,137,142,0.77
2026-06-19,Region D,P005,92,96,1.03
2026-06-19,Region D,P006,151,156,1.13
2026-06-19,Region D,P007,154,159,0.77
2026-06-19,Region D,P008,78,83,2.02
2026-06-19,Region D,P009,112,118,1.29
2026-06-19,Region D,P010,77,81,1.16
2026-06-19,Region D,P011,145,147,1.38
2026-06-19,Region D,P012,119,126,1.98
2026-06-19,Region D,P013,144,150,1.29
2026-06-19,Region D,P014,126,132,0.6
2026-06-19,Region D,P015,132,134,0.0
2026-06-19,Region D,P016,95,98,0.87
2026-06-19,Region D,P017,133,136,1.04
2026-06-19,Region D,P018,90,92,0.42
2026-06-19,Region D,P019,139,142,0.52
2026-06-19,Region D,P020,99,102,0.8
2026-06-19,Region D,P021,109,116,1.49
2026-06-19,Region D,P022,129,134,1.04
2026-06-19,Region D,P023,141,150,1.35
2026-06-19,Region D,P024,123,131,1.25
2026-06-19,Region D,P025,81,85,0.97
2026-06-19,Region D,P026,145,154,1.07
2026-06-19,Region D,P027,126,129,0.0
2026-06-19,Region D,P028,81,85,2.42
2026-06-19,Region D,P029,80,84,2.01
2026-06-19,Region D,P030,138,145,2.25
2026-06-20,Region A,P001,146,154,1.53
2026-06-20,Region A,P002,108,114,0.29
2026-06-20,Region A,P003,150,154,0.52
2026-06-20,Region A,P004,111,115,0.0
2026-06-20,Region A,P005,134,142,0.9
2026-06-20,Region A,P006,119,122,0.0
2026-06-20,Region A,P007,82,87,1.04
2026-06-20,Region A,P008,129,137,0.89
2026-06-20,Region A,P009,125,133,1.63
2026-06-20,Region A,P010,136,141,0.68
2026-06-20,Region A,P011,95,98,0.0
2026-06-20,Region A,P012,96,102,0.28
2026-06-20,Region A,P013,144,154,0.71
2026-06-20,Region A,P014,122,124,0.56
2026-06-20,Region A,P015,91,93,0.23
2026-06-20,Region A,P016,96,98,0.43
2026-06-20,Region A,P017,153,158,0.21
2026-06-20,Region A,P018,77,81,1.66
2026-06-20,Region A,P019,122,130,1.71
2026-06-20,Region A,P020,80,85,3.12
2026-06-20,Region A,P021,103,107,1.61
2026-06-20,Region A,P022,146,153,1.56
2026-06-20,Region A,P023,123,131,1.63
2026-06-20,Region A,P024,89,92,0.3
2026-06-20,Region A,P025,150,157,1.49
2026-06-20,Region A,P026,128,132,1.11
2026-06-20,Region A,P027,112,115,0.72
2026-06-20,Region A,P028,150,158,1.12
2026-06-20,Region A,P029,76,81,0.88
2026-06-20,Region A,P030,147,154,1.14
2026-06-20,Region B,P001,155,159,0.2
2026-06-20,Region B,P002,113,119,0.3
2026-06-20,Region B,P003,137,141,0.51
2026-06-20,Region B,P004,146,154,0.91
2026-06-20,Region B,P005,118,121,0.2
2026-06-20,Region B,P006,133,138,1.07
2026-06-20,Region B,P007,122,129,1.08
2026-06-20,Region B,P008,91,94,0.63
2026-06-20,Region B,P009,127,132,0.24
2026-06-20,Region B,P010,133,135,0.0
2026-06-20,Region B,P011,145,149,0.0
2026-06-20,Region B,P012,129,137,1.74
2026-06-20,Region B,P013,97,102,0.65
2026-06-20,Region B,P014,152,157,1.31
2026-06-20,Region B,P015,89,91,0.67
2026-06-20,Region B,P016,106,111,1.7
2026-06-20,Region B,P017,156,159,0.0
2026-06-20,Region B,P018,120,126,0.73
2026-06-20,Region B,P019,105,109,1.16
2026-06-20,Region B,P020,139,142,0.15
2026-06-20,Region B,P021,139,142,0.77
2026-06-20,Region B,P022,87,93,1.08
2026-06-20,Region B,P023,88,89,0.69
2026-06-20,Region B,P024,137,139,0.16
2026-06-20,Region B,P025,112,119,0.84
2026-06-20,Region B,P026,84,87,0.93
2026-06-20,Region B,P027,102,104,0.4
2026-06-20,Region B,P028,112,114,0.89
2026-06-20,Region B,P029,84,89,1.1
2026-06-20,Region B,P030,101,106,1.47
2026-06-20,Region C,P001,156,159,1.38
2026-06-20,Region C,P002,108,111,1.04
2026-06-20,Region C,P003,120,125,1.26
2026-06-20,Region C,P004,77,82,0.74
2026-06-20,Region C,P005,130,134,0.39
2026-06-20,Region C,P006,149,154,0.24
2026-06-20,Region C,P007,95,102,1.14
2026-06-20,Region C,P008,94,100,1.12
2026-06-20,Region C,P009,89,93,0.57
2026-06-20,Region C,P010,110,116,1.32
2026-06-20,Region C,P011,110,112,0.38
2026-06-20,Region C,P012,137,140,0.8
2026-06-20,Region C,P013,156,159,0.12
2026-06-20,Region C,P014,138,142,0.9
2026-06-20,Region C,P015,134,138,0.3
2026-06-20,Region C,P016,141,147,1.37
2026-06-20,Region C,P017,101,103,0.0
2026-06-20,Region C,P018,126,134,0.88
2026-06-20,Region C,P019,87,91,0.13
2026-06-20,Region C,P020,145,150,1.08
2026-06-20,Region C,P021,140,146,0.37
2026-06-20,Region C,P022,125,130,1.51
2026-06-20,Region C,P023,139,146,1.02
2026-06-20,Region C,P024,78,81,0.1
2026-06-20,Region C,P025,150,158,2.14
2026-06-20,Region C,P026,109,115,0.6
2026-06-20,Region C,P027,109,111,0.88
2026-06-20,Region C,P028,111,118,1.69
2026-06-20,Region C,P029,94,100,0.0
2026-06-20,Region C,P030,111,117,1.49
2026-06-20,Region D,P001,89,94,0.58
2026-06-20,Region D,P002,128,131,0.5
2026-06-20,Region D,P003,97,103,1.47
2026-06-20,Region D,P004,147,153,0.84
2026-06-20,Region D,P005,141,147,1.35
2026-06-20,Region D,P006,115,118,0.02
2026-06-20,Region D,P007,113,120,1.62
2026-06-20,Region D,P008,149,153,1.07
2026-06-20,Region D,P009,135,141,1.17
2026-06-20,Region D,P010,103,109,0.44
2026-06-20,Region D,P011,105,112,1.09
2026-06-20,Region D,P012,89,93,1.59
2026-06-20,Region D,P013,82,88,1.35
2026-06-20,Region D,P014,77,80,0.34
2026-06-20,Region D,P015,154,157,1.11
2026-06-20,Region D,P016,124,128,1.22
2026-06-20,Region D,P017,114,118,0.87
2026-06-20,Region D,P018,77,80,0.66
2026-06-20,Region D,P019,120,126,0.95
2026-06-20,Region D,P020,135,142,0.91
2026-06-20,Region D,P021,118,123,0.79
2026-06-20,Region D,P022,109,111,0.69
2026-06-20,Region D,P023,119,122,0.0
2026-06-20,Region D,P024,139,142,0.67
2026-06-20,Region D,P025,126,132,1.01
2026-06-20,Region D,P026,141,148,1.48
2026-06-20,Region D,P027,111,115,0.55
2026-06-20,Region D,P028,103,107,1.72
2026-06-20,Region D,P029,112,115,0.36
2026-06-20,Region D,P030,140,147,1.27
2026-06-21,Region A,P001,101,104,1.7
2026-06-21,Region A,P002,117,123,1.75
2026-06-21,Region A,P003,128,135,0.56
2026-06-21,Region A,P004,87,91,0.47
2026-06-21,Region A,P005,112,114,0.65
2026-06-21,Region A,P006,132,134,0.0
2026-06-21,Region A,P007,121,127,0.66
2026-06-21,Region A,P008,85,90,1.16
2026-06-21,Region A,P009,118,124,1.09
2026-06-21,Region A,P010,109,115,0.72
2026-06-21,Region A,P011,100,102,1.39
2026-06-21,Region A,P012,127,133,0.0
2026-06-21,Region A,P013,145,155,2.32
2026-06-21,Region A,P014,153,157,0.77
2026-06-21,Region A,P015,130,139,0.59
2026-06-21,Region A,P016,85,87,0.3
2026-06-21,Region A,P017,133,135,0.65
2026-06-21,Region A,P018,119,123,0.81
2026-06-21,Region A,P019,110,116,1.0
2026-06-21,Region A,P020,82,87,0.85
2026-06-21,Region A,P021,119,123,1.11
2026-06-21,Region A,P022,126,132,0.87
2026-06-21,Region A,P023,106,111,0.12
2026-06-21,Region A,P024,117,122,0.56
2026-06-21,Region A,P025,135,144,0.97
2026-06-21,Region A,P026,88,92,0.24
2026-06-21,Region A,P027,114,121,0.62
2026-06-21,Region A,P028,94,96,0.51
2026-06-21,Region A,P029,125,129,0.26
2026-06-21,Region A,P030,137,140,0.19
2026-06-21,Region B,P001,125,132,0.72
2026-06-21,Region B,P002,136,143,1.53
2026-06-21,Region B,P003,118,124,0.76
2026-06-21,Region B,P004,104,109,0.72
2026-06-21,Region B,P005,146,153,0.49
2026-06-21,Region B,P006,134,142,0.46
2026-06-21,Region B,P007,110,114,1.64
2026-06-21,Region B,P008,120,127,0.99
2026-06-21,Region B,P009,91,97,2.32
2026-06-21,Region B,P010,110,112,0.0
2026-06-21,Region B,P011,140,144,0.18
2026-06-21,Region B,P012,138,142,0.97
2026-06-21,Region B,P013,141,143,0.0
2026-06-21,Region B,P014,77,81,0.02
2026-06-21,Region B,P015,84,87,0.0
2026-06-21,Region B,P016,104,110,0.61
2026-06-21,Region B,P017,139,147,0.66
2026-06-21,Region B,P018,142,145,0.8
2026-06-21,Region B,P019,80,82,0.95
2026-06-21,Region B,P020,123,131,1.28
2026-06-21,Region B,P021,124,132,1.04
2026-06-21,Region B,P022,148,150,0.72
2026-06-21,Region B,P023,140,149,1.25
2026-06-21,Region B,P024,152,159,0.7
2026-06-21,Region B,P025,143,149,1.42
2026-06-21,Region B,P026,99,101,0.0
2026-06-21,Region B,P027,100,104,1.11
2026-06-21,Region B,P028,127,131,0.73
2026-06-21,Region B,P029,124,127,0.0
2026-06-21,Region B,P030,111,118,1.41
2026-06-21,Region C,P001,122,125,0.4
2026-06-21,Region C,P002,91,96,1.24
2026-06-21,Region C,P003,108,115,1.01
2026-06-21,Region C,P004,112,117,1.78
2026-06-21,Region C,P005,107,113,1.41
2026-06-21,Region C,P006,93,97,1.06
2026-06-21,Region C,P007,118,124,0.48
2026-06-21,Region C,P008,124,126,0.23
2026-06-21,Region C,P009,86,88,0.96
2026-06-21,Region C,P010,94,99,0.95
2026-06-21,Region C,P011,139,143,0.95
2026-06-21,Region C,P012,87,90,0.16
2026-06-21,Region C,P013,116,119,0.69
2026-06-21,Region C,P014,87,89,0.41
2026-06-21,Region C,P015,107,113,0.65
2026-06-21,Region C,P016,89,94,0.48
2026-06-21,Region C,P017,109,114,1.29
2026-06-21,Region C,P018,130,137,0.84
2026-06-21,Region C,P019,127,130,0.63
2026-06-21,Region C,P020,147,150,0.42
2026-06-21,Region C,P021,145,148,0.0
2026-06-21,Region C,P022,81,84,0.46
2026-06-21,Region C,P023,98,102,1.21
2026-06-21,Region C,P024,120,126,0.99
2026-06-21,Region C,P025,114,118,0.32
2026-06-21,Region C,P026,108,115,1.51
2026-06-21,Region C,P027,126,134,1.69
2026-06-21,Region C,P028,114,121,1.68
2026-06-21,Region C,P029,101,107,1.02
2026-06-21,Region C,P030,137,144,1.43
2026-06-21,Region D,P001,101,103,0.0
2026-06-21,Region D,P002,94,99,0.8
2026-06-21,Region D,P003,120,127,1.73
2026-06-21,Region D,P004,133,138,0.76
2026-06-21,Region D,P005,126,130,0.35
2026-06-21,Region D,P006,141,149,1.12
2026-06-21,Region D,P007,146,153,1.25
2026-06-21,Region D,P008,89,93,0.54
2026-06-21,Region D,P009,111,117,1.18
2026-06-21,Region D,P010,131,139,1.4
2026-06-21,Region D,P011,153,155,0.79
2026-06-21,Region D,P012,131,138,1.44
2026-06-21,Region D,P013,78,80,0.8
2026-06-21,Region D,P014,146,151,0.0
2026-06-21,Region D,P015,113,120,2.39
2026-06-21,Region D,P016,95,100,1.17
2026-06-21,Region D,P017,84,88,1.36
2026-06-21,Region D,P018,128,134,0.35
2026-06-21,Region D,P019,114,118,1.15
2026-06-21,Region D,P020,79,82,0.4
2026-06-21,Region D,P021,152,155,0.0
2026-06-21,Region D,P022,129,132,0.3
2026-06-21,Region D,P023,126,133,1.24
2026-06-21,Region D,P024,142,148,0.73
2026-06-21,Region D,P025,98,104,2.06
2026-06-21,Region D,P026,99,103,1.12
2026-06-21,Region D,P027,88,93,0.55
2026-06-21,Region D,P028,122,127,0.96
2026-06-21,Region D,P029,146,156,0.87
2026-06-21,Region D,P030,91,96,1.39
2026-06-22,Region A,P001,95,101,1.7
2026-06-22,Region A,P002,153,158,0.0
2026-06-22,Region A,P003,99,106,2.1
2026-06-22,Region A,P004,117,125,2.05
2026-06-22,Region A,P005,96,101,1.24
2026-06-22,Region A,P006,142,149,0.84
2026-06-22,Region A,P007,143,149,0.71
2026-06-22,Region A,P008,123,128,1.61
2026-06-22,Region A,P009,95,100,0.77
2026-06-22,Region A,P010,94,96,0.56
2026-06-22,Region A,P011,85,90,1.57
2026-06-22,Region A,P012,139,142,1.13
2026-06-22,Region A,P013,118,122,0.0
2026-06-22,Region A,P014,100,103,0.55
2026-06-22,Region A,P015,91,97,1.9
2026-06-22,Region A,P016,100,103,0.99
2026-06-22,Region A,P017,84,85,0.23
2026-06-22,Region A,P018,155,158,0.0
2026-06-22,Region A,P019,96,101,0.98
2026-06-22,Region A,P020,137,142,0.44
2026-06-22,Region A,P021,114,117,0.32
2026-06-22,Region A,P022,104,106,0.0
2026-06-22,Region A,P023,104,107,1.26
2026-06-22,Region A,P024,110,114,0.86
2026-06-22,Region A,P025,82,84,0.2
2026-06-22,Region A,P026,95,97,0.95
2026-06-22,Region A,P027,90,93,0.53
2026-06-22,Region A,P028,92,94,0.39
2026-06-22,Region A,P029,141,145,0.92
2026-06-22,Region A,P030,119,125,1.2
2026-06-22,Region B,P001,86,92,1.55
2026-06-22,Region B,P002,146,149,0.61
2026-06-22,Region B,P003,91,94,0.67
2026-06-22,Region B,P004,86,89,0.05
2026-06-22,Region B,P005,94,99,1.06
2026-06-22,Region B,P006,143,151,1.06
2026-06-22,Region B,P007,148,151,0.43
2026-06-22,Region B,P008,137,144,1.55
2026-06-22,Region B,P009,100,104,0.59
2026-06-22,Region B,P010,153,158,0.55
2026-06-22,Region B,P011,106,113,1.25
2026-06-22,Region B,P012,101,104,1.32
2026-06-22,Region B,P013,87,90,0.76
2026-06-22,Region B,P014,146,152,1.19
2026-06-22,Region B,P015,81,83,0.18
2026-06-22,Region B,P016,93,97,1.11
2026-06-22,Region B,P017,157,159,0.39
2026-06-22,Region B,P018,110,115,1.44
2026-06-22,Region B,P019,81,85,1.78
2026-06-22,Region B,P020,87,89,0.6
2026-06-22,Region B,P021,129,133,1.18
2026-06-22,Region B,P022,96,102,0.54
2026-06-22,Region B,P023,106,110,1.38
2026-06-22,Region B,P024,85,86,0.48
2026-06-22,Region B,P025,103,106,0.99
2026-06-22,Region B,P026,79,84,2.1
2026-06-22,Region B,P027,85,87,1.34
2026-06-22,Region B,P028,138,145,0.3
2026-06-22,Region B,P029,77,82,1.32
2026-06-22,Region B,P030,96,99,0.54
2026-06-22,Region C,P001,103,107,1.0
2026-06-22,Region C,P002,78,82,0.04
2026-06-22,Region C,P003,98,104,1.45
2026-06-22,Region C,P004,104,110,1.78
2026-06-22,Region C,P005,98,101,0.27
2026-06-22,Region C,P006,111,115,0.66
2026-06-22,Region C,P007,136,143,0.52
2026-06-22,Region C,P008,88,91,1.01
2026-06-22,Region C,P009,96,101,0.61
2026-06-22,Region C,P010,77,82,0.53
2026-06-22,Region C,P011,98,104,1.09
2026-06-22,Region C,P012,119,123,0.54
2026-06-22,Region C,P013,82,84,0.0
2026-06-22,Region C,P014,128,136,1.37
2026-06-22,Region C,P015,84,89,1.79
2026-06-22,Region C,P016,122,126,1.26
2026-06-22,Region C,P017,125,131,0.63
2026-06-22,Region C,P018,138,141,1.18
2026-06-22,Region C,P019,77,80,2.4
2026-06-22,Region C,P020,88,90,0.71
2026-06-22,Region C,P021,85,88,0.86
2026-06-22,Region C,P022,117,119,0.34
2026-06-22,Region C,P023,120,126,1.1
2026-06-22,Region C,P024,119,125,0.96
2026-06-22,Region C,P025,112,116,0.79
2026-06-22,Region C,P026,113,118,1.54
2026-06-22,Region C,P027,125,130,1.46
2026-06-22,Region C,P028,121,124,1.47
2026-06-22,Region C,P029,119,121,0.0
2026-06-22,Region C,P030,145,153,1.29
2026-06-22,Region D,P001,89,93,1.47
2026-06-22,Region D,P002,138,143,0.7
2026-06-22,Region D,P003,141,147,1.65
2026-06-22,Region D,P004,146,154,0.45
2026-06-22,Region D,P005,123,130,0.5
2026-06-22,Region D,P006,128,133,1.05
2026-06-22,Region D,P007,133,135,0.23
2026-06-22,Region D,P008,88,90,0.1
2026-06-22,Region D,P009,111,115,1.7
2026-06-22,Region D,P010,101,106,1.5
2026-06-22,Region D,P011,116,120,1.39
2026-06-22,Region D,P012,137,141,0.7
2026-06-22,Region D,P013,92,95,0.99
2026-06-22,Region D,P014,87,92,0.94
2026-06-22,Region D,P015,92,96,1.95
2026-06-22,Region D,P016,89,92,0.6
2026-06-22,Region D,P017,86,91,1.43
2026-06-22,Region D,P018,108,110,0.35
2026-06-22,Region D,P019,119,121,0.35
2026-06-22,Region D,P020,147,150,0.04
2026-06-22,Region D,P021,149,157,0.0
2026-06-22,Region D,P022,120,123,0.56
2026-06-22,Region D,P023,103,108,0.64
2026-06-22,Region D,P024,125,128,0.0
2026-06-22,Region D,P025,77,80,1.16
2026-06-22,Region D,P026,134,139,1.31
2026-06-22,Region D,P027,154,157,0.0
2026-06-22,Region D,P028,85,87,0.03
2026-06-22,Region D,P029,118,122,0.11
2026-06-22,Region D,P030,114,121,1.5
2026-06-23,Region A,P001,121,124,0.05
2026-06-23,Region A,P002,112,118,1.41
2026-06-23,Region A,P003,121,125,0.08
2026-06-23,Region A,P004,120,122,0.0
2026-06-23,Region A,P005,116,122,0.61
2026-06-23,Region A,P006,128,133,0.97
2026-06-23,Region A,P007,75,80,1.19
2026-06-23,Region A,P008,119,127,1.93
2026-06-23,Region A,P009,133,138,0.82
2026-06-23,Region A,P010,114,118,0.45
2026-06-23,Region A,P011,108,111,0.8
2026-06-23,Region A,P012,95,101,1.29
2026-06-23,Region A,P013,142,146,0.93
2026-06-23,Region A,P014,118,123,0.86
2026-06-23,Region A,P015,120,127,1.32
2026-06-23,Region A,P016,82,86,1.0
2026-06-23,Region A,P017,124,131,1.66
2026-06-23,Region A,P018,75,80,0.95
2026-06-23,Region A,P019,97,103,1.96
2026-06-23,Region A,P020,135,140,0.59
2026-06-23,Region A,P021,136,143,1.63
2026-06-23,Region A,P022,128,134,2.79
2026-06-23,Region A,P023,144,149,0.2
2026-06-23,Region A,P024,107,113,1.39
2026-06-23,Region A,P025,118,125,1.79
2026-06-23,Region A,P026,133,137,0.53
2026-06-23,Region A,P027,78,81,1.28
2026-06-23,Region A,P028,113,120,0.19
2026-06-23,Region A,P029,137,141,0.0
2026-06-23,Region A,P030,90,92,0.52
2026-06-23,Region B,P001,90,93,0.85
2026-06-23,Region B,P002,98,101,0.3
2026-06-23,Region B,P003,135,143,1.01
2026-06-23,Region B,P004,144,146,0.43
2026-06-23,Region B,P005,86,91,2.35
2026-06-23,Region B,P006,75,80,1.35
2026-06-23,Region B,P007,129,136,1.85
2026-06-23,Region B,P008,109,115,0.25
2026-06-23,Region B,P009,139,148,0.34
2026-06-23,Region B,P010,95,101,1.24
2026-06-23,Region B,P011,110,115,1.04
2026-06-23,Region B,P012,149,155,0.55
2026-06-23,Region B,P013,121,129,1.24
2026-06-23,Region B,P014,112,119,1.26
2026-06-23,Region B,P015,146,149,0.0
2026-06-23,Region B,P016,93,95,0.31
2026-06-23,Region B,P017,106,111,1.29
2026-06-23,Region B,P018,101,103,0.5
2026-06-23,Region B,P019,120,126,0.9
2026-06-23,Region B,P020,102,105,1.28
2026-06-23,Region B,P021,90,92,1.0
2026-06-23,Region B,P022,129,133,0.0
2026-06-23,Region B,P023,151,154,0.0
2026-06-23,Region B,P024,116,123,1.3
2026-06-23,Region B,P025,79,81,1.04
2026-06-23,Region B,P026,129,136,0.41
2026-06-23,Region B,P027,152,156,0.65
2026-06-23,Region B,P028,119,127,1.17
2026-06-23,Region B,P029,137,146,0.98
2026-06-23,Region B,P030,97,102,1.21
2026-06-23,Region C,P001,100,107,0.83
2026-06-23,Region C,P002,141,145,1.07
2026-06-23,Region C,P003,134,139,0.78
2026-06-23,Region C,P004,129,132,0.0
2026-06-23,Region C,P005,111,117,1.68
2026-06-23,Region C,P006,145,150,0.91
2026-06-23,Region C,P007,140,143,0.32
2026-06-23,Region C,P008,127,130,0.37
2026-06-23,Region C,P009,131,136,1.07
2026-06-23,Region C,P010,95,98,0.43
2026-06-23,Region C,P011,76,80,1.95
2026-06-23,Region C,P012,108,112,0.69
2026-06-23,Region C,P013,104,106,0.39
2026-06-23,Region C,P014,129,133,0.37
2026-06-23,Region C,P015,117,125,1.15
2026-06-23,Region C,P016,123,127,0.64
2026-06-23,Region C,P017,133,138,0.54
2026-06-23,Region C,P018,130,132,0.0
2026-06-23,Region C,P019,116,121,0.9
2026-06-23,Region C,P020,102,107,1.15
2026-06-23,Region C,P021,150,158,1.41
2026-06-23,Region C,P022,145,154,1.19
2026-06-23,Region C,P023,101,104,0.66
2026-06-23,Region C,P024,101,108,0.76
2026-06-23,Region C,P025,99,105,1.56
2026-06-23,Region C,P026,141,144,0.41
2026-06-23,Region C,P027,95,99,1.64
2026-06-23,Region C,P028,83,86,0.69
2026-06-23,Region C,P029,149,155,0.73
2026-06-23,Region C,P030,144,151,0.0
2026-06-23,Region D,P001,112,117,1.42
2026-06-23,Region D,P002,122,128,1.14
2026-06-23,Region D,P003,149,154,0.54
2026-06-23,Region D,P004,98,100,0.85
2026-06-23,Region D,P005,113,117,0.46
2026-06-23,Region D,P006,110,114,0.82
2026-06-23,Region D,P007,81,84,1.37
2026-06-23,Region D,P008,136,145,0.85
2026-06-23,Region D,P009,129,135,1.28
2026-06-23,Region D,P010,88,94,1.24
2026-06-23,Region D,P011,125,129,0.92
2026-06-23,Region D,P012,86,91,0.68
2026-06-23,Region D,P013,141,150,1.65
2026-06-23,Region D,P014,78,81,0.96
2026-06-23,Region D,P015,84,90,1.51
2026-06-23,Region D,P016,112,119,0.9
2026-06-23,Region D,P017,93,99,1.29
2026-06-23,Region D,P018,134,139,0.09
2026-06-23,Region D,P019,119,122,0.07
2026-06-23,Region D,P020,120,126,1.11
2026-06-23,Region D,P021,75,80,0.73
2026-06-23,Region D,P022,93,95,0.18
2026-06-23,Region D,P023,85,90,1.03
2026-06-23,Region D,P024,121,126,0.35
2026-06-23,Region D,P025,133,137,0.72
2026-06-23,Region D,P026,129,132,0.55
2026-06-23,Region D,P027,113,115,0.0
2026-06-23,Region D,P028,142,147,1.01
2026-06-23,Region D,P029,146,149,0.84
2026-06-23,Region D,P030,146,154,0.32
2026-06-24,Region A,P001,125,129,1.21
2026-06-24,Region A,P002,114,122,1.37
2026-06-24,Region A,P003,101,106,1.5
2026-06-24,Region A,P004,109,115,0.93
2026-06-24,Region A,P005,140,143,0.5
2026-06-24,Region A,P006,116,122,0.75
2026-06-24,Region A,P007,83,88,1.39
2026-06-24,Region A,P008,96,99,1.11
2026-06-24,Region A,P009,81,83,0.25
2026-06-24,Region A,P010,148,156,1.04
2026-06-24,Region A,P011,131,138,1.53
2026-06-24,Region A,P012,142,146,0.0
2026-06-24,Region A,P013,120,125,1.07
2026-06-24,Region A,P014,118,124,1.53
2026-06-24,Region A,P015,131,136,0.33
2026-06-24,Region A,P016,98,102,1.68
2026-06-24,Region A,P017,116,118,0.25
2026-06-24,Region A,P018,81,82,0.01
2026-06-24,Region A,P019,93,94,0.33
2026-06-24,Region A,P020,137,140,1.5
2026-06-24,Region A,P021,132,138,0.51
2026-06-24,Region A,P022,114,121,1.22
2026-06-24,Region A,P023,98,100,0.0
2026-06-24,Region A,P024,89,94,1.52
2026-06-24,Region A,P025,119,123,1.5
2026-06-24,Region A,P026,97,102,1.39
2026-06-24,Region A,P027,123,126,0.0
2026-06-24,Region A,P028,81,84,0.12
2026-06-24,Region A,P029,88,94,0.59
2026-06-24,Region A,P030,131,140,1.46
2026-06-24,Region B,P001,93,99,0.91
2026-06-24,Region B,P002,123,128,1.2
2026-06-24,Region B,P003,118,123,1.38
2026-06-24,Region B,P004,97,103,1.28
2026-06-24,Region B,P005,107,109,0.08
2026-06-24,Region B,P006,86,88,0.0
2026-06-24,Region B,P007,83,88,1.82
2026-06-24,Region B,P008,84,89,1.42
2026-06-24,Region B,P009,135,143,1.21
2026-06-24,Region B,P010,147,153,0.43
2026-06-24,Region B,P011,120,123,0.58
2026-06-24,Region B,P012,115,118,0.63
2026-06-24,Region B,P013,99,101,0.45
2026-06-24,Region B,P014,134,139,0.33
2026-06-24,Region B,P015,96,102,1.46
2026-06-24,Region B,P016,117,119,0.17
2026-06-24,Region B,P017,112,118,1.29
2026-06-24,Region B,P018,149,159,1.72
2026-06-24,Region B,P019,142,147,1.88
2026-06-24,Region B,P020,133,137,1.21
2026-06-24,Region B,P021,126,132,1.46
2026-06-24,Region B,P022,126,129,0.83
2026-06-24,Region B,P023,126,134,0.98
2026-06-24,Region B,P024,89,92,0.43
2026-06-24,Region B,P025,140,142,0.21
2026-06-24,Region B,P026,117,121,0.18
2026-06-24,Region B,P027,95,100,0.92
2026-06-24,Region B,P028,137,144,1.47
2026-06-24,Region B,P029,118,120,0.71
2026-06-24,Region B,P030,123,126,0.85
2026-06-24,Region C,P001,99,102,1.18
2026-06-24,Region C,P002,108,111,0.2
2026-06-24,Region C,P003,98,104,1.43
2026-06-24,Region C,P004,90,94,1.32
2026-06-24,Region C,P005,110,113,1.33
2026-06-24,Region C,P006,153,156,0.53
2026-06-24,Region C,P007,100,105,0.21
2026-06-24,Region C,P008,94,100,1.66
2026-06-24,Region C,P009,131,136,0.36
2026-06-24,Region C,P010,83,86,0.68
2026-06-24,Region C,P011,84,87,1.45
2026-06-24,Region C,P012,94,100,1.37
2026-06-24,Region C,P013,134,136,0.6
2026-06-24,Region C,P014,133,139,0.84
2026-06-24,Region C,P015,154,157,0.22
2026-06-24,Region C,P016,101,107,0.75
2026-06-24,Region C,P017,137,139,0.84
2026-06-24,Region C,P018,147,150,0.78
2026-06-24,Region C,P019,108,113,0.81
2026-06-24,Region C,P020,85,90,0.04
2026-06-24,Region C,P021,95,100,1.12
2026-06-24,Region C,P022,139,142,0.93
2026-06-24,Region C,P023,84,89,1.23
2026-06-24,Region C,P024,77,82,1.12
2026-06-24,Region C,P025,102,104,0.36
2026-06-24,Region C,P026,136,142,0.78
2026-06-24,Region C,P027,130,135,0.82
2026-06-24,Region C,P028,120,128,1.13
2026-06-24,Region C,P029,108,112,0.93
2026-06-24,Region C,P030,129,131,1.13
2026-06-24,Region D,P001,155,158,0.2
2026-06-24,Region D,P002,147,154,1.3
2026-06-24,Region D,P003,120,122,0.87
2026-06-24,Region D,P004,108,112,1.42
2026-06-24,Region D,P005,83,86,1.52
2026-06-24,Region D,P006,135,137,0.3
2026-06-24,Region D,P007,91,93,0.12
2026-06-24,Region D,P008,138,147,1.05
2026-06-24,Region D,P009,137,141,0.55
2026-06-24,Region D,P010,88,91,0.97
2026-06-24,Region D,P011,94,97,0.6
2026-06-24,Region D,P012,111,115,0.39
2026-06-24,Region D,P013,151,158,1.07
2026-06-24,Region D,P014,117,125,1.52
2026-06-24,Region D,P015,107,112,0.81
2026-06-24,Region D,P016,78,80,0.5
2026-06-24,Region D,P017,151,155,0.0
2026-06-24,Region D,P018,113,116,0.0
2026-06-24,Region D,P019,103,109,1.06
2026-06-24,Region D,P020,140,147,1.48
2026-06-24,Region D,P021,108,111,1.35
2026-06-24,Region D,P022,114,116,0.0
2026-06-24,Region D,P023,77,82,1.31
2026-06-24,Region D,P024,98,102,0.7
2026-06-24,Region D,P025,123,125,0.0
2026-06-24,Region D,P026,153,156,0.0
2026-06-24,Region D,P027,119,122,0.0
2026-06-24,Region D,P028,157,159,0.42
2026-06-24,Region D,P029,131,135,0.96
2026-06-24,Region D,P030,138,143,0.65
2026-06-25,Region A,P001,144,148,0.81
2026-06-25,Region A,P002,156,159,0.95
2026-06-25,Region A,P003,79,82,0.32
2026-06-25,Region A,P004,143,150,0.2
2026-06-25,Region A,P005,120,125,1.03
2026-06-25,Region A,P006,86,91,1.8
2026-06-25,Region A,P007,123,130,0.97
2026-06-25,Region A,P008,106,112,1.82
2026-06-25,Region A,P009,105,109,1.05
2026-06-25,Region A,P010,111,118,1.13
2026-06-25,Region A,P011,82,86,0.5
2026-06-25,Region A,P012,103,106,0.0
2026-06-25,Region A,P013,106,111,1.46
2026-06-25,Region A,P014,149,155,0.92
2026-06-25,Region A,P015,149,157,1.23
2026-06-25,Region A,P016,127,135,1.81
2026-06-25,Region A,P017,138,146,0.28
2026-06-25,Region A,P018,107,111,0.39
2026-06-25,Region A,P019,112,117,1.35
2026-06-25,Region A,P020,80,84,1.54
2026-06-25,Region A,P021,104,111,1.68
2026-06-25,Region A,P022,123,131,2.33
2026-06-25,Region A,P023,118,120,0.0
2026-06-25,Region A,P024,126,130,0.18
2026-06-25,Region A,P025,122,127,1.0
2026-06-25,Region A,P026,80,82,0.46
2026-06-25,Region A,P027,112,117,0.84
2026-06-25,Region A,P028,85,89,1.6
2026-06-25,Region A,P029,139,141,0.0
2026-06-25,Region A,P030,148,151,0.26
2026-06-25,Region B,P001,127,129,0.0
2026-06-25,Region B,P002,136,143,1.4
2026-06-25,Region B,P003,118,122,0.23
2026-06-25,Region B,P004,121,128,0.8
2026-06-25,Region B,P005,143,151,0.27
2026-06-25,Region B,P006,83,85,1.47
2026-06-25,Region B,P007,153,156,0.95
2026-06-25,Region B,P008,108,114,1.68
2026-06-25,Region B,P009,79,81,0.55
2026-06-25,Region B,P010,76,81,1.03
2026-06-25,Region B,P011,125,132,0.2
2026-06-25,Region B,P012,84,90,1.47
2026-06-25,Region B,P013,112,118,0.92
2026-06-25,Region B,P014,148,157,0.92
2026-06-25,Region B,P015,92,97,0.66
2026-06-25,Region B,P016,83,87,1.85
2026-06-25,Region B,P017,77,80,0.3
2026-06-25,Region B,P018,112,118,1.34
2026-06-25,Region B,P019,75,80,1.49
2026-06-25,Region B,P020,98,102,0.93
2026-06-25,Region B,P021,127,129,0.0
2026-06-25,Region B,P022,108,115,2.16
2026-06-25,Region B,P023,101,107,1.28
2026-06-25,Region B,P024,88,91,0.73
2026-06-25,Region B,P025,127,131,0.53
2026-06-25,Region B,P026,120,126,1.25
2026-06-25,Region B,P027,139,141,0.0
2026-06-25,Region B,P028,88,90,0.45
2026-06-25,Region B,P029,139,144,0.36
2026-06-25,Region B,P030,134,136,0.26
2026-06-25,Region C,P001,95,99,1.03
2026-06-25,Region C,P002,113,118,1.31
2026-06-25,Region C,P003,82,85,0.65
2026-06-25,Region C,P004,82,86,0.51
2026-06-25,Region C,P005,99,103,1.7
2026-06-25,Region C,P006,129,133,0.26
2026-06-25,Region C,P007,133,141,1.76
2026-06-25,Region C,P008,106,111,1.2
2026-06-25,Region C,P009,148,152,0.67
2026-06-25,Region C,P010,90,95,0.82
2026-06-25,Region C,P011,155,159,1.72
2026-06-25,Region C,P012,151,159,1.62
2026-06-25,Region C,P013,146,153,0.75
2026-06-25,Region C,P014,82,86,1.41
2026-06-25,Region C,P015,78,82,0.85
2026-06-25,Region C,P016,136,141,0.85
2026-06-25,Region C,P017,147,153,0.18
2026-06-25,Region C,P018,88,90,0.0
2026-06-25,Region C,P019,112,115,0.18
2026-06-25,Region C,P020,105,111,1.31
2026-06-25,Region C,P021,148,150,0.82
2026-06-25,Region C,P022,117,125,1.07
2026-06-25,Region C,P023,148,152,0.01
2026-06-25,Region C,P024,97,103,1.4
2026-06-25,Region C,P025,146,150,0.68
2026-06-25,Region C,P026,119,125,1.26
2026-06-25,Region C,P027,80,81,0.15
2026-06-25,Region C,P028,135,139,0.68
2026-06-25,Region C,P029,117,121,0.56
2026-06-25,Region C,P030,93,97,0.5
2026-06-25,Region D,P001,115,118,0.99
2026-06-25,Region D,P002,121,127,0.74
2026-06-25,Region D,P003,138,146,0.82
2026-06-25,Region D,P004,99,103,0.95
2026-06-25,Region D,P005,78,83,1.03
2026-06-25,Region D,P006,101,106,0.46
2026-06-25,Region D,P007,103,107,0.63
2026-06-25,Region D,P008,94,97,0.33
2026-06-25,Region D,P009,123,126,0.37
2026-06-25,Region D,P010,118,124,0.81
2026-06-25,Region D,P011,118,125,2.05
2026-06-25,Region D,P012,89,93,1.29
2026-06-25,Region D,P013,108,112,0.45
2026-06-25,Region D,P014,91,96,0.52
2026-06-25,Region D,P015,138,146,0.75
2026-06-25,Region D,P016,91,93,0.0
2026-06-25,Region D,P017,150,158,0.04
2026-06-25,Region D,P018,110,115,0.98
2026-06-25,Region D,P019,124,132,1.7
2026-06-25,Region D,P020,149,156,1.23
2026-06-25,Region D,P021,109,113,1.34
2026-06-25,Region D,P022,138,145,0.8
2026-06-25,Region D,P023,103,109,1.95
2026-06-25,Region D,P024,110,117,1.51
2026-06-25,Region D,P025,116,120,0.55
2026-06-25,Region D,P026,106,108,0.12
2026-06-25,Region D,P027,79,84,0.74
2026-06-25,Region D,P028,130,135,0.69
2026-06-25,Region D,P029,145,153,0.98
2026-06-25,Region D,P030,150,158,0.81
2026-06-26,Region A,P001,85,87,0.0
2026-06-26,Region A,P002,108,111,0.23
2026-06-26,Region A,P003,143,146,0.09
2026-06-26,Region A,P004,97,102,0.89
2026-06-26,Region A,P005,141,150,0.63
2026-06-26,Region A,P006,143,146,2.13
2026-06-26,Region A,P007,121,126,0.32
2026-06-26,Region A,P008,139,147,1.4
2026-06-26,Region A,P009,125,130,0.0
2026-06-26,Region A,P010,132,134,0.39
2026-06-26,Region A,P011,122,124,0.5
2026-06-26,Region A,P012,113,120,1.92
2026-06-26,Region A,P013,109,112,0.57
2026-06-26,Region A,P014,147,157,1.35
2026-06-26,Region A,P015,142,148,1.56
2026-06-26,Region A,P016,107,110,0.52
2026-06-26,Region A,P017,131,138,1.06
2026-06-26,Region A,P018,130,138,0.86
2026-06-26,Region A,P019,146,149,0.37
2026-06-26,Region A,P020,109,115,1.18
2026-06-26,Region A,P021,131,138,1.4
2026-06-26,Region A,P022,143,150,1.24
2026-06-26,Region A,P023,123,128,0.16
2026-06-26,Region A,P024,130,136,0.59
2026-06-26,Region A,P025,84,88,0.75
2026-06-26,Region A,P026,80,84,0.49
2026-06-26,Region A,P027,154,159,0.11
2026-06-26,Region A,P028,139,143,0.0
2026-06-26,Region A,P029,97,103,1.44
2026-06-26,Region A,P030,93,98,0.83
2026-06-26,Region B,P001,139,147,2.38
2026-06-26,Region B,P002,151,155,0.0
2026-06-26,Region B,P003,82,86,2.05
2026-06-26,Region B,P004,150,153,0.32
2026-06-26,Region B,P005,100,103,0.92
2026-06-26,Region B,P006,113,116,0.51
2026-06-26,Region B,P007,146,152,1.29
2026-06-26,Region B,P008,138,142,1.44
2026-06-26,Region B,P009,96,101,1.14
2026-06-26,Region B,P010,81,86,1.28
2026-06-26,Region B,P011,145,153,0.36
2026-06-26,Region B,P012,80,82,0.08
2026-06-26,Region B,P013,152,157,0.89
2026-06-26,Region B,P014,154,157,0.81
2026-06-26,Region B,P015,114,119,0.45
2026-06-26,Region B,P016,86,89,0.0
2026-06-26,Region B,P017,122,126,1.36
2026-06-26,Region B,P018,86,90,1.35
2026-06-26,Region B,P019,145,152,1.38
2026-06-26,Region B,P020,98,103,1.36
2026-06-26,Region B,P021,123,128,1.07
2026-06-26,Region B,P022,94,100,0.54
2026-06-26,Region B,P023,94,100,2.42
2026-06-26,Region B,P024,114,117,0.0
2026-06-26,Region B,P025,134,140,1.14
2026-06-26,Region B,P026,83,85,0.0
2026-06-26,Region B,P027,123,131,1.13
2026-06-26,Region B,P028,144,150,1.52
2026-06-26,Region B,P029,121,127,1.15
2026-06-26,Region B,P030,104,110,1.43
2026-06-26,Region C,P001,126,132,1.19
2026-06-26,Region C,P002,89,92,0.86
2026-06-26,Region C,P003,88,91,0.1
2026-06-26,Region C,P004,93,97,1.03
2026-06-26,Region C,P005,152,159,0.23
2026-06-26,Region C,P006,84,86,0.33
2026-06-26,Region C,P007,147,152,1.32
2026-06-26,Region C,P008,127,132,0.54
2026-06-26,Region C,P009,128,133,0.83
2026-06-26,Region C,P010,146,150,0.56
2026-06-26,Region C,P011,142,150,1.12
2026-06-26,Region C,P012,97,104,1.95
2026-06-26,Region C,P013,130,137,0.11
2026-06-26,Region C,P014,78,81,0.2
2026-06-26,Region C,P015,148,156,0.52
2026-06-26,Region C,P016,135,142,1.58
2026-06-26,Region C,P017,103,109,1.3
2026-06-26,Region C,P018,154,156,0.39
2026-06-26,Region C,P019,95,98,0.24
2026-06-26,Region C,P020,117,123,0.39
2026-06-26,Region C,P021,88,91,0.5
2026-06-26,Region C,P022,79,83,0.63
2026-06-26,Region C,P023,88,91,1.09
2026-06-26,Region C,P024,98,101,0.1
2026-06-26,Region C,P025,151,158,0.0
2026-06-26,Region C,P026,105,107,0.57
2026-06-26,Region C,P027,146,153,0.77
2026-06-26,Region C,P028,104,106,1.75
2026-06-26,Region C,P029,137,140,0.84
2026-06-26,Region C,P030,111,114,0.45
2026-06-26,Region D,P001,117,119,0.74
2026-06-26,Region D,P002,112,117,1.52
2026-06-26,Region D,P003,126,132,1.3
2026-06-26,Region D,P004,94,96,1.61
2026-06-26,Region D,P005,115,121,0.8
2026-06-26,Region D,P006,93,98,1.02
2026-06-26,Region D,P007,145,148,0.8
2026-06-26,Region D,P008,102,105,0.86
2026-06-26,Region D,P009,102,106,0.9
2026-06-26,Region D,P010,93,97,1.45
2026-06-26,Region D,P011,118,124,1.2
2026-06-26,Region D,P012,113,119,1.92
2026-06-26,Region D,P013,115,117,0.0
2026-06-26,Region D,P014,108,110,0.71
2026-06-26,Region D,P015,134,139,0.79
2026-06-26,Region D,P016,94,96,0.0
2026-06-26,Region D,P017,118,120,1.05
2026-06-26,Region D,P018,141,143,0.14
2026-06-26,Region D,P019,84,88,0.35
2026-06-26,Region D,P020,96,102,1.18
2026-06-26,Region D,P021,106,108,0.66
2026-06-26,Region D,P022,87,90,0.84
2026-06-26,Region D,P023,83,85,0.0
2026-06-26,Region D,P024,87,93,1.33
2026-06-26,Region D,P025,132,137,0.4
2026-06-26,Region D,P026,141,149,1.15
2026-06-26,Region D,P027,107,109,0.0
2026-06-26,Region D,P028,113,119,2.35
2026-06-26,Region D,P029,120,122,0.9
2026-06-26,Region D,P030,100,106,0.87
2026-06-27,Region A,P001,148,151,1.03
2026-06-27,Region A,P002,80,84,0.0
2026-06-27,Region A,P003,118,123,1.53
2026-06-27,Region A,P004,117,122,0.73
2026-06-27,Region A,P005,112,116,0.27
2026-06-27,Region A,P006,113,118,0.0
2026-06-27,Region A,P007,122,130,1.77
2026-06-27,Region A,P008,130,136,0.01
2026-06-27,Region A,P009,81,82,0.66
2026-06-27,Region A,P010,152,159,0.84
2026-06-27,Region A,P011,125,129,0.88
2026-06-27,Region A,P012,105,107,0.0
2026-06-27,Region A,P013,146,154,1.47
2026-06-27,Region A,P014,152,156,1.14
2026-06-27,Region A,P015,101,105,0.0
2026-06-27,Region A,P016,122,125,0.34
2026-06-27,Region A,P017,91,94,0.65
2026-06-27,Region A,P018,118,126,0.88
2026-06-27,Region A,P019,136,144,1.34
2026-06-27,Region A,P020,132,139,0.81
2026-06-27,Region A,P021,152,155,0.59
2026-06-27,Region A,P022,140,148,1.01
2026-06-27,Region A,P023,146,153,1.93
2026-06-27,Region A,P024,139,146,1.47
2026-06-27,Region A,P025,95,98,0.51
2026-06-27,Region A,P026,89,93,1.78
2026-06-27,Region A,P027,128,130,0.0
2026-06-27,Region A,P028,93,97,0.81
2026-06-27,Region A,P029,125,129,0.51
2026-06-27,Region A,P030,99,103,1.13
2026-06-27,Region B,P001,143,147,0.32
2026-06-27,Region B,P002,134,143,1.4
2026-06-27,Region B,P003,76,81,1.1
2026-06-27,Region B,P004,79,81,0.0
2026-06-27,Region B,P005,137,143,2.04
2026-06-27,Region B,P006,123,126,1.42
2026-06-27,Region B,P007,116,119,0.74
2026-06-27,Region B,P008,133,139,0.99
2026-06-27,Region B,P009,106,108,0.2
2026-06-27,Region B,P010,123,127,0.15
2026-06-27,Region B,P011,86,92,1.63
2026-06-27,Region B,P012,117,123,1.13
2026-06-27,Region B,P013,147,155,0.54
2026-06-27,Region B,P014,112,116,0.11
2026-06-27,Region B,P015,153,159,0.41
2026-06-27,Region B,P016,86,90,0.15
2026-06-27,Region B,P017,106,113,1.73
2026-06-27,Region B,P018,110,117,0.88
2026-06-27,Region B,P019,143,148,0.73
2026-06-27,Region B,P020,88,89,0.71
2026-06-27,Region B,P021,123,131,1.21
2026-06-27,Region B,P022,136,138,0.24
2026-06-27,Region B,P023,123,131,2.54
2026-06-27,Region B,P024,108,113,0.43
2026-06-27,Region B,P025,138,146,1.4
2026-06-27,Region B,P026,146,149,0.03
2026-06-27,Region B,P027,88,91,0.82
2026-06-27,Region B,P028,120,126,1.57
2026-06-27,Region B,P029,105,109,0.33
2026-06-27,Region B,P030,87,92,1.42
2026-06-27,Region C,P001,111,113,0.24
2026-06-27,Region C,P002,149,153,0.67
2026-06-27,Region C,P003,151,155,0.75
2026-06-27,Region C,P004,149,151,0.33
2026-06-27,Region C,P005,102,105,1.37
2026-06-27,Region C,P006,123,126,0.25
2026-06-27,Region C,P007,78,82,1.36
2026-06-27,Region C,P008,118,121,0.62
2026-06-27,Region C,P009,123,127,0.22
2026-06-27,Region C,P010,146,153,1.64
2026-06-27,Region C,P011,129,135,0.95
2026-06-27,Region C,P012,101,105,1.8
2026-06-27,Region C,P013,128,136,1.51
2026-06-27,Region C,P014,130,134,1.27
2026-06-27,Region C,P015,127,131,0.43
2026-06-27,Region C,P016,100,105,1.58
2026-06-27,Region C,P017,136,144,1.54
2026-06-27,Region C,P018,128,131,1.04
2026-06-27,Region C,P019,125,130,1.99
2026-06-27,Region C,P020,90,93,0.26
2026-06-27,Region C,P021,115,122,0.88
2026-06-27,Region C,P022,81,85,1.37
2026-06-27,Region C,P023,93,96,0.99
2026-06-27,Region C,P024,101,106,0.7
2026-06-27,Region C,P025,85,91,2.04
2026-06-27,Region C,P026,119,125,1.05
2026-06-27,Region C,P027,149,152,0.54
2026-06-27,Region C,P028,109,112,0.21
2026-06-27,Region C,P029,106,111,1.3
2026-06-27,Region C,P030,131,135,0.44
2026-06-27,Region D,P001,123,125,0.85
2026-06-27,Region D,P002,148,153,0.49
2026-06-27,Region D,P003,100,105,0.56
2026-06-27,Region D,P004,150,159,1.11
2026-06-27,Region D,P005,132,137,0.94
2026-06-27,Region D,P006,121,125,0.82
2026-06-27,Region D,P007,87,93,1.02
2026-06-27,Region D,P008,123,131,0.75
2026-06-27,Region D,P009,77,80,0.58
2026-06-27,Region D,P010,96,99,0.13
2026-06-27,Region D,P011,152,159,1.07
2026-06-27,Region D,P012,89,93,1.56
2026-06-27,Region D,P013,76,81,1.44
2026-06-27,Region D,P014,121,128,1.59
2026-06-27,Region D,P015,89,93,0.51
2026-06-27,Region D,P016,97,102,1.17
2026-06-27,Region D,P017,84,89,2.42
2026-06-27,Region D,P018,107,110,0.49
2026-06-27,Region D,P019,83,88,0.74
2026-06-27,Region D,P020,114,119,1.61
2026-06-27,Region D,P021,144,149,0.37
2026-06-27,Region D,P022,88,90,0.63
2026-06-27,Region D,P023,94,98,0.8
2026-06-27,Region D,P024,117,124,1.37
2026-06-27,Region D,P025,150,157,0.91
2026-06-27,Region D,P026,138,144,1.34
2026-06-27,Region D,P027,130,134,0.22
2026-06-27,Region D,P028,113,116,0.73
2026-06-27,Region D,P029,142,151,1.64
2026-06-27,Region D,P030,97,100,1.45
2026-06-28,Region A,P001,141,149,1.32
2026-06-28,Region A,P002,95,97,0.78
2026-06-28,Region A,P003,131,134,0.8
2026-06-28,Region A,P004,98,100,0.41
2026-06-28,Region A,P005,129,137,1.32
2026-06-28,Region A,P006,130,137,1.15
2026-06-28,Region A,P007,113,120,1.58
2026-06-28,Region A,P008,117,123,0.72
2026-06-28,Region A,P009,143,151,0.82
2026-06-28,Region A,P010,88,94,1.17
2026-06-28,Region A,P011,102,106,1.93
2026-06-28,Region A,P012,89,93,0.74
2026-06-28,Region A,P013,96,101,2.05
2026-06-28,Region A,P014,115,119,1.08
2026-06-28,Region A,P015,87,89,0.73
2026-06-28,Region A,P016,111,114,0.35
2026-06-28,Region A,P017,134,139,1.48
2026-06-28,Region A,P018,119,122,1.3
2026-06-28,Region A,P019,113,117,0.18
2026-06-28,Region A,P020,122,125,0.32
2026-06-28,Region A,P021,105,107,0.93
2026-06-28,Region A,P022,95,99,0.0
2026-06-28,Region A,P023,115,119,1.02
2026-06-28,Region A,P024,145,152,0.0
2026-06-28,Region A,P025,141,143,1.33
2026-06-28,Region A,P026,86,92,1.1
2026-06-28,Region A,P027,143,152,1.4
2026-06-28,Region A,P028,120,125,0.67
2026-06-28,Region A,P029,127,136,1.52
2026-06-28,Region A,P030,141,149,0.88
2026-06-28,Region B,P001,122,124,0.0
2026-06-28,Region B,P002,139,143,1.63
2026-06-28,Region B,P003,137,142,0.88
2026-06-28,Region B,P004,112,114,0.76
2026-06-28,Region B,P005,120,122,0.35
2026-06-28,Region B,P006,122,130,0.92
2026-06-28,Region B,P007,98,104,1.93
2026-06-28,Region B,P008,118,124,1.17
2026-06-28,Region B,P009,122,124,0.4
2026-06-28,Region B,P010,91,97,1.4
2026-06-28,Region B,P011,148,150,0.28
2026-06-28,Region B,P012,88,90,0.17
2026-06-28,Region B,P013,140,143,0.0
2026-06-28,Region B,P014,120,122,0.58
2026-06-28,Region B,P015,93,99,0.46
2026-06-28,Region B,P016,97,101,1.36
2026-06-28,Region B,P017,118,124,1.74
2026-06-28,Region B,P018,106,111,0.58
2026-06-28,Region B,P019,152,155,0.17
2026-06-28,Region B,P020,141,145,1.13
2026-06-28,Region B,P021,102,105,1.19
2026-06-28,Region B,P022,118,120,0.57
2026-06-28,Region B,P023,142,151,1.46
2026-06-28,Region B,P024,126,131,0.85
2026-06-28,Region B,P025,87,91,0.07
2026-06-28,Region B,P026,129,136,2.05
2026-06-28,Region B,P027,116,118,0.72
2026-06-28,Region B,P028,142,150,1.34
2026-06-28,Region B,P029,123,127,0.57
2026-06-28,Region B,P030,78,83,1.43
2026-06-28,Region C,P001,115,122,0.65
2026-06-28,Region C,P002,88,90,0.88
2026-06-28,Region C,P003,142,150,0.25
2026-06-28,Region C,P004,104,111,1.31
2026-06-28,Region C,P005,115,122,1.45
2026-06-28,Region C,P006,139,148,1.53
2026-06-28,Region C,P007,94,96,0.62
2026-06-28,Region C,P008,88,93,0.29
2026-06-28,Region C,P009,111,117,1.08
2026-06-28,Region C,P010,131,137,0.75
2026-06-28,Region C,P011,102,104,0.76
2026-06-28,Region C,P012,93,97,0.02
2026-06-28,Region C,P013,117,120,0.17
2026-06-28,Region C,P014,93,95,0.0
2026-06-28,Region C,P015,142,149,1.11
2026-06-28,Region C,P016,142,148,1.31
2026-06-28,Region C,P017,132,134,0.13
2026-06-28,Region C,P018,113,116,1.64
2026-06-28,Region C,P019,93,97,1.29
2026-06-28,Region C,P020,137,143,1.75
2026-06-28,Region C,P021,146,153,0.85
2026-06-28,Region C,P022,95,98,0.86
2026-06-28,Region C,P023,110,112,0.0
2026-06-28,Region C,P024,148,157,1.4
2026-06-28,Region C,P025,89,94,0.94
2026-06-28,Region C,P026,119,121,0.43
2026-06-28,Region C,P027,77,80,0.17
2026-06-28,Region C,P028,117,120,0.58
2026-06-28,Region C,P029,77,80,0.92
2026-06-28,Region C,P030,89,94,0.81
2026-06-28,Region D,P001,124,130,1.55
2026-06-28,Region D,P002,113,115,0.27
2026-06-28,Region D,P003,122,130,1.34
2026-06-28,Region D,P004,94,98,0.71
2026-06-28,Region D,P005,123,130,1.16
2026-06-28,Region D,P006,124,131,0.71
2026-06-28,Region D,P007,121,126,0.95
2026-06-28,Region D,P008,117,121,1.17
2026-06-28,Region D,P009,152,155,0.08
2026-06-28,Region D,P010,105,109,0.26
2026-06-28,Region D,P011,80,84,1.24
2026-06-28,Region D,P012,94,96,0.0
2026-06-28,Region D,P013,143,150,1.73
2026-06-28,Region D,P014,108,114,0.43
2026-06-28,Region D,P015,113,119,0.9
2026-06-28,Region D,P016,86,90,1.18
2026-06-28,Region D,P017,131,137,1.1
2026-06-28,Region D,P018,155,159,0.59
2026-06-28,Region D,P019,87,89,0.45
2026-06-28,Region D,P020,135,140,1.06
2026-06-28,Region D,P021,89,94,1.09
2026-06-28,Region D,P022,129,136,0.72
2026-06-28,Region D,P023,141,145,0.95
2026-06-28,Region D,P024,107,109,0.25
2026-06-28,Region D,P025,154,159,0.49
2026-06-28,Region D,P026,109,114,1.3
2026-06-28,Region D,P027,77,81,0.63
2026-06-28,Region D,P028,94,96,0.08
2026-06-28,Region D,P029,125,133,1.96
2026-06-28,Region D,P030,101,103,0.0
2026-06-29,Region A,P001,89,94,0.95
2026-06-29,Region A,P002,138,143,0.93
2026-06-29,Region A,P003,83,89,2.17
2026-06-29,Region A,P004,132,136,0.31
2026-06-29,Region A,P005,151,157,0.89
2026-06-29,Region A,P006,134,139,1.57
2026-06-29,Region A,P007,81,83,0.0
2026-06-29,Region A,P008,83,88,0.0
2026-06-29,Region A,P009,90,94,0.85
2026-06-29,Region A,P010,141,146,1.18
2026-06-29,Region A,P011,79,82,0.94
2026-06-29,Region A,P012,131,134,1.11
2026-06-29,Region A,P013,123,131,1.58
2026-06-29,Region A,P014,116,123,1.71
2026-06-29,Region A,P015,149,156,0.98
2026-06-29,Region A,P016,111,115,0.8
2026-06-29,Region A,P017,148,151,1.1
2026-06-29,Region A,P018,108,115,1.54
2026-06-29,Region A,P019,138,145,1.95
2026-06-29,Region A,P020,129,136,0.47
2026-06-29,Region A,P021,138,141,0.48
2026-06-29,Region A,P022,121,128,0.83
2026-06-29,Region A,P023,137,145,1.09
2026-06-29,Region A,P024,81,85,0.76
2026-06-29,Region A,P025,118,123,0.79
2026-06-29,Region A,P026,87,92,1.09
2026-06-29,Region A,P027,124,130,0.7
2026-06-29,Region A,P028,144,147,0.36
2026-06-29,Region A,P029,95,98,1.04
2026-06-29,Region A,P030,79,81,1.06
2026-06-29,Region B,P001,126,131,0.32
2026-06-29,Region B,P002,114,120,1.37
2026-06-29,Region B,P003,134,140,1.6
2026-06-29,Region B,P004,86,88,0.45
2026-06-29,Region B,P005,110,113,0.85
2026-06-29,Region B,P006,136,145,1.59
2026-06-29,Region B,P007,83,87,0.62
2026-06-29,Region B,P008,114,117,0.0
2026-06-29,Region B,P009,152,154,0.0
2026-06-29,Region B,P010,99,106,1.4
2026-06-29,Region B,P011,145,153,1.71
2026-06-29,Region B,P012,87,93,1.18
2026-06-29,Region B,P013,109,111,0.92
2026-06-29,Region B,P014,92,94,0.48
2026-06-29,Region B,P015,142,151,1.9
2026-06-29,Region B,P016,110,112,0.75
2026-06-29,Region B,P017,118,123,1.33
2026-06-29,Region B,P018,95,100,1.95
2026-06-29,Region B,P019,153,158,1.12
2026-06-29,Region B,P020,149,154,0.34
2026-06-29,Region B,P021,150,154,0.8
2026-06-29,Region B,P022,129,135,1.24
2026-06-29,Region B,P023,136,145,1.47
2026-06-29,Region B,P024,93,95,0.0
2026-06-29,Region B,P025,145,152,1.41
2026-06-29,Region B,P026,116,119,0.95
2026-06-29,Region B,P027,155,159,0.0
2026-06-29,Region B,P028,107,110,0.04
2026-06-29,Region B,P029,133,135,0.0
2026-06-29,Region B,P030,89,91,0.15
2026-06-29,Region C,P001,81,84,0.75
2026-06-29,Region C,P002,96,98,0.58
2026-06-29,Region C,P003,80,85,1.58
2026-06-29,Region C,P004,124,127,0.18
2026-06-29,Region C,P005,124,129,0.86
2026-06-29,Region C,P006,86,89,0.13
2026-06-29,Region C,P007,132,141,1.92
2026-06-29,Region C,P008,82,85,0.21
2026-06-29,Region C,P009,112,117,0.56
2026-06-29,Region C,P010,132,139,1.53
2026-06-29,Region C,P011,113,118,0.73
2026-06-29,Region C,P012,123,129,1.13
2026-06-29,Region C,P013,140,148,0.92
2026-06-29,Region C,P014,108,112,0.84
2026-06-29,Region C,P015,90,94,1.29
2026-06-29,Region C,P016,143,152,0.97
2026-06-29,Region C,P017,85,88,0.9
2026-06-29,Region C,P018,151,154,0.0
2026-06-29,Region C,P019,133,140,1.51
2026-06-29,Region C,P020,95,97,0.69
2026-06-29,Region C,P021,90,93,0.42
2026-06-29,Region C,P022,144,153,0.62
2026-06-29,Region C,P023,118,124,0.89
2026-06-29,Region C,P024,84,89,0.9
2026-06-29,Region C,P025,131,136,0.69
2026-06-29,Region C,P026,121,125,0.72
2026-06-29,Region C,P027,101,105,0.89
2026-06-29,Region C,P028,83,85,0.0
2026-06-29,Region C,P029,140,143,0.69
2026-06-29,Region C,P030,117,124,2.32
2026-06-29,Region D,P001,87,92,1.25
2026-06-29,Region D,P002,77,82,1.55
2026-06-29,Region D,P003,109,111,0.44
2026-06-29,Region D,P004,97,100,0.18
2026-06-29,Region D,P005,112,120,1.88
2026-06-29,Region D,P006,93,96,0.98
2026-06-29,Region D,P007,144,146,0.26
2026-06-29,Region D,P008,153,156,0.02
2026-06-29,Region D,P009,118,122,0.0
2026-06-29,Region D,P010,85,90,0.7
2026-06-29,Region D,P011,137,145,0.5
2026-06-29,Region D,P012,118,124,2.12
2026-06-29,Region D,P013,128,131,0.17
2026-06-29,Region D,P014,141,148,1.21
2026-06-29,Region D,P015,80,84,0.6
2026-06-29,Region D,P016,149,156,0.59
2026-06-29,Region D,P017,84,88,0.27
2026-06-29,Region D,P018,139,146,1.82
2026-06-29,Region D,P019,125,129,0.85
2026-06-29,Region D,P020,139,144,0.23
2026-06-29,Region D,P021,98,101,0.0
2026-06-29,Region D,P022,130,136,1.5
2026-06-29,Region D,P023,152,155,1.15
2026-06-29,Region D,P024,99,104,1.4
2026-06-29,Region D,P025,148,154,0.66
2026-06-29,Region D,P026,113,117,1.0
2026-06-29,Region D,P027,93,98,0.9
2026-06-29,Region D,P028,146,148,0.0
2026-06-29,Region D,P029,91,95,1.02
2026-06-29,Region D,P030,129,136,1.11
2026-06-30,Region A,P001,130,136,1.43
2026-06-30,Region A,P002,145,148,1.4
2026-06-30,Region A,P003,87,93,1.35
2026-06-30,Region A,P004,128,134,0.91
2026-06-30,Region A,P005,97,102,1.65
2026-06-30,Region A,P006,83,86,0.0
2026-06-30,Region A,P007,80,84,1.25
2026-06-30,Region A,P008,94,100,1.66
2026-06-30,Region A,P009,81,84,0.77
2026-06-30,Region A,P010,109,116,2.24
2026-06-30,Region A,P011,131,138,0.38
2026-06-30,Region A,P012,84,89,0.97
2026-06-30,Region A,P013,149,157,0.0
2026-06-30,Region A,P014,124,130,1.97
2026-06-30,Region A,P015,103,107,1.11
2026-06-30,Region A,P016,91,97,1.43
2026-06-30,Region A,P017,93,98,1.18
2026-06-30,Region A,P018,92,98,0.94
2026-06-30,Region A,P019,90,95,1.52
2026-06-30,Region A,P020,131,139,1.36
2026-06-30,Region A,P021,148,155,0.8
2026-06-30,Region A,P022,141,150,0.72
2026-06-30,Region A,P023,139,144,1.6
2026-06-30,Region A,P024,108,115,0.71
2026-06-30,Region A,P025,100,105,0.35
2026-06-30,Region A,P026,93,96,0.0
2026-06-30,Region A,P027,99,103,0.45
2026-06-30,Region A,P028,119,121,0.03
2026-06-30,Region A,P029,143,147,0.0
2026-06-30,Region A,P030,124,131,0.28
2026-06-30,Region B,P001,126,129,1.11
2026-06-30,Region B,P002,124,130,1.71
2026-06-30,Region B,P003,88,90,0.0
2026-06-30,Region B,P004,116,122,1.26
2026-06-30,Region B,P005,143,152,2.2
2026-06-30,Region B,P006,128,135,1.46
2026-06-30,Region B,P007,129,135,0.78
2026-06-30,Region B,P008,150,156,1.14
2026-06-30,Region B,P009,127,130,0.29
2026-06-30,Region B,P010,139,146,1.06
2026-06-30,Region B,P011,126,133,1.18
2026-06-30,Region B,P012,126,130,0.35
2026-06-30,Region B,P013,115,117,0.0
2026-06-30,Region B,P014,140,143,0.71
2026-06-30,Region B,P015,90,93,0.0
2026-06-30,Region B,P016,103,108,1.17
2026-06-30,Region B,P017,84,89,1.48
2026-06-30,Region B,P018,135,138,0.32
2026-06-30,Region B,P019,118,120,1.08
2026-06-30,Region B,P020,119,126,2.14
2026-06-30,Region B,P021,130,133,0.91
2026-06-30,Region B,P022,130,136,1.03
2026-06-30,Region B,P023,134,139,0.66
2026-06-30,Region B,P024,114,119,0.86
2026-06-30,Region B,P025,117,121,0.0
2026-06-30,Region B,P026,80,84,0.74
2026-06-30,Region B,P027,143,146,0.0
2026-06-30,Region B,P028,145,154,1.41
2026-06-30,Region B,P029,109,116,1.82
2026-06-30,Region B,P030,135,137,0.0
2026-06-30,Region C,P001,89,94,0.96
2026-06-30,Region C,P002,148,155,0.53
2026-06-30,Region C,P003,120,125,0.61
2026-06-30,Region C,P004,101,105,0.21
2026-06-30,Region C,P005,126,131,1.57
2026-06-30,Region C,P006,120,127,2.21
2026-06-30,Region C,P007,80,83,0.8
2026-06-30,Region C,P008,137,146,1.59
2026-06-30,Region C,P009,134,142,1.12
2026-06-30,Region C,P010,129,136,1.27
2026-06-30,Region C,P011,130,135,0.51
2026-06-30,Region C,P012,98,103,1.84
2026-06-30,Region C,P013,117,121,0.46
2026-06-30,Region C,P014,114,117,0.05
2026-06-30,Region C,P015,132,134,0.44
2026-06-30,Region C,P016,146,154,0.65
2026-06-30,Region C,P017,89,93,0.28
2026-06-30,Region C,P018,139,142,0.2
2026-06-30,Region C,P019,124,128,1.18
2026-06-30,Region C,P020,142,147,0.57
2026-06-30,Region C,P021,83,86,0.77
2026-06-30,Region C,P022,142,146,0.71
2026-06-30,Region C,P023,100,106,2.08
2026-06-30,Region C,P024,92,97,0.57
2026-06-30,Region C,P025,152,159,1.42
2026-06-30,Region C,P026,116,123,0.89
2026-06-30,Region C,P027,129,135,0.89
2026-06-30,Region C,P028,142,149,1.44
2026-06-30,Region C,P029,79,83,1.94
2026-06-30,Region C,P030,107,112,0.9
2026-06-30,Region D,P001,146,155,1.51
2026-06-30,Region D,P002,122,124,1.13
2026-06-30,Region D,P003,146,148,0.04
2026-06-30,Region D,P004,81,85,1.06
2026-06-30,Region D,P005,142,149,1.42
2026-06-30,Region D,P006,92,95,0.29
2026-06-30,Region D,P007,79,80,0.62
2026-06-30,Region D,P008,85,87,0.0
2026-06-30,Region D,P009,92,98,0.78
2026-06-30,Region D,P010,105,108,0.3
2026-06-30,Region D,P011,100,102,0.93
2026-06-30,Region D,P012,138,147,1.92
2026-06-30,Region D,P013,120,124,0.0
2026-06-30,Region D,P014,132,137,0.09
2026-06-30,Region D,P015,127,129,0.0
2026-06-30,Region D,P016,152,157,0.24
2026-06-30,Region D,P017,89,91,0.38
2026-06-30,Region D,P018,144,146,0.0
2026-06-30,Region D,P019,105,108,0.87
2026-06-30,Region D,P020,87,92,1.38
2026-06-30,Region D,P021,97,104,1.0
2026-06-30,Region D,P022,100,102,1.34
2026-06-30,Region D,P023,147,151,0.91
2026-06-30,Region D,P024,129,131,0.0
2026-06-30,Region D,P025,105,111,1.53
2026-06-30,Region D,P026,143,145,0.0
2026-06-30,Region D,P027,150,152,0.47
2026-06-30,Region D,P028,130,138,1.83
2026-06-30,Region D,P029,136,140,0.33
2026-06-30,Region D,P030,109,114,0.99
2026-07-01,Region A,P001,89,92,0.28
2026-07-01,Region A,P002,122,124,0.52
2026-07-01,Region A,P003,83,86,0.49
2026-07-01,Region A,P004,121,124,0.56
2026-07-01,Region A,P005,119,126,1.24
2026-07-01,Region A,P006,151,154,0.61
2026-07-01,Region A,P007,130,135,1.22
2026-07-01,Region A,P008,129,132,1.34
2026-07-01,Region A,P009,87,89,1.19
2026-07-01,Region A,P010,83,86,0.61
2026-07-01,Region A,P011,94,97,0.68
2026-07-01,Region A,P012,145,150,0.7
2026-07-01,Region A,P013,111,118,1.04
2026-07-01,Region A,P014,154,159,0.56
2026-07-01,Region A,P015,95,100,1.45
2026-07-01,Region A,P016,147,149,0.0
2026-07-01,Region A,P017,88,93,0.68
2026-07-01,Region A,P018,151,155,1.41
2026-07-01,Region A,P019,101,104,0.89
2026-07-01,Region A,P020,111,118,1.38
2026-07-01,Region A,P021,113,118,1.15
2026-07-01,Region A,P022,138,144,0.5
2026-07-01,Region A,P023,134,141,1.33
2026-07-01,Region A,P024,144,147,0.45
2026-07-01,Region A,P025,105,109,0.79
2026-07-01,Region A,P026,94,99,0.51
2026-07-01,Region A,P027,133,136,0.97
2026-07-01,Region A,P028,90,93,0.13
2026-07-01,Region A,P029,95,97,0.0
2026-07-01,Region A,P030,103,107,1.33
2026-07-01,Region B,P001,76,81,0.87
2026-07-01,Region B,P002,93,98,0.8
2026-07-01,Region B,P003,85,90,1.91
2026-07-01,Region B,P004,126,134,1.38
2026-07-01,Region B,P005,86,91,1.07
2026-07-01,Region B,P006,149,151,0.78
2026-07-01,Region B,P007,91,96,1.59
2026-07-01,Region B,P008,105,111,1.01
2026-07-01,Region B,P009,81,84,0.37
2026-07-01,Region B,P010,102,106,1.51
2026-07-01,Region B,P011,137,146,1.1
2026-07-01,Region B,P012,144,148,1.49
2026-07-01,Region B,P013,89,94,1.29
2026-07-01,Region B,P014,136,138,0.42
2026-07-01,Region B,P015,83,88,1.73
2026-07-01,Region B,P016,97,100,0.21
2026-07-01,Region B,P017,84,90,1.37
2026-07-01,Region B,P018,86,88,0.0
2026-07-01,Region B,P019,78,83,1.17
2026-07-01,Region B,P020,100,103,0.81
2026-07-01,Region B,P021,92,94,0.0
2026-07-01,Region B,P022,120,122,1.32
2026-07-01,Region B,P023,145,151,1.51
2026-07-01,Region B,P024,87,92,1.3
2026-07-01,Region B,P025,112,117,1.36
2026-07-01,Region B,P026,131,135,0.49
2026-07-01,Region B,P027,111,115,1.43
2026-07-01,Region B,P028,94,96,0.0
2026-07-01,Region B,P029,84,88,0.78
2026-07-01,Region B,P030,112,119,1.21
2026-07-01,Region C,P001,104,107,0.04
2026-07-01,Region C,P002,84,85,0.49
2026-07-01,Region C,P003,120,127,1.63
2026-07-01,Region C,P004,85,86,1.09
2026-07-01,Region C,P005,91,93,0.11
2026-07-01,Region C,P006,143,148,1.68
2026-07-01,Region C,P007,122,125,0.04
2026-07-01,Region C,P008,82,87,1.66
2026-07-01,Region C,P009,89,94,1.05
2026-07-01,Region C,P010,142,145,1.24
2026-07-01,Region C,P011,138,143,1.06
2026-07-01,Region C,P012,83,88,0.8
2026-07-01,Region C,P013,107,112,0.68
2026-07-01,Region C,P014,135,140,0.21
2026-07-01,Region C,P015,145,147,0.43
2026-07-01,Region C,P016,120,122,0.0
2026-07-01,Region C,P017,150,155,0.24
2026-07-01,Region C,P018,94,98,1.14
2026-07-01,Region C,P019,122,129,1.36
2026-07-01,Region C,P020,89,91,0.42
2026-07-01,Region C,P021,121,125,0.6
2026-07-01,Region C,P022,145,149,0.74
2026-07-01,Region C,P023,109,111,0.0
2026-07-01,Region C,P024,87,89,0.0
2026-07-01,Region C,P025,110,116,0.0
2026-07-01,Region C,P026,77,80,1.1
2026-07-01,Region C,P027,95,101,1.28
2026-07-01,Region C,P028,109,112,0.6
2026-07-01,Region C,P029,129,137,1.86
2026-07-01,Region C,P030,144,152,1.71
2026-07-01,Region D,P001,153,155,0.94
2026-07-01,Region D,P002,121,129,1.31
2026-07-01,Region D,P003,82,87,0.71
2026-07-01,Region D,P004,116,123,1.09
2026-07-01,Region D,P005,141,150,1.08
2026-07-01,Region D,P006,131,137,0.82
2026-07-01,Region D,P007,83,89,1.63
2026-07-01,Region D,P008,126,131,0.24
2026-07-01,Region D,P009,76,80,1.46
2026-07-01,Region D,P010,132,134,0.25
2026-07-01,Region D,P011,116,124,1.49
2026-07-01,Region D,P012,82,87,1.4
2026-07-01,Region D,P013,146,154,1.09
2026-07-01,Region D,P014,136,143,1.32
2026-07-01,Region D,P015,147,152,0.86
2026-07-01,Region D,P016,148,156,1.27
2026-07-01,Region D,P017,87,92,1.06
2026-07-01,Region D,P018,93,97,2.19
2026-07-01,Region D,P019,140,144,0.69
2026-07-01,Region D,P020,101,106,1.13
2026-07-01,Region D,P021,143,152,1.2
2026-07-01,Region D,P022,140,142,1.14
2026-07-01,Region D,P023,84,89,1.17
2026-07-01,Region D,P024,96,100,0.46
2026-07-01,Region D,P025,82,84,0.08
2026-07-01,Region D,P026,112,117,1.48
2026-07-01,Region D,P027,95,97,0.2
2026-07-01,Region D,P028,123,128,1.4
2026-07-01,Region D,P029,102,106,0.75
2026-07-01,Region D,P030,89,94,0.83
2026-07-02,Region A,P001,123,126,0.15
2026-07-02,Region A,P002,90,95,1.18
2026-07-02,Region A,P003,117,120,1.1
2026-07-02,Region A,P004,152,156,0.97
2026-07-02,Region A,P005,93,94,0.16
2026-07-02,Region A,P006,110,114,1.05
2026-07-02,Region A,P007,92,96,0.46
2026-07-02,Region A,P008,136,138,0.24
2026-07-02,Region A,P009,136,141,1.32
2026-07-02,Region A,P010,133,142,0.5
2026-07-02,Region A,P011,82,87,0.97
2026-07-02,Region A,P012,87,90,0.32
2026-07-02,Region A,P013,109,114,1.92
2026-07-02,Region A,P014,144,147,0.49
2026-07-02,Region A,P015,89,91,0.82
2026-07-02,Region A,P016,135,138,0.05
2026-07-02,Region A,P017,140,143,0.53
2026-07-02,Region A,P018,112,116,0.69
2026-07-02,Region A,P019,103,106,0.0
2026-07-02,Region A,P020,111,114,0.63
2026-07-02,Region A,P021,150,158,0.14
2026-07-02,Region A,P022,76,81,2.51
2026-07-02,Region A,P023,121,127,1.58
2026-07-02,Region A,P024,83,88,0.82
2026-07-02,Region A,P025,75,80,0.73
2026-07-02,Region A,P026,130,135,0.61
2026-07-02,Region A,P027,141,148,1.11
2026-07-02,Region A,P028,102,106,0.64
2026-07-02,Region A,P029,89,92,0.75
2026-07-02,Region A,P030,136,143,2.05
2026-07-02,Region B,P001,88,92,1.33
2026-07-02,Region B,P002,98,105,1.3
2026-07-02,Region B,P003,140,145,1.01
2026-07-02,Region B,P004,114,121,1.7
2026-07-02,Region B,P005,107,112,0.09
2026-07-02,Region B,P006,78,82,1.47
2026-07-02,Region B,P007,100,104,1.25
2026-07-02,Region B,P008,127,129,1.02
2026-07-02,Region B,P009,135,144,0.93
2026-07-02,Region B,P010,99,103,0.85
2026-07-02,Region B,P011,144,147,0.0
2026-07-02,Region B,P012,142,145,0.0
2026-07-02,Region B,P013,155,159,1.04
2026-07-02,Region B,P014,143,150,1.2
2026-07-02,Region B,P015,101,105,1.0
2026-07-02,Region B,P016,81,84,1.45
2026-07-02,Region B,P017,136,139,0.34
2026-07-02,Region B,P018,94,96,0.17
2026-07-02,Region B,P019,91,95,0.91
2026-07-02,Region B,P020,89,93,1.08
2026-07-02,Region B,P021,137,144,0.44
2026-07-02,Region B,P022,150,159,1.18
2026-07-02,Region B,P023,108,115,1.25
2026-07-02,Region B,P024,120,124,0.8
2026-07-02,Region B,P025,112,116,0.38
2026-07-02,Region B,P026,124,129,0.8
2026-07-02,Region B,P027,117,123,1.3
2026-07-02,Region B,P028,100,107,0.73
2026-07-02,Region B,P029,76,81,1.34
2026-07-02,Region B,P030,140,142,0.62
2026-07-02,Region C,P001,124,129,0.37
2026-07-02,Region C,P002,140,143,0.17
2026-07-02,Region C,P003,149,152,0.75
2026-07-02,Region C,P004,128,136,0.66
2026-07-02,Region C,P005,87,90,0.69
2026-07-02,Region C,P006,117,125,1.65
2026-07-02,Region C,P007,145,155,1.7
2026-07-02,Region C,P008,147,152,1.43
2026-07-02,Region C,P009,93,96,0.63
2026-07-02,Region C,P010,129,133,0.09
2026-07-02,Region C,P011,121,129,1.44
2026-07-02,Region C,P012,150,155,1.11
2026-07-02,Region C,P013,86,88,0.0
2026-07-02,Region C,P014,84,87,0.66
2026-07-02,Region C,P015,89,93,1.89
2026-07-02,Region C,P016,146,155,2.1
2026-07-02,Region C,P017,122,129,1.07
2026-07-02,Region C,P018,125,130,0.33
2026-07-02,Region C,P019,121,124,0.11
2026-07-02,Region C,P020,119,122,0.69
2026-07-02,Region C,P021,82,86,1.9
2026-07-02,Region C,P022,147,155,1.43
2026-07-02,Region C,P023,121,128,1.7
2026-07-02,Region C,P024,146,153,1.34
2026-07-02,Region C,P025,88,93,0.71
2026-07-02,Region C,P026,133,135,0.21
2026-07-02,Region C,P027,101,107,1.35
2026-07-02,Region C,P028,141,144,0.0
2026-07-02,Region C,P029,77,82,0.91
2026-07-02,Region C,P030,136,139,0.11
2026-07-02,Region D,P001,97,101,0.64
2026-07-02,Region D,P002,91,97,1.54
2026-07-02,Region D,P003,127,131,0.18
2026-07-02,Region D,P004,92,95,0.97
2026-07-02,Region D,P005,87,92,1.01
2026-07-02,Region D,P006,88,92,1.45
2026-07-02,Region D,P007,101,104,0.82
2026-07-02,Region D,P008,119,127,1.51
2026-07-02,Region D,P009,91,95,0.43
2026-07-02,Region D,P010,105,110,1.02
2026-07-02,Region D,P011,142,149,1.0
2026-07-02,Region D,P012,99,102,1.16
2026-07-02,Region D,P013,150,159,0.78
2026-07-02,Region D,P014,99,102,0.18
2026-07-02,Region D,P015,99,105,0.93
2026-07-02,Region D,P016,137,144,1.53
2026-07-02,Region D,P017,129,138,1.31
2026-07-02,Region D,P018,148,155,0.62
2026-07-02,Region D,P019,120,124,0.53
2026-07-02,Region D,P020,97,101,1.19
2026-07-02,Region D,P021,103,110,0.55
2026-07-02,Region D,P022,142,147,0.29
2026-07-02,Region D,P023,78,82,0.95
2026-07-02,Region D,P024,121,128,1.1
2026-07-02,Region D,P025,114,117,0.61
2026-07-02,Region D,P026,124,131,0.57
2026-07-02,Region D,P027,88,90,0.0
2026-07-02,Region D,P028,78,80,0.63
2026-07-02,Region D,P029,125,131,0.84
2026-07-02,Region D,P030,138,145,0.5
2026-07-03,Region A,P001,143,149,0.71
2026-07-03,Region A,P002,145,154,1.17
2026-07-03,Region A,P003,90,93,0.13
2026-07-03,Region A,P004,123,126,0.48
2026-07-03,Region A,P005,128,133,0.11
2026-07-03,Region A,P006,145,149,0.5
2026-07-03,Region A,P007,123,125,0.0
2026-07-03,Region A,P008,84,88,0.0
2026-07-03,Region A,P009,134,142,2.23
2026-07-03,Region A,P010,77,81,0.0
2026-07-03,Region A,P011,115,118,1.05
2026-07-03,Region A,P012,97,102,0.99
2026-07-03,Region A,P013,113,118,0.89
2026-07-03,Region A,P014,91,97,1.7
2026-07-03,Region A,P015,105,112,0.98
2026-07-03,Region A,P016,141,149,0.56
2026-07-03,Region A,P017,140,145,0.46
2026-07-03,Region A,P018,81,83,1.04
2026-07-03,Region A,P019,127,129,0.36
2026-07-03,Region A,P020,146,153,1.41
2026-07-03,Region A,P021,76,81,1.57
2026-07-03,Region A,P022,92,94,0.02
2026-07-03,Region A,P023,96,100,0.12
2026-07-03,Region A,P024,145,148,0.29
2026-07-03,Region A,P025,123,131,1.31
2026-07-03,Region A,P026,136,139,0.72
2026-07-03,Region A,P027,125,130,0.96
2026-07-03,Region A,P028,147,156,2.26
2026-07-03,Region A,P029,100,105,1.21
2026-07-03,Region A,P030,98,102,0.47
2026-07-03,Region B,P001,105,110,1.71
2026-07-03,Region B,P002,140,147,0.68
2026-07-03,Region B,P003,100,103,0.46
2026-07-03,Region B,P004,150,155,0.97
2026-07-03,Region B,P005,90,93,1.46
2026-07-03,Region B,P006,105,109,0.81
2026-07-03,Region B,P007,105,110,1.04
2026-07-03,Region B,P008,81,83,0.47
2026-07-03,Region B,P009,80,83,0.52
2026-07-03,Region B,P010,86,90,0.0
2026-07-03,Region B,P011,107,112,0.54
2026-07-03,Region B,P012,143,151,1.73
2026-07-03,Region B,P013,104,108,0.61
2026-07-03,Region B,P014,94,97,0.99
2026-07-03,Region B,P015,154,157,0.12
2026-07-03,Region B,P016,117,122,0.93
2026-07-03,Region B,P017,152,158,1.18
2026-07-03,Region B,P018,77,80,0.52
2026-07-03,Region B,P019,114,120,1.02
2026-07-03,Region B,P020,144,146,0.04
2026-07-03,Region B,P021,120,127,0.66
2026-07-03,Region B,P022,140,144,0.0
2026-07-03,Region B,P023,111,118,0.71
2026-07-03,Region B,P024,90,96,1.34
2026-07-03,Region B,P025,97,100,0.0
2026-07-03,Region B,P026,102,104,0.07
2026-07-03,Region B,P027,104,111,2.11
2026-07-03,Region B,P028,114,117,0.0
2026-07-03,Region B,P029,141,145,0.68
2026-07-03,Region B,P030,84,87,1.36
2026-07-03,Region C,P001,96,101,1.25
2026-07-03,Region C,P002,150,154,0.92
2026-07-03,Region C,P003,100,103,0.13
2026-07-03,Region C,P004,98,101,0.43
2026-07-03,Region C,P005,88,94,1.38
2026-07-03,Region C,P006,115,119,0.0
2026-07-03,Region C,P007,150,154,0.83
2026-07-03,Region C,P008,105,110,0.59
2026-07-03,Region C,P009,87,93,1.53
2026-07-03,Region C,P010,92,96,0.81
2026-07-03,Region C,P011,117,120,2.27
2026-07-03,Region C,P012,98,102,1.23
2026-07-03,Region C,P013,148,154,0.76
2026-07-03,Region C,P014,80,83,0.52
2026-07-03,Region C,P015,142,145,0.94
2026-07-03,Region C,P016,121,128,1.79
2026-07-03,Region C,P017,103,107,0.54
2026-07-03,Region C,P018,100,105,2.21
2026-07-03,Region C,P019,85,88,0.5
2026-07-03,Region C,P020,105,108,0.31
2026-07-03,Region C,P021,133,142,1.73
2026-07-03,Region C,P022,85,91,2.43
2026-07-03,Region C,P023,127,135,0.84
2026-07-03,Region C,P024,151,153,0.1
2026-07-03,Region C,P025,92,97,0.78
2026-07-03,Region C,P026,93,97,1.08
2026-07-03,Region C,P027,133,136,0.19
2026-07-03,Region C,P028,112,119,1.41
2026-07-03,Region C,P029,92,94,1.03
2026-07-03,Region C,P030,84,86,0.6
2026-07-03,Region D,P001,110,115,0.52
2026-07-03,Region D,P002,139,144,1.07
2026-07-03,Region D,P003,95,98,0.25
2026-07-03,Region D,P004,97,99,0.6
2026-07-03,Region D,P005,130,136,0.37
2026-07-03,Region D,P006,94,97,0.52
2026-07-03,Region D,P007,76,81,1.81
2026-07-03,Region D,P008,78,80,0.21
2026-07-03,Region D,P009,138,144,0.5
2026-07-03,Region D,P010,148,153,0.46
2026-07-03,Region D,P011,78,83,1.32
2026-07-03,Region D,P012,80,85,0.53
2026-07-03,Region D,P013,140,146,1.34
2026-07-03,Region D,P014,95,100,0.8
2026-07-03,Region D,P015,90,92,0.0
2026-07-03,Region D,P016,134,142,2.34
2026-07-03,Region D,P017,85,91,0.87
2026-07-03,Region D,P018,110,117,1.31
2026-07-03,Region D,P019,88,90,0.93
2026-07-03,Region D,P020,128,131,0.0
2026-07-03,Region D,P021,148,153,0.0
2026-07-03,Region D,P022,92,97,1.88
2026-07-03,Region D,P023,115,119,1.0
2026-07-03,Region D,P024,99,104,1.67
2026-07-03,Region D,P025,98,100,0.69
2026-07-03,Region D,P026,137,141,0.71
2026-07-03,Region D,P027,149,152,0.45
2026-07-03,Region D,P028,81,84,0.11
2026-07-03,Region D,P029,114,119,1.14
2026-07-03,Region D,P030,138,146,1.28
2026-07-04,Region A,P001,129,136,2.38
2026-07-04,Region A,P002,116,122,0.96
2026-07-04,Region A,P003,90,92,0.38
2026-07-04,Region A,P004,115,120,0.55
2026-07-04,Region A,P005,104,110,0.09
2026-07-04,Region A,P006,147,153,1.72
2026-07-04,Region A,P007,110,114,1.62
2026-07-04,Region A,P008,75,80,1.39
2026-07-04,Region A,P009,99,106,1.77
2026-07-04,Region A,P010,98,102,1.1
2026-07-04,Region A,P011,96,98,0.13
2026-07-04,Region A,P012,149,152,0.0
2026-07-04,Region A,P013,108,115,1.45
2026-07-04,Region A,P014,93,96,0.2
2026-07-04,Region A,P015,119,123,0.3
2026-07-04,Region A,P016,103,108,1.27
2026-07-04,Region A,P017,117,122,0.68
2026-07-04,Region A,P018,137,142,1.09
2026-07-04,Region A,P019,127,133,1.17
2026-07-04,Region A,P020,104,106,0.3
2026-07-04,Region A,P021,90,94,0.53
2026-07-04,Region A,P022,132,135,0.0
2026-07-04,Region A,P023,86,88,0.53
2026-07-04,Region A,P024,93,96,0.71
2026-07-04,Region A,P025,98,104,0.94
2026-07-04,Region A,P026,99,105,1.33
2026-07-04,Region A,P027,87,90,1.19
2026-07-04,Region A,P028,102,104,0.15
2026-07-04,Region A,P029,151,159,0.78
2026-07-04,Region A,P030,96,102,0.11
2026-07-04,Region B,P001,136,141,0.22
2026-07-04,Region B,P002,141,150,1.12
2026-07-04,Region B,P003,142,145,0.51
2026-07-04,Region B,P004,146,150,1.89
2026-07-04,Region B,P005,82,85,1.03
2026-07-04,Region B,P006,138,142,0.0
2026-07-04,Region B,P007,144,153,0.95
2026-07-04,Region B,P008,111,116,1.36
2026-07-04,Region B,P009,143,145,0.17
2026-07-04,Region B,P010,135,141,1.0
2026-07-04,Region B,P011,87,88,0.0
2026-07-04,Region B,P012,128,135,0.54
2026-07-04,Region B,P013,120,127,1.45
2026-07-04,Region B,P014,106,111,1.17
2026-07-04,Region B,P015,95,101,1.54
2026-07-04,Region B,P016,115,122,1.34
2026-07-04,Region B,P017,121,125,0.67
2026-07-04,Region B,P018,139,142,0.08
2026-07-04,Region B,P019,114,116,0.92
2026-07-04,Region B,P020,155,158,0.12
2026-07-04,Region B,P021,108,112,0.56
2026-07-04,Region B,P022,142,150,0.09
2026-07-04,Region B,P023,148,155,0.68
2026-07-04,Region B,P024,103,109,1.29
2026-07-04,Region B,P025,110,115,0.91
2026-07-04,Region B,P026,150,158,0.9
2026-07-04,Region B,P027,112,116,0.9
2026-07-04,Region B,P028,95,100,1.24
2026-07-04,Region B,P029,110,116,0.57
2026-07-04,Region B,P030,135,141,1.47
2026-07-04,Region C,P001,85,90,1.21
2026-07-04,Region C,P002,101,107,0.97
2026-07-04,Region C,P003,103,106,0.64
2026-07-04,Region C,P004,104,108,1.05
2026-07-04,Region C,P005,144,146,1.26
2026-07-04,Region C,P006,151,155,0.58
2026-07-04,Region C,P007,79,84,1.78
2026-07-04,Region C,P008,127,130,0.04
2026-07-04,Region C,P009,113,121,0.83
2026-07-04,Region C,P010,140,146,1.04
2026-07-04,Region C,P011,135,142,0.69
2026-07-04,Region C,P012,99,102,0.57
2026-07-04,Region C,P013,100,106,1.78
2026-07-04,Region C,P014,150,154,0.64
2026-07-04,Region C,P015,139,141,0.0
2026-07-04,Region C,P016,87,91,1.05
2026-07-04,Region C,P017,111,116,1.55
2026-07-04,Region C,P018,132,140,0.61
2026-07-04,Region C,P019,144,148,0.92
2026-07-04,Region C,P020,93,96,0.29
2026-07-04,Region C,P021,127,131,0.62
2026-07-04,Region C,P022,86,88,0.6
2026-07-04,Region C,P023,147,152,1.12
2026-07-04,Region C,P024,148,151,0.79
2026-07-04,Region C,P025,94,98,1.2
2026-07-04,Region C,P026,106,108,0.53
2026-07-04,Region C,P027,78,80,0.14
2026-07-04,Region C,P028,84,88,1.05
2026-07-04,Region C,P029,152,156,0.42
2026-07-04,Region C,P030,78,83,1.13
2026-07-04,Region D,P001,133,136,0.71
2026-07-04,Region D,P002,122,130,1.71
2026-07-04,Region D,P003,145,154,1.36
2026-07-04,Region D,P004,122,129,1.69
2026-07-04,Region D,P005,82,84,0.97
2026-07-04,Region D,P006,117,121,0.75
2026-07-04,Region D,P007,96,103,2.04
2026-07-04,Region D,P008,108,113,0.75
2026-07-04,Region D,P009,147,155,2.33
2026-07-04,Region D,P010,128,136,0.7
2026-07-04,Region D,P011,122,126,1.37
2026-07-04,Region D,P012,131,133,0.0
2026-07-04,Region D,P013,124,130,0.96
2026-07-04,Region D,P014,138,141,0.0
2026-07-04,Region D,P015,140,146,0.53
2026-07-04,Region D,P016,76,80,0.83
2026-07-04,Region D,P017,134,138,0.5
2026-07-04,Region D,P018,86,90,0.0
2026-07-04,Region D,P019,149,151,0.28
2026-07-04,Region D,P020,76,81,0.98
2026-07-04,Region D,P021,113,118,0.71
2026-07-04,Region D,P022,116,123,1.17
2026-07-04,Region D,P023,83,87,1.16
2026-07-04,Region D,P024,145,148,0.29
2026-07-04,Region D,P025,148,153,0.0
2026-07-04,Region D,P026,104,107,0.7
2026-07-04,Region D,P027,114,118,0.09
2026-07-04,Region D,P028,132,137,0.96
2026-07-04,Region D,P029,128,135,0.76
2026-07-04,Region D,P030,132,139,0.46
2026-07-05,Region A,P001,150,157,0.51
2026-07-05,Region A,P002,138,142,0.93
2026-07-05,Region A,P003,86,88,0.53
2026-07-05,Region A,P004,101,105,0.86
2026-07-05,Region A,P005,150,158,1.62
2026-07-05,Region A,P006,89,95,1.24
2026-07-05,Region A,P007,117,119,0.0
2026-07-05,Region A,P008,92,97,0.82
2026-07-05,Region A,P009,147,150,0.64
2026-07-05,Region A,P010,84,87,0.98
2026-07-05,Region A,P011,145,151,0.99
2026-07-05,Region A,P012,134,141,0.87
2026-07-05,Region A,P013,100,105,0.48
2026-07-05,Region A,P014,79,83,0.99
2026-07-05,Region A,P015,90,95,1.17
2026-07-05,Region A,P016,77,81,0.0
2026-07-05,Region A,P017,144,146,0.29
2026-07-05,Region A,P018,95,100,1.44
2026-07-05,Region A,P019,147,156,1.02
2026-07-05,Region A,P020,128,132,0.58
2026-07-05,Region A,P021,143,147,0.24
2026-07-05,Region A,P022,83,88,1.1
2026-07-05,Region A,P023,76,80,0.58
2026-07-05,Region A,P024,143,150,1.13
2026-07-05,Region A,P025,120,122,1.01
2026-07-05,Region A,P026,123,129,0.82
2026-07-05,Region A,P027,111,113,0.83
2026-07-05,Region A,P028,138,143,0.95
2026-07-05,Region A,P029,135,139,0.33
2026-07-05,Region A,P030,123,129,1.05
2026-07-05,Region B,P001,95,100,1.3
2026-07-05,Region B,P002,126,133,1.12
2026-07-05,Region B,P003,142,144,0.86
2026-07-05,Region B,P004,147,157,1.2
2026-07-05,Region B,P005,118,124,1.56
2026-07-05,Region B,P006,111,114,0.04
2026-07-05,Region B,P007,120,125,1.13
2026-07-05,Region B,P008,127,133,0.48
2026-07-05,Region B,P009,80,82,0.32
2026-07-05,Region B,P010,106,108,0.04
2026-07-05,Region B,P011,98,101,0.39
2026-07-05,Region B,P012,104,111,2.17
2026-07-05,Region B,P013,82,86,1.22
2026-07-05,Region B,P014,96,98,0.0
2026-07-05,Region B,P015,144,149,1.25
2026-07-05,Region B,P016,135,141,0.81
2026-07-05,Region B,P017,89,91,0.94
2026-07-05,Region B,P018,84,87,0.27
2026-07-05,Region B,P019,102,105,1.04
2026-07-05,Region B,P020,79,82,0.82
2026-07-05,Region B,P021,137,142,0.35
2026-07-05,Region B,P022,127,135,1.33
2026-07-05,Region B,P023,100,104,1.09
2026-07-05,Region B,P024,124,129,0.83
2026-07-05,Region B,P025,94,96,0.03
2026-07-05,Region B,P026,125,130,0.34
2026-07-05,Region B,P027,130,138,1.27
2026-07-05,Region B,P028,82,83,0.28
2026-07-05,Region B,P029,81,85,0.99
2026-07-05,Region B,P030,136,142,1.2
2026-07-05,Region C,P001,116,120,1.7
2026-07-05,Region C,P002,140,147,0.81
2026-07-05,Region C,P003,80,83,0.0
2026-07-05,Region C,P004,87,92,0.5
2026-07-05,Region C,P005,139,142,0.0
2026-07-05,Region C,P006,86,89,0.91
2026-07-05,Region C,P007,144,154,2.32
2026-07-05,Region C,P008,82,88,1.95
2026-07-05,Region C,P009,84,89,0.51
2026-07-05,Region C,P010,141,145,0.47
2026-07-05,Region C,P011,95,98,1.05
2026-07-05,Region C,P012,95,98,0.62
2026-07-05,Region C,P013,144,153,1.9
2026-07-05,Region C,P014,97,102,0.48
2026-07-05,Region C,P015,103,105,0.38
2026-07-05,Region C,P016,133,138,0.47
2026-07-05,Region C,P017,95,102,2.16
2026-07-05,Region C,P018,104,109,1.7
2026-07-05,Region C,P019,115,121,0.93
2026-07-05,Region C,P020,94,96,0.0
2026-07-05,Region C,P021,132,140,0.47
2026-07-05,Region C,P022,80,85,1.86
2026-07-05,Region C,P023,85,91,1.58
2026-07-05,Region C,P024,99,105,0.61
2026-07-05,Region C,P025,148,157,0.78
2026-07-05,Region C,P026,114,119,1.38
2026-07-05,Region C,P027,113,116,0.24
2026-07-05,Region C,P028,136,142,0.67
2026-07-05,Region C,P029,149,153,0.73
2026-07-05,Region C,P030,89,91,0.0
2026-07-05,Region D,P001,130,134,0.89
2026-07-05,Region D,P002,119,125,1.1
2026-07-05,Region D,P003,78,80,0.43
2026-07-05,Region D,P004,92,97,1.33
2026-07-05,Region D,P005,98,104,0.76
2026-07-05,Region D,P006,111,117,1.44
2026-07-05,Region D,P007,84,87,1.01
2026-07-05,Region D,P008,112,114,0.04
2026-07-05,Region D,P009,127,129,0.71
2026-07-05,Region D,P010,145,151,0.75
2026-07-05,Region D,P011,86,92,1.31
2026-07-05,Region D,P012,122,130,1.75
2026-07-05,Region D,P013,145,148,0.97
2026-07-05,Region D,P014,142,150,1.02
2026-07-05,Region D,P015,114,120,1.02
2026-07-05,Region D,P016,109,116,1.79
2026-07-05,Region D,P017,108,113,0.71
2026-07-05,Region D,P018,120,126,0.21
2026-07-05,Region D,P019,105,107,0.18
2026-07-05,Region D,P020,122,129,1.23
2026-07-05,Region D,P021,130,136,0.47
2026-07-05,Region D,P022,118,121,0.37
2026-07-05,Region D,P023,83,86,0.03
2026-07-05,Region D,P024,112,118,1.55
2026-07-05,Region D,P025,127,135,0.85
2026-07-05,Region D,P026,137,145,1.67
2026-07-05,Region D,P027,123,126,0.58
2026-07-05,Region D,P028,145,155,1.3
2026-07-05,Region D,P029,82,87,1.97
2026-07-05,Region D,P030,127,135,0.84
2026-07-06,Region A,P001,77,80,0.78
2026-07-06,Region A,P002,113,117,0.78
2026-07-06,Region A,P003,144,146,1.19
2026-07-06,Region A,P004,137,145,1.55
2026-07-06,Region A,P005,130,132,0.9
2026-07-06,Region A,P006,96,98,0.0
2026-07-06,Region A,P007,128,132,1.26
2026-07-06,Region A,P008,157,159,1.39
2026-07-06,Region A,P009,116,121,1.04
2026-07-06,Region A,P010,86,88,0.88
2026-07-06,Region A,P011,119,124,1.04
2026-07-06,Region A,P012,78,80,0.4
2026-07-06,Region A,P013,111,118,1.83
2026-07-06,Region A,P014,129,137,1.32
2026-07-06,Region A,P015,103,105,0.14
2026-07-06,Region A,P016,90,92,1.16
2026-07-06,Region A,P017,139,145,0.35
2026-07-06,Region A,P018,133,137,0.3
2026-07-06,Region A,P019,153,159,0.33
2026-07-06,Region A,P020,134,137,0.05
2026-07-06,Region A,P021,94,96,1.38
2026-07-06,Region A,P022,132,134,0.57
2026-07-06,Region A,P023,127,134,1.26
2026-07-06,Region A,P024,145,148,0.49
2026-07-06,Region A,P025,113,116,0.78
2026-07-06,Region A,P026,115,119,0.0
2026-07-06,Region A,P027,101,104,0.78
2026-07-06,Region A,P028,103,109,1.81
2026-07-06,Region A,P029,129,133,0.65
2026-07-06,Region A,P030,82,84,0.42
2026-07-06,Region B,P001,147,157,0.88
2026-07-06,Region B,P002,124,129,0.29
2026-07-06,Region B,P003,126,131,0.55
2026-07-06,Region B,P004,149,154,0.93
2026-07-06,Region B,P005,141,143,0.0
2026-07-06,Region B,P006,117,122,0.4
2026-07-06,Region B,P007,125,128,0.15
2026-07-06,Region B,P008,89,93,0.23
2026-07-06,Region B,P009,150,153,0.46
2026-07-06,Region B,P010,83,85,1.55
2026-07-06,Region B,P011,83,84,0.58
2026-07-06,Region B,P012,119,121,0.24
2026-07-06,Region B,P013,84,87,0.6
2026-07-06,Region B,P014,142,147,0.27
2026-07-06,Region B,P015,144,147,0.0
2026-07-06,Region B,P016,147,153,0.01
2026-07-06,Region B,P017,128,134,1.2
2026-07-06,Region B,P018,145,152,1.18
2026-07-06,Region B,P019,117,124,2.25
2026-07-06,Region B,P020,130,136,0.67
2026-07-06,Region B,P021,81,84,1.07
2026-07-06,Region B,P022,144,148,1.01
2026-07-06,Region B,P023,136,144,1.34
2026-07-06,Region B,P024,146,149,0.54
2026-07-06,Region B,P025,120,125,0.98
2026-07-06,Region B,P026,118,121,0.35
2026-07-06,Region B,P027,82,87,1.29
2026-07-06,Region B,P028,133,139,0.63
2026-07-06,Region B,P029,132,135,1.68
2026-07-06,Region B,P030,150,157,0.87
2026-07-06,Region C,P001,90,91,0.0
2026-07-06,Region C,P002,128,132,1.32
2026-07-06,Region C,P003,86,90,0.7
2026-07-06,Region C,P004,90,92,1.09
2026-07-06,Region C,P005,109,116,1.55
2026-07-06,Region C,P006,128,130,0.69
2026-07-06,Region C,P007,149,157,0.64
2026-07-06,Region C,P008,138,146,0.15
2026-07-06,Region C,P009,108,115,2.17
2026-07-06,Region C,P010,133,138,0.33
2026-07-06,Region C,P011,111,115,1.25
2026-07-06,Region C,P012,141,146,0.59
2026-07-06,Region C,P013,101,107,1.9
2026-07-06,Region C,P014,134,139,0.92
2026-07-06,Region C,P015,77,80,0.77
2026-07-06,Region C,P016,119,127,2.63
2026-07-06,Region C,P017,142,150,0.96
2026-07-06,Region C,P018,108,113,1.17
2026-07-06,Region C,P019,139,145,1.11
2026-07-06,Region C,P020,109,111,0.0
2026-07-06,Region C,P021,114,119,0.23
2026-07-06,Region C,P022,135,144,2.1
2026-07-06,Region C,P023,156,158,0.0
2026-07-06,Region C,P024,81,86,1.04
2026-07-06,Region C,P025,103,109,0.65
2026-07-06,Region C,P026,115,122,1.53
2026-07-06,Region C,P027,128,134,2.11
2026-07-06,Region C,P028,77,82,1.45
2026-07-06,Region C,P029,140,143,0.48
2026-07-06,Region C,P030,78,80,0.0
2026-07-06,Region D,P001,156,158,0.0
2026-07-06,Region D,P002,136,141,0.99
2026-07-06,Region D,P003,93,96,1.14
2026-07-06,Region D,P004,113,118,1.71
2026-07-06,Region D,P005,91,94,1.17
2026-07-06,Region D,P006,87,91,0.57
2026-07-06,Region D,P007,91,96,0.25
2026-07-06,Region D,P008,86,89,0.32
2026-07-06,Region D,P009,119,123,0.41
2026-07-06,Region D,P010,92,95,0.6
2026-07-06,Region D,P011,103,106,1.4
2026-07-06,Region D,P012,152,159,0.0
2026-07-06,Region D,P013,120,127,1.37
2026-07-06,Region D,P014,151,156,0.17
2026-07-06,Region D,P015,155,157,0.95
2026-07-06,Region D,P016,129,137,1.89
2026-07-06,Region D,P017,138,142,0.58
2026-07-06,Region D,P018,136,142,0.74
2026-07-06,Region D,P019,92,97,0.87
2026-07-06,Region D,P020,113,115,0.67
2026-07-06,Region D,P021,95,99,0.16
2026-07-06,Region D,P022,141,143,0.79
2026-07-06,Region D,P023,138,143,1.42
2026-07-06,Region D,P024,151,157,0.91
2026-07-06,Region D,P025,144,148,0.75
2026-07-06,Region D,P026,91,94,0.33
2026-07-06,Region D,P027,140,149,1.25
2026-07-06,Region D,P028,132,140,1.57
2026-07-06,Region D,P029,81,85,0.72
2026-07-06,Region D,P030,92,97,1.01
2026-07-07,Region A,P001,124,127,0.0
2026-07-07,Region A,P002,88,94,1.02
2026-07-07,Region A,P003,101,104,0.42
2026-07-07,Region A,P004,80,84,1.27
2026-07-07,Region A,P005,128,131,0.0
2026-07-07,Region A,P006,115,120,0.01
2026-07-07,Region A,P007,88,93,1.16
2026-07-07,Region A,P008,82,84,0.98
2026-07-07,Region A,P009,80,85,1.45
2026-07-07,Region A,P010,133,137,0.0
2026-07-07,Region A,P011,141,145,0.0
2026-07-07,Region A,P012,127,134,1.21
2026-07-07,Region A,P013,151,159,1.49
2026-07-07,Region A,P014,116,118,0.71
2026-07-07,Region A,P015,111,114,0.1
2026-07-07,Region A,P016,88,93,1.14
2026-07-07,Region A,P017,81,85,0.93
2026-07-07,Region A,P018,144,152,1.35
2026-07-07,Region A,P019,140,144,0.3
2026-07-07,Region A,P020,124,128,0.0
2026-07-07,Region A,P021,93,98,0.94
2026-07-07,Region A,P022,135,142,1.85
2026-07-07,Region A,P023,75,80,0.62
2026-07-07,Region A,P024,139,147,1.09
2026-07-07,Region A,P025,83,85,0.45
2026-07-07,Region A,P026,85,89,0.97
2026-07-07,Region A,P027,135,137,0.0
2026-07-07,Region A,P028,133,138,0.93
2026-07-07,Region A,P029,144,147,0.79
2026-07-07,Region A,P030,132,136,1.09
2026-07-07,Region B,P001,102,105,0.67
2026-07-07,Region B,P002,89,93,0.82
2026-07-07,Region B,P003,84,86,0.5
2026-07-07,Region B,P004,107,113,1.42
2026-07-07,Region B,P005,97,100,1.32
2026-07-07,Region B,P006,127,129,0.96
2026-07-07,Region B,P007,146,153,1.39
2026-07-07,Region B,P008,106,111,1.06
2026-07-07,Region B,P009,88,92,1.37
2026-07-07,Region B,P010,146,153,0.92
2026-07-07,Region B,P011,121,123,0.18
2026-07-07,Region B,P012,123,125,1.3
2026-07-07,Region B,P013,148,157,1.23
2026-07-07,Region B,P014,125,130,0.11
2026-07-07,Region B,P015,85,89,1.47
2026-07-07,Region B,P016,149,155,0.73
2026-07-07,Region B,P017,116,123,1.49
2026-07-07,Region B,P018,100,103,0.02
2026-07-07,Region B,P019,126,129,0.58
2026-07-07,Region B,P020,95,97,0.13
2026-07-07,Region B,P021,120,122,0.16
2026-07-07,Region B,P022,88,94,1.87
2026-07-07,Region B,P023,122,126,0.92
2026-07-07,Region B,P024,102,109,1.14
2026-07-07,Region B,P025,136,144,1.31
2026-07-07,Region B,P026,94,99,1.16
2026-07-07,Region B,P027,123,126,0.44
2026-07-07,Region B,P028,102,108,0.92
2026-07-07,Region B,P029,95,99,1.27
2026-07-07,Region B,P030,136,140,0.0
2026-07-07,Region C,P001,87,89,0.81
2026-07-07,Region C,P002,94,96,0.06
2026-07-07,Region C,P003,78,81,0.53
2026-07-07,Region C,P004,85,89,0.94
2026-07-07,Region C,P005,127,135,2.01
2026-07-07,Region C,P006,155,158,0.0
2026-07-07,Region C,P007,110,115,0.93
2026-07-07,Region C,P008,92,95,0.9
2026-07-07,Region C,P009,95,100,1.06
2026-07-07,Region C,P010,143,148,1.42
2026-07-07,Region C,P011,110,114,0.43
2026-07-07,Region C,P012,83,87,0.76
2026-07-07,Region C,P013,130,137,0.61
2026-07-07,Region C,P014,97,102,0.45
2026-07-07,Region C,P015,108,112,0.54
2026-07-07,Region C,P016,93,98,1.0
2026-07-07,Region C,P017,117,119,0.85
2026-07-07,Region C,P018,151,154,0.0
2026-07-07,Region C,P019,96,101,0.96
2026-07-07,Region C,P020,146,154,0.78
2026-07-07,Region C,P021,104,106,0.64
2026-07-07,Region C,P022,81,84,1.25
2026-07-07,Region C,P023,127,134,1.38
2026-07-07,Region C,P024,101,105,1.68
2026-07-07,Region C,P025,144,147,0.04
2026-07-07,Region C,P026,149,157,1.36
2026-07-07,Region C,P027,144,150,0.39
2026-07-07,Region C,P028,135,141,1.81
2026-07-07,Region C,P029,89,90,0.0
2026-07-07,Region C,P030,84,88,1.94
2026-07-07,Region D,P001,123,131,1.65
2026-07-07,Region D,P002,86,89,0.57
2026-07-07,Region D,P003,100,105,1.46
2026-07-07,Region D,P004,82,85,0.49
2026-07-07,Region D,P005,78,81,0.87
2026-07-07,Region D,P006,145,148,0.04
2026-07-07,Region D,P007,126,134,1.31
2026-07-07,Region D,P008,139,141,0.97
2026-07-07,Region D,P009,151,157,1.29
2026-07-07,Region D,P010,94,97,0.27
2026-07-07,Region D,P011,102,108,0.35
2026-07-07,Region D,P012,79,82,0.75
2026-07-07,Region D,P013,129,131,0.42
2026-07-07,Region D,P014,107,111,0.6
2026-07-07,Region D,P015,90,93,0.79
2026-07-07,Region D,P016,119,125,0.86
2026-07-07,Region D,P017,151,159,1.39
2026-07-07,Region D,P018,138,146,1.59
2026-07-07,Region D,P019,89,92,0.52
2026-07-07,Region D,P020,92,94,0.42
2026-07-07,Region D,P021,147,157,0.77
2026-07-07,Region D,P022,126,132,0.96
2026-07-07,Region D,P023,100,107,0.58
2026-07-07,Region D,P024,98,104,1.65
2026-07-07,Region D,P025,88,93,0.56
2026-07-07,Region D,P026,140,143,0.52
2026-07-07,Region D,P027,77,80,0.83
2026-07-07,Region D,P028,120,123,0.11
2026-07-07,Region D,P029,100,105,1.68
2026-07-07,Region D,P030,102,106,0.0
2026-07-08,Region A,P001,126,132,0.86
2026-07-08,Region A,P002,112,117,0.6
2026-07-08,Region A,P003,145,148,0.61
2026-07-08,Region A,P004,120,127,1.54
2026-07-08,Region A,P005,152,155,1.07
2026-07-08,Region A,P006,113,121,1.54
2026-07-08,Region A,P007,129,134,0.44
2026-07-08,Region A,P008,110,112,0.31
2026-07-08,Region A,P009,103,106,1.17
2026-07-08,Region A,P010,107,110,1.25
2026-07-08,Region A,P011,82,87,1.13
2026-07-08,Region A,P012,92,98,0.94
2026-07-08,Region A,P013,101,107,0.69
2026-07-08,Region A,P014,80,85,2.22
2026-07-08,Region A,P015,137,141,1.11
2026-07-08,Region A,P016,75,80,0.93
2026-07-08,Region A,P017,129,136,1.86
2026-07-08,Region A,P018,127,133,1.4
2026-07-08,Region A,P019,139,143,0.86
2026-07-08,Region A,P020,140,144,0.53
2026-07-08,Region A,P021,106,110,0.95
2026-07-08,Region A,P022,146,149,0.63
2026-07-08,Region A,P023,103,106,0.07
2026-07-08,Region A,P024,100,105,1.12
2026-07-08,Region A,P025,156,159,0.72
2026-07-08,Region A,P026,114,120,0.96
2026-07-08,Region A,P027,92,97,1.54
2026-07-08,Region A,P028,111,115,1.88
2026-07-08,Region A,P029,115,119,0.83
2026-07-08,Region A,P030,85,87,0.89
2026-07-08,Region B,P001,102,106,0.87
2026-07-08,Region B,P002,110,112,0.0
2026-07-08,Region B,P003,136,143,1.19
2026-07-08,Region B,P004,84,88,0.49
2026-07-08,Region B,P005,87,90,0.1
2026-07-08,Region B,P006,118,124,1.29
2026-07-08,Region B,P007,137,143,0.07
2026-07-08,Region B,P008,98,104,0.92
2026-07-08,Region B,P009,131,138,0.18
2026-07-08,Region B,P010,106,112,0.67
2026-07-08,Region B,P011,85,88,0.0
2026-07-08,Region B,P012,148,154,1.06
2026-07-08,Region B,P013,87,89,0.92
2026-07-08,Region B,P014,122,126,0.1
2026-07-08,Region B,P015,144,154,1.51
2026-07-08,Region B,P016,81,83,0.54
2026-07-08,Region B,P017,145,149,1.34
2026-07-08,Region B,P018,89,95,1.71
2026-07-08,Region B,P019,138,145,1.52
2026-07-08,Region B,P020,103,110,1.95
2026-07-08,Region B,P021,80,83,0.18
2026-07-08,Region B,P022,114,117,0.99
2026-07-08,Region B,P023,110,113,1.33
2026-07-08,Region B,P024,138,146,0.82
2026-07-08,Region B,P025,131,134,0.17
2026-07-08,Region B,P026,123,126,1.04
2026-07-08,Region B,P027,103,108,1.64
2026-07-08,Region B,P028,144,152,0.57
2026-07-08,Region B,P029,94,98,0.0
2026-07-08,Region B,P030,141,150,1.91
2026-07-08,Region C,P001,94,97,1.3
2026-07-08,Region C,P002,89,93,0.14
2026-07-08,Region C,P003,133,142,1.89
2026-07-08,Region C,P004,110,117,1.56
2026-07-08,Region C,P005,126,134,1.57
2026-07-08,Region C,P006,88,93,1.09
2026-07-08,Region C,P007,124,132,1.12
2026-07-08,Region C,P008,134,138,0.25
2026-07-08,Region C,P009,116,122,0.04
2026-07-08,Region C,P010,115,119,0.33
2026-07-08,Region C,P011,121,129,1.19
2026-07-08,Region C,P012,100,105,0.04
2026-07-08,Region C,P013,140,143,0.52
2026-07-08,Region C,P014,127,132,0.85
2026-07-08,Region C,P015,118,123,0.89
2026-07-08,Region C,P016,126,134,1.22
2026-07-08,Region C,P017,153,155,0.77
2026-07-08,Region C,P018,148,157,0.8
2026-07-08,Region C,P019,125,131,0.9
2026-07-08,Region C,P020,131,137,1.36
2026-07-08,Region C,P021,127,132,1.52
2026-07-08,Region C,P022,83,85,0.19
2026-07-08,Region C,P023,149,154,0.05
2026-07-08,Region C,P024,81,83,0.07
2026-07-08,Region C,P025,139,144,0.58
2026-07-08,Region C,P026,137,139,0.0
2026-07-08,Region C,P027,80,81,0.16
2026-07-08,Region C,P028,107,109,0.0
2026-07-08,Region C,P029,115,117,0.9
2026-07-08,Region C,P030,118,122,1.35
2026-07-08,Region D,P001,124,126,0.57
2026-07-08,Region D,P002,121,126,0.0
2026-07-08,Region D,P003,88,93,1.68
2026-07-08,Region D,P004,81,84,0.23
2026-07-08,Region D,P005,91,97,1.27
2026-07-08,Region D,P006,120,126,1.19
2026-07-08,Region D,P007,87,92,0.65
2026-07-08,Region D,P008,83,88,1.42
2026-07-08,Region D,P009,95,99,1.55
2026-07-08,Region D,P010,136,143,1.17
2026-07-08,Region D,P011,86,89,0.2
2026-07-08,Region D,P012,85,89,1.69
2026-07-08,Region D,P013,127,135,1.05
2026-07-08,Region D,P014,113,118,0.37
2026-07-08,Region D,P015,98,102,0.92
2026-07-08,Region D,P016,124,131,0.19
2026-07-08,Region D,P017,112,118,1.24
2026-07-08,Region D,P018,107,110,0.66
2026-07-08,Region D,P019,147,156,3.02
2026-07-08,Region D,P020,149,153,1.03
2026-07-08,Region D,P021,149,155,0.38
2026-07-08,Region D,P022,94,96,0.47
2026-07-08,Region D,P023,145,153,0.87
2026-07-08,Region D,P024,97,103,1.12
2026-07-08,Region D,P025,126,133,1.64
2026-07-08,Region D,P026,106,111,0.86
2026-07-08,Region D,P027,107,109,0.51
2026-07-08,Region D,P028,87,90,0.53
2026-07-08,Region D,P029,148,155,1.68
2026-07-08,Region D,P030,109,116,1.52
2026-07-09,Region A,P001,120,124,0.02
2026-07-09,Region A,P002,87,93,0.93
2026-07-09,Region A,P003,149,158,1.18
2026-07-09,Region A,P004,104,108,1.34
2026-07-09,Region A,P005,122,125,0.51
2026-07-09,Region A,P006,85,90,0.73
2026-07-09,Region A,P007,145,151,0.66
2026-07-09,Region A,P008,99,104,0.96
2026-07-09,Region A,P009,111,114,0.84
2026-07-09,Region A,P010,126,131,1.42
2026-07-09,Region A,P011,108,110,0.35
2026-07-09,Region A,P012,83,86,0.01
2026-07-09,Region A,P013,104,107,0.6
2026-07-09,Region A,P014,142,146,0.39
2026-07-09,Region A,P015,151,156,0.34
2026-07-09,Region A,P016,84,86,0.0
2026-07-09,Region A,P017,140,143,0.37
2026-07-09,Region A,P018,124,127,0.53
2026-07-09,Region A,P019,82,86,1.03
2026-07-09,Region A,P020,104,108,0.89
2026-07-09,Region A,P021,78,80,0.0
2026-07-09,Region A,P022,112,116,0.44
2026-07-09,Region A,P023,145,153,0.94
2026-07-09,Region A,P024,79,83,0.34
2026-07-09,Region A,P025,85,89,1.82
2026-07-09,Region A,P026,135,140,0.53
2026-07-09,Region A,P027,149,158,1.15
2026-07-09,Region A,P028,88,92,0.1
2026-07-09,Region A,P029,109,112,0.61
2026-07-09,Region A,P030,147,151,0.54
2026-07-09,Region B,P001,92,94,0.0
2026-07-09,Region B,P002,81,84,0.0
2026-07-09,Region B,P003,141,144,0.0
2026-07-09,Region B,P004,100,106,1.33
2026-07-09,Region B,P005,115,121,0.89
2026-07-09,Region B,P006,89,94,1.05
2026-07-09,Region B,P007,98,104,0.42
2026-07-09,Region B,P008,141,145,1.01
2026-07-09,Region B,P009,142,147,0.5
2026-07-09,Region B,P010,112,118,0.86
2026-07-09,Region B,P011,104,107,0.66
2026-07-09,Region B,P012,101,103,0.0
2026-07-09,Region B,P013,98,103,0.91
2026-07-09,Region B,P014,127,130,0.95
2026-07-09,Region B,P015,102,108,1.47
2026-07-09,Region B,P016,86,89,1.01
2026-07-09,Region B,P017,78,81,0.58
2026-07-09,Region B,P018,144,150,0.98
2026-07-09,Region B,P019,99,104,0.49
2026-07-09,Region B,P020,85,89,1.11
2026-07-09,Region B,P021,78,80,0.0
2026-07-09,Region B,P022,100,104,1.36
2026-07-09,Region B,P023,96,101,1.91
2026-07-09,Region B,P024,92,97,1.65
2026-07-09,Region B,P025,99,106,0.61
2026-07-09,Region B,P026,95,97,0.6
2026-07-09,Region B,P027,82,88,0.33
2026-07-09,Region B,P028,118,122,0.73
2026-07-09,Region B,P029,88,91,0.0
2026-07-09,Region B,P030,136,140,0.0
2026-07-09,Region C,P001,109,112,0.76
2026-07-09,Region C,P002,110,115,1.74
2026-07-09,Region C,P003,98,102,0.62
2026-07-09,Region C,P004,120,126,1.69
2026-07-09,Region C,P005,141,150,1.34
2026-07-09,Region C,P006,103,107,0.0
2026-07-09,Region C,P007,141,144,0.29
2026-07-09,Region C,P008,124,129,0.24
2026-07-09,Region C,P009,88,91,0.63
2026-07-09,Region C,P010,98,101,0.78
2026-07-09,Region C,P011,121,127,0.75
2026-07-09,Region C,P012,78,82,1.42
2026-07-09,Region C,P013,143,151,0.64
2026-07-09,Region C,P014,85,91,0.91
2026-07-09,Region C,P015,121,128,1.24
2026-07-09,Region C,P016,131,135,1.06
2026-07-09,Region C,P017,113,117,2.05
2026-07-09,Region C,P018,128,135,1.05
2026-07-09,Region C,P019,136,142,0.26
2026-07-09,Region C,P020,148,153,1.1
2026-07-09,Region C,P021,134,137,0.0
2026-07-09,Region C,P022,120,125,0.6
2026-07-09,Region C,P023,115,118,0.49
2026-07-09,Region C,P024,123,130,1.67
2026-07-09,Region C,P025,127,133,1.19
2026-07-09,Region C,P026,103,106,0.04
2026-07-09,Region C,P027,125,129,0.52
2026-07-09,Region C,P028,149,155,0.44
2026-07-09,Region C,P029,139,147,1.35
2026-07-09,Region C,P030,124,132,0.9
2026-07-09,Region D,P001,78,81,0.19
2026-07-09,Region D,P002,112,115,0.19
2026-07-09,Region D,P003,95,101,2.13
2026-07-09,Region D,P004,86,88,0.58
2026-07-09,Region D,P005,81,83,0.59
2026-07-09,Region D,P006,99,101,0.22
2026-07-09,Region D,P007,127,135,1.58
2026-07-09,Region D,P008,90,94,0.4
2026-07-09,Region D,P009,137,140,0.0
2026-07-09,Region D,P010,107,114,1.2
2026-07-09,Region D,P011,120,122,0.63
2026-07-09,Region D,P012,111,117,1.37
2026-07-09,Region D,P013,113,120,0.91
2026-07-09,Region D,P014,92,97,0.95
2026-07-09,Region D,P015,88,93,0.41
2026-07-09,Region D,P016,101,103,0.24
2026-07-09,Region D,P017,150,156,0.57
2026-07-09,Region D,P018,121,125,0.21
2026-07-09,Region D,P019,119,125,1.6
2026-07-09,Region D,P020,86,88,0.64
2026-07-09,Region D,P021,90,95,1.18
2026-07-09,Region D,P022,148,156,1.53
2026-07-09,Region D,P023,89,92,0.55
2026-07-09,Region D,P024,104,107,0.67
2026-07-09,Region D,P025,91,94,0.79
2026-07-09,Region D,P026,84,88,0.76
2026-07-09,Region D,P027,93,97,0.61
2026-07-09,Region D,P028,97,102,1.57
2026-07-09,Region D,P029,91,97,0.27
2026-07-09,Region D,P030,125,131,0.9
2026-07-10,Region A,P001,135,143,0.88
2026-07-10,Region A,P002,106,109,0.58
2026-07-10,Region A,P003,106,110,0.8
2026-07-10,Region A,P004,114,118,1.36
2026-07-10,Region A,P005,105,112,1.37
2026-07-10,Region A,P006,121,129,1.4
2026-07-10,Region A,P007,104,110,2.0
2026-07-10,Region A,P008,146,150,0.26
2026-07-10,Region A,P009,120,126,0.86
2026-07-10,Region A,P010,85,88,1.14
2026-07-10,Region A,P011,113,120,0.19
2026-07-10,Region A,P012,86,92,1.66
2026-07-10,Region A,P013,141,148,1.19
2026-07-10,Region A,P014,143,147,1.05
2026-07-10,Region A,P015,102,104,0.5
2026-07-10,Region A,P016,99,106,1.43
2026-07-10,Region A,P017,139,145,0.5
2026-07-10,Region A,P018,76,80,0.47
2026-07-10,Region A,P019,103,109,1.15
2026-07-10,Region A,P020,133,136,0.67
2026-07-10,Region A,P021,133,135,0.67
2026-07-10,Region A,P022,135,141,0.75
2026-07-10,Region A,P023,128,136,1.47
2026-07-10,Region A,P024,113,116,1.03
2026-07-10,Region A,P025,131,138,1.9
2026-07-10,Region A,P026,94,98,0.25
2026-07-10,Region A,P027,153,156,0.76
2026-07-10,Region A,P028,120,127,1.76
2026-07-10,Region A,P029,151,156,0.53
2026-07-10,Region A,P030,104,107,1.05
2026-07-10,Region B,P001,118,121,0.23
2026-07-10,Region B,P002,84,85,0.33
2026-07-10,Region B,P003,154,158,1.1
2026-07-10,Region B,P004,98,104,2.21
2026-07-10,Region B,P005,86,90,1.11
2026-07-10,Region B,P006,144,151,0.99
2026-07-10,Region B,P007,110,113,0.26
2026-07-10,Region B,P008,141,150,1.45
2026-07-10,Region B,P009,122,129,0.65
2026-07-10,Region B,P010,84,89,1.75
2026-07-10,Region B,P011,120,123,0.59
2026-07-10,Region B,P012,94,98,0.46
2026-07-10,Region B,P013,112,118,1.54
2026-07-10,Region B,P014,118,125,1.79
2026-07-10,Region B,P015,93,97,0.0
2026-07-10,Region B,P016,122,127,0.82
2026-07-10,Region B,P017,130,137,0.32
2026-07-10,Region B,P018,85,88,0.32
2026-07-10,Region B,P019,155,158,0.49
2026-07-10,Region B,P020,77,80,0.26
2026-07-10,Region B,P021,89,95,1.96
2026-07-10,Region B,P022,81,86,1.52
2026-07-10,Region B,P023,112,117,0.79
2026-07-10,Region B,P024,131,137,1.49
2026-07-10,Region B,P025,147,153,0.91
2026-07-10,Region B,P026,142,144,0.27
2026-07-10,Region B,P027,85,87,0.89
2026-07-10,Region B,P028,126,131,1.2
2026-07-10,Region B,P029,132,135,0.79
2026-07-10,Region B,P030,118,125,0.58
2026-07-10,Region C,P001,104,109,1.19
2026-07-10,Region C,P002,122,125,0.15
2026-07-10,Region C,P003,124,131,0.25
2026-07-10,Region C,P004,115,119,1.06
2026-07-10,Region C,P005,93,98,0.72
2026-07-10,Region C,P006,96,101,0.89
2026-07-10,Region C,P007,136,142,1.13
2026-07-10,Region C,P008,75,80,2.49
2026-07-10,Region C,P009,124,128,0.0
2026-07-10,Region C,P010,100,103,0.53
2026-07-10,Region C,P011,152,157,0.82
2026-07-10,Region C,P012,137,143,1.15
2026-07-10,Region C,P013,116,118,0.0
2026-07-10,Region C,P014,116,122,1.34
2026-07-10,Region C,P015,123,128,0.85
2026-07-10,Region C,P016,78,80,0.3
2026-07-10,Region C,P017,140,145,0.26
2026-07-10,Region C,P018,140,145,0.93
2026-07-10,Region C,P019,120,124,0.0
2026-07-10,Region C,P020,141,147,0.4
2026-07-10,Region C,P021,87,91,1.02
2026-07-10,Region C,P022,118,125,1.66
2026-07-10,Region C,P023,131,135,1.5
2026-07-10,Region C,P024,134,141,0.64
2026-07-10,Region C,P025,102,109,1.0
2026-07-10,Region C,P026,82,86,0.8
2026-07-10,Region C,P027,124,132,2.45
2026-07-10,Region C,P028,100,106,1.3
2026-07-10,Region C,P029,132,139,0.77
2026-07-10,Region C,P030,146,149,0.2
2026-07-10,Region D,P001,98,104,1.14
2026-07-10,Region D,P002,101,105,1.03
2026-07-10,Region D,P003,119,126,2.26
2026-07-10,Region D,P004,153,158,1.07
2026-07-10,Region D,P005,90,95,0.23
2026-07-10,Region D,P006,115,120,1.0
2026-07-10,Region D,P007,81,85,0.68
2026-07-10,Region D,P008,112,119,1.12
2026-07-10,Region D,P009,155,157,2.37
2026-07-10,Region D,P010,111,118,1.66
2026-07-10,Region D,P011,137,140,0.33
2026-07-10,Region D,P012,149,157,0.9
2026-07-10,Region D,P013,142,144,0.0
2026-07-10,Region D,P014,149,153,0.68
2026-07-10,Region D,P015,107,111,0.89
2026-07-10,Region D,P016,78,80,0.69
2026-07-10,Region D,P017,90,91,0.68
2026-07-10,Region D,P018,125,133,1.88
2026-07-10,Region D,P019,96,98,0.23
2026-07-10,Region D,P020,141,144,0.12
2026-07-10,Region D,P021,81,85,1.54
2026-07-10,Region D,P022,116,119,1.07
2026-07-10,Region D,P023,104,107,0.0
2026-07-10,Region D,P024,88,90,0.0
2026-07-10,Region D,P025,129,131,0.19
2026-07-10,Region D,P026,84,86,0.33
2026-07-10,Region D,P027,99,103,0.73
2026-07-10,Region D,P028,77,81,0.85
2026-07-10,Region D,P029,153,156,0.39
2026-07-10,Region D,P030,150,158,1.1
2026-07-11,Region A,P001,87,89,0.95
2026-07-11,Region A,P002,142,150,1.41
2026-07-11,Region A,P003,83,86,0.42
2026-07-11,Region A,P004,124,127,1.11
2026-07-11,Region A,P005,123,130,0.5
2026-07-11,Region A,P006,145,151,0.88
2026-07-11,Region A,P007,120,123,1.02
2026-07-11,Region A,P008,78,80,0.0
2026-07-11,Region A,P009,145,149,1.34
2026-07-11,Region A,P010,99,104,1.09
2026-07-11,Region A,P011,143,151,1.48
2026-07-11,Region A,P012,108,110,0.0
2026-07-11,Region A,P013,148,156,0.85
2026-07-11,Region A,P014,101,107,1.27
2026-07-11,Region A,P015,135,143,1.18
2026-07-11,Region A,P016,113,117,0.88
2026-07-11,Region A,P017,83,87,0.83
2026-07-11,Region A,P018,119,121,0.0
2026-07-11,Region A,P019,107,112,0.79
2026-07-11,Region A,P020,104,109,0.55
2026-07-11,Region A,P021,85,87,0.18
2026-07-11,Region A,P022,144,147,0.74
2026-07-11,Region A,P023,114,118,1.38
2026-07-11,Region A,P024,94,96,0.0
2026-07-11,Region A,P025,152,159,1.37
2026-07-11,Region A,P026,148,154,1.67
2026-07-11,Region A,P027,96,100,1.44
2026-07-11,Region A,P028,104,109,1.11
2026-07-11,Region A,P029,125,133,0.01
2026-07-11,Region A,P030,143,151,1.82
2026-07-11,Region B,P001,107,112,0.92
2026-07-11,Region B,P002,138,145,0.7
2026-07-11,Region B,P003,148,152,0.0
2026-07-11,Region B,P004,96,102,1.35
2026-07-11,Region B,P005,120,126,1.07
2026-07-11,Region B,P006,115,119,1.35
2026-07-11,Region B,P007,91,95,1.14
2026-07-11,Region B,P008,90,96,1.91
2026-07-11,Region B,P009,94,96,0.22
2026-07-11,Region B,P010,107,109,0.11
2026-07-11,Region B,P011,127,134,0.76
2026-07-11,Region B,P012,110,117,1.03
2026-07-11,Region B,P013,149,152,0.0
2026-07-11,Region B,P014,102,106,0.81
2026-07-11,Region B,P015,120,124,0.41
2026-07-11,Region B,P016,94,99,1.13
2026-07-11,Region B,P017,123,127,1.33
2026-07-11,Region B,P018,102,105,0.0
2026-07-11,Region B,P019,143,150,1.0
2026-07-11,Region B,P020,87,91,1.17
2026-07-11,Region B,P021,151,158,1.15
2026-07-11,Region B,P022,123,129,1.36
2026-07-11,Region B,P023,92,98,1.98
2026-07-11,Region B,P024,110,118,1.27
2026-07-11,Region B,P025,116,119,0.0
2026-07-11,Region B,P026,145,149,0.59
2026-07-11,Region B,P027,124,131,1.35
2026-07-11,Region B,P028,94,99,0.88
2026-07-11,Region B,P029,125,132,0.24
2026-07-11,Region B,P030,85,87,0.54
2026-07-11,Region C,P001,138,143,0.37
2026-07-11,Region C,P002,104,108,0.89
2026-07-11,Region C,P003,99,106,1.07
2026-07-11,Region C,P004,153,159,0.93
2026-07-11,Region C,P005,143,151,0.4
2026-07-11,Region C,P006,93,98,1.16
2026-07-11,Region C,P007,150,153,0.47
2026-07-11,Region C,P008,118,120,0.65
2026-07-11,Region C,P009,110,115,0.58
2026-07-11,Region C,P010,146,154,1.69
2026-07-11,Region C,P011,127,135,1.2
2026-07-11,Region C,P012,135,142,1.75
2026-07-11,Region C,P013,129,135,1.05
2026-07-11,Region C,P014,119,125,0.64
2026-07-11,Region C,P015,113,116,0.1
2026-07-11,Region C,P016,111,117,0.54
2026-07-11,Region C,P017,86,89,0.87
2026-07-11,Region C,P018,96,102,1.11
2026-07-11,Region C,P019,97,102,1.56
2026-07-11,Region C,P020,139,143,0.32
2026-07-11,Region C,P021,127,133,0.9
2026-07-11,Region C,P022,114,117,0.98
2026-07-11,Region C,P023,145,151,0.39
2026-07-11,Region C,P024,98,103,0.27
2026-07-11,Region C,P025,141,149,1.27
2026-07-11,Region C,P026,102,106,0.28
2026-07-11,Region C,P027,116,124,0.85
2026-07-11,Region C,P028,77,81,0.0
2026-07-11,Region C,P029,123,127,0.61
2026-07-11,Region C,P030,118,124,0.92
2026-07-11,Region D,P001,120,126,1.39
2026-07-11,Region D,P002,94,101,1.92
2026-07-11,Region D,P003,117,124,1.67
2026-07-11,Region D,P004,102,107,0.09
2026-07-11,Region D,P005,85,89,1.64
2026-07-11,Region D,P006,117,121,1.32
2026-07-11,Region D,P007,129,135,0.86
2026-07-11,Region D,P008,83,87,1.59
2026-07-11,Region D,P009,127,130,0.42
2026-07-11,Region D,P010,87,90,1.17
2026-07-11,Region D,P011,132,134,0.52
2026-07-11,Region D,P012,142,150,1.07
2026-07-11,Region D,P013,97,102,0.68
2026-07-11,Region D,P014,147,153,2.63
2026-07-11,Region D,P015,88,93,1.09
2026-07-11,Region D,P016,149,152,0.14
2026-07-11,Region D,P017,133,136,0.82
2026-07-11,Region D,P018,129,134,1.22
2026-07-11,Region D,P019,137,145,1.88
2026-07-11,Region D,P020,80,84,1.27
2026-07-11,Region D,P021,90,92,0.15
2026-07-11,Region D,P022,102,109,1.48
2026-07-11,Region D,P023,92,97,1.33
2026-07-11,Region D,P024,106,110,0.0
2026-07-11,Region D,P025,125,127,0.89
2026-07-11,Region D,P026,95,101,1.22
2026-07-11,Region D,P027,113,120,1.05
2026-07-11,Region D,P028,114,121,1.11
2026-07-11,Region D,P029,110,114,0.87
2026-07-11,Region D,P030,98,103,1.55
2026-07-12,Region A,P001,85,87,1.09
2026-07-12,Region A,P002,134,139,0.86
2026-07-12,Region A,P003,115,121,1.36
2026-07-12,Region A,P004,140,148,2.0
2026-07-12,Region A,P005,150,153,0.86
2026-07-12,Region A,P006,145,152,1.18
2026-07-12,Region A,P007,98,100,0.27
2026-07-12,Region A,P008,93,96,0.13
2026-07-12,Region A,P009,128,130,1.46
2026-07-12,Region A,P010,104,109,1.62
2026-07-12,Region A,P011,132,136,0.65
2026-07-12,Region A,P012,84,89,0.53
2026-07-12,Region A,P013,125,129,0.67
2026-07-12,Region A,P014,122,130,1.92
2026-07-12,Region A,P015,113,117,0.91
2026-07-12,Region A,P016,85,90,0.98
2026-07-12,Region A,P017,107,110,1.83
2026-07-12,Region A,P018,96,99,0.86
2026-07-12,Region A,P019,81,84,0.0
2026-07-12,Region A,P020,94,99,2.06
2026-07-12,Region A,P021,92,97,0.88
2026-07-12,Region A,P022,101,107,0.88
2026-07-12,Region A,P023,85,89,1.31
2026-07-12,Region A,P024,150,153,1.52
2026-07-12,Region A,P025,103,106,0.0
2026-07-12,Region A,P026,90,95,1.63
2026-07-12,Region A,P027,132,138,0.0
2026-07-12,Region A,P028,150,157,0.46
2026-07-12,Region A,P029,126,129,0.62
2026-07-12,Region A,P030,117,124,1.39
2026-07-12,Region B,P001,85,90,1.76
2026-07-12,Region B,P002,83,88,2.13
2026-07-12,Region B,P003,119,123,0.0
2026-07-12,Region B,P004,90,94,1.81
2026-07-12,Region B,P005,112,114,0.36
2026-07-12,Region B,P006,136,140,1.13
2026-07-12,Region B,P007,80,82,0.49
2026-07-12,Region B,P008,124,128,0.42
2026-07-12,Region B,P009,121,129,1.3
2026-07-12,Region B,P010,95,97,0.0
2026-07-12,Region B,P011,149,156,1.53
2026-07-12,Region B,P012,141,149,1.55
2026-07-12,Region B,P013,81,85,1.16
2026-07-12,Region B,P014,139,143,0.48
2026-07-12,Region B,P015,122,124,0.0
2026-07-12,Region B,P016,85,89,1.66
2026-07-12,Region B,P017,82,85,0.93
2026-07-12,Region B,P018,137,141,1.38
2026-07-12,Region B,P019,98,105,1.42
2026-07-12,Region B,P020,90,96,1.6
2026-07-12,Region B,P021,129,136,2.12
2026-07-12,Region B,P022,111,117,0.43
2026-07-12,Region B,P023,122,127,1.66
2026-07-12,Region B,P024,129,131,0.01
2026-07-12,Region B,P025,126,133,1.23
2026-07-12,Region B,P026,80,85,1.16
2026-07-12,Region B,P027,115,120,0.43
2026-07-12,Region B,P028,100,106,1.53
2026-07-12,Region B,P029,136,140,1.06
2026-07-12,Region B,P030,139,148,1.17
2026-07-12,Region C,P001,87,89,0.29
2026-07-12,Region C,P002,102,107,1.57
2026-07-12,Region C,P003,145,148,0.0
2026-07-12,Region C,P004,123,128,0.42
2026-07-12,Region C,P005,154,158,0.27
2026-07-12,Region C,P006,99,102,0.0
2026-07-12,Region C,P007,107,109,0.4
2026-07-12,Region C,P008,117,121,0.31
2026-07-12,Region C,P009,124,131,0.55
2026-07-12,Region C,P010,134,139,0.0
2026-07-12,Region C,P011,112,119,0.62
2026-07-12,Region C,P012,109,111,0.31
2026-07-12,Region C,P013,105,108,0.9
2026-07-12,Region C,P014,79,84,1.21
2026-07-12,Region C,P015,111,114,0.0
2026-07-12,Region C,P016,78,82,1.17
2026-07-12,Region C,P017,126,129,0.57
2026-07-12,Region C,P018,89,90,0.42
2026-07-12,Region C,P019,77,81,0.78
2026-07-12,Region C,P020,138,142,1.48
2026-07-12,Region C,P021,119,124,1.08
2026-07-12,Region C,P022,140,143,0.0
2026-07-12,Region C,P023,111,116,1.23
2026-07-12,Region C,P024,96,102,0.92
2026-07-12,Region C,P025,108,112,0.82
2026-07-12,Region C,P026,107,109,0.0
2026-07-12,Region C,P027,130,137,0.89
2026-07-12,Region C,P028,117,124,1.44
2026-07-12,Region C,P029,132,136,0.93
2026-07-12,Region C,P030,138,146,0.82
2026-07-12,Region D,P001,131,136,1.74
2026-07-12,Region D,P002,100,106,1.35
2026-07-12,Region D,P003,147,153,1.02
2026-07-12,Region D,P004,82,85,0.63
2026-07-12,Region D,P005,108,114,1.41
2026-07-12,Region D,P006,111,117,1.7
2026-07-12,Region D,P007,135,142,0.67
2026-07-12,Region D,P008,111,117,0.32
2026-07-12,Region D,P009,81,83,1.19
2026-07-12,Region D,P010,131,134,0.0
2026-07-12,Region D,P011,78,80,0.42
2026-07-12,Region D,P012,102,109,2.0
2026-07-12,Region D,P013,135,141,1.26
2026-07-12,Region D,P014,154,157,0.38
2026-07-12,Region D,P015,147,156,1.3
2026-07-12,Region D,P016,78,80,0.0
2026-07-12,Region D,P017,81,83,0.54
2026-07-12,Region D,P018,124,132,1.85
2026-07-12,Region D,P019,114,116,0.23
2026-07-12,Region D,P020,104,108,0.04
2026-07-12,Region D,P021,146,151,0.79
2026-07-12,Region D,P022,104,110,1.78
2026-07-12,Region D,P023,139,144,0.46
2026-07-12,Region D,P024,114,118,0.62
2026-07-12,Region D,P025,114,118,0.77
2026-07-12,Region D,P026,137,144,1.35
2026-07-12,Region D,P027,88,93,1.23
2026-07-12,Region D,P028,117,120,0.63
2026-07-12,Region D,P029,90,93,1.12
2026-07-12,Region D,P030,93,99,1.62
2026-07-13,Region A,P001,97,100,0.94
2026-07-13,Region A,P002,116,122,0.58
2026-07-13,Region A,P003,141,148,0.9
2026-07-13,Region A,P004,97,99,0.22
2026-07-13,Region A,P005,102,108,1.42
2026-07-13,Region A,P006,148,158,1.72
2026-07-13,Region A,P007,85,86,0.47
2026-07-13,Region A,P008,148,157,1.04
2026-07-13,Region A,P009,120,127,1.7
2026-07-13,Region A,P010,156,159,0.48
2026-07-13,Region A,P011,108,110,0.02
2026-07-13,Region A,P012,146,152,0.99
2026-07-13,Region A,P013,131,133,0.0
2026-07-13,Region A,P014,148,155,0.41
2026-07-13,Region A,P015,136,142,0.82
2026-07-13,Region A,P016,145,149,0.89
2026-07-13,Region A,P017,143,150,1.43
2026-07-13,Region A,P018,96,101,1.69
2026-07-13,Region A,P019,143,151,1.34
2026-07-13,Region A,P020,114,119,1.41
2026-07-13,Region A,P021,121,129,1.77
2026-07-13,Region A,P022,102,108,1.83
2026-07-13,Region A,P023,145,153,0.88
2026-07-13,Region A,P024,150,154,1.19
2026-07-13,Region A,P025,130,136,0.83
2026-07-13,Region A,P026,94,98,1.34
2026-07-13,Region A,P027,140,145,0.56
2026-07-13,Region A,P028,89,94,1.66
2026-07-13,Region A,P029,100,102,0.53
2026-07-13,Region A,P030,140,142,0.43
2026-07-13,Region B,P001,106,113,2.01
2026-07-13,Region B,P002,153,156,0.65
2026-07-13,Region B,P003,104,110,1.03
2026-07-13,Region B,P004,141,150,1.62
2026-07-13,Region B,P005,123,125,0.74
2026-07-13,Region B,P006,88,92,1.11
2026-07-13,Region B,P007,118,120,0.2
2026-07-13,Region B,P008,112,118,1.81
2026-07-13,Region B,P009,139,145,0.54
2026-07-13,Region B,P010,94,96,1.08
2026-07-13,Region B,P011,89,92,0.4
2026-07-13,Region B,P012,88,92,0.57
2026-07-13,Region B,P013,132,135,0.95
2026-07-13,Region B,P014,148,154,1.49
2026-07-13,Region B,P015,88,93,1.83
2026-07-13,Region B,P016,142,144,1.3
2026-07-13,Region B,P017,145,150,1.3
2026-07-13,Region B,P018,88,94,0.2
2026-07-13,Region B,P019,149,154,0.96
2026-07-13,Region B,P020,150,158,1.39
2026-07-13,Region B,P021,93,96,0.83
2026-07-13,Region B,P022,114,118,0.11
2026-07-13,Region B,P023,99,102,0.85
2026-07-13,Region B,P024,149,152,1.36
2026-07-13,Region B,P025,104,110,0.95
2026-07-13,Region B,P026,140,143,0.18
2026-07-13,Region B,P027,125,131,0.53
2026-07-13,Region B,P028,120,123,0.89
2026-07-13,Region B,P029,137,143,1.32
2026-07-13,Region B,P030,139,145,0.79
2026-07-13,Region C,P001,133,139,2.04
2026-07-13,Region C,P002,91,94,0.58
2026-07-13,Region C,P003,124,132,1.46
2026-07-13,Region C,P004,132,136,0.0
2026-07-13,Region C,P005,120,126,1.23
2026-07-13,Region C,P006,132,140,1.64
2026-07-13,Region C,P007,99,103,1.35
2026-07-13,Region C,P008,132,141,1.97
2026-07-13,Region C,P009,142,150,1.39
2026-07-13,Region C,P010,119,125,1.37
2026-07-13,Region C,P011,105,108,0.31
2026-07-13,Region C,P012,150,156,0.89
2026-07-13,Region C,P013,126,129,0.54
2026-07-13,Region C,P014,81,83,0.34
2026-07-13,Region C,P015,95,98,0.98
2026-07-13,Region C,P016,93,99,1.32
2026-07-13,Region C,P017,130,135,1.13
2026-07-13,Region C,P018,144,150,1.31
2026-07-13,Region C,P019,147,155,1.6
2026-07-13,Region C,P020,113,118,0.75
2026-07-13,Region C,P021,121,126,1.17
2026-07-13,Region C,P022,96,98,0.0
2026-07-13,Region C,P023,99,101,0.69
2026-07-13,Region C,P024,97,102,0.9
2026-07-13,Region C,P025,108,113,0.57
2026-07-13,Region C,P026,92,95,0.61
2026-07-13,Region C,P027,86,89,0.51
2026-07-13,Region C,P028,139,142,1.01
2026-07-13,Region C,P029,88,92,1.07
2026-07-13,Region C,P030,96,99,0.41
2026-07-13,Region D,P001,96,101,0.75
2026-07-13,Region D,P002,152,156,0.44
2026-07-13,Region D,P003,88,93,1.01
2026-07-13,Region D,P004,151,158,0.41
2026-07-13,Region D,P005,120,122,0.27
2026-07-13,Region D,P006,87,90,1.25
2026-07-13,Region D,P007,95,98,0.95
2026-07-13,Region D,P008,88,90,0.5
2026-07-13,Region D,P009,80,84,0.11
2026-07-13,Region D,P010,145,151,1.69
2026-07-13,Region D,P011,107,109,0.0
2026-07-13,Region D,P012,151,155,0.0
2026-07-13,Region D,P013,98,100,1.45
2026-07-13,Region D,P014,134,140,1.36
2026-07-13,Region D,P015,90,94,1.35
2026-07-13,Region D,P016,95,101,0.93
2026-07-13,Region D,P017,104,111,1.52
2026-07-13,Region D,P018,148,158,0.81
2026-07-13,Region D,P019,152,158,0.0
2026-07-13,Region D,P020,85,89,0.45
2026-07-13,Region D,P021,156,159,0.2
2026-07-13,Region D,P022,112,118,1.39
2026-07-13,Region D,P023,149,158,1.53
2026-07-13,Region D,P024,81,84,0.73
2026-07-13,Region D,P025,103,109,1.74
2026-07-13,Region D,P026,137,143,1.0
2026-07-13,Region D,P027,91,95,0.99
2026-07-13,Region D,P028,116,123,0.85
2026-07-13,Region D,P029,103,109,0.86
2026-07-13,Region D,P030,80,83,0.0
2026-07-14,Region A,P001,118,120,0.0
2026-07-14,Region A,P002,99,106,1.7
2026-07-14,Region A,P003,86,92,1.53
2026-07-14,Region A,P004,117,123,1.23
2026-07-14,Region A,P005,146,153,0.3
2026-07-14,Region A,P006,94,98,1.11
2026-07-14,Region A,P007,112,116,0.03
2026-07-14,Region A,P008,99,102,0.0
2026-07-14,Region A,P009,143,150,0.83
2026-07-14,Region A,P010,136,139,0.54
2026-07-14,Region A,P011,144,148,1.07
2026-07-14,Region A,P012,132,134,0.36
2026-07-14,Region A,P013,118,122,0.0
2026-07-14,Region A,P014,117,121,1.02
2026-07-14,Region A,P015,132,136,0.53
2026-07-14,Region A,P016,84,87,0.0
2026-07-14,Region A,P017,125,128,0.2
2026-07-14,Region A,P018,105,111,1.19
2026-07-14,Region A,P019,84,89,1.32
2026-07-14,Region A,P020,143,146,0.88
2026-07-14,Region A,P021,91,93,0.19
2026-07-14,Region A,P022,144,148,0.77
2026-07-14,Region A,P023,129,132,1.22
2026-07-14,Region A,P024,94,100,1.65
2026-07-14,Region A,P025,127,134,0.66
2026-07-14,Region A,P026,110,113,0.7
2026-07-14,Region A,P027,110,112,0.33
2026-07-14,Region A,P028,103,106,0.68
2026-07-14,Region A,P029,148,151,0.0
2026-07-14,Region A,P030,144,150,1.07
2026-07-14,Region B,P001,99,102,0.3
2026-07-14,Region B,P002,105,108,0.24
2026-07-14,Region B,P003,119,123,1.59
2026-07-14,Region B,P004,141,147,0.48
2026-07-14,Region B,P005,108,110,0.32
2026-07-14,Region B,P006,113,120,1.02
2026-07-14,Region B,P007,145,149,1.45
2026-07-14,Region B,P008,96,98,0.17
2026-07-14,Region B,P009,123,127,0.26
2026-07-14,Region B,P010,92,95,0.1
2026-07-14,Region B,P011,137,141,1.65
2026-07-14,Region B,P012,113,117,1.29
2026-07-14,Region B,P013,80,84,1.11
2026-07-14,Region B,P014,82,86,0.96
2026-07-14,Region B,P015,137,140,0.0
2026-07-14,Region B,P016,104,110,1.38
2026-07-14,Region B,P017,102,107,0.55
2026-07-14,Region B,P018,86,88,0.0
2026-07-14,Region B,P019,151,159,0.26
2026-07-14,Region B,P020,149,154,0.21
2026-07-14,Region B,P021,134,138,0.96
2026-07-14,Region B,P022,111,114,0.56
2026-07-14,Region B,P023,148,155,1.1
2026-07-14,Region B,P024,146,154,0.94
2026-07-14,Region B,P025,102,106,0.0
2026-07-14,Region B,P026,105,108,1.78
2026-07-14,Region B,P027,146,155,1.25
2026-07-14,Region B,P028,98,102,1.02
2026-07-14,Region B,P029,79,84,2.11
2026-07-14,Region B,P030,89,92,0.53
2026-07-14,Region C,P001,100,104,0.21
2026-07-14,Region C,P002,151,156,0.67
2026-07-14,Region C,P003,132,141,1.95
2026-07-14,Region C,P004,79,82,1.15
2026-07-14,Region C,P005,138,145,1.8
2026-07-14,Region C,P006,137,140,0.96
2026-07-14,Region C,P007,104,111,1.44
2026-07-14,Region C,P008,76,80,1.43
2026-07-14,Region C,P009,97,99,0.43
2026-07-14,Region C,P010,122,124,0.58
2026-07-14,Region C,P011,130,134,0.77
2026-07-14,Region C,P012,147,150,0.0
2026-07-14,Region C,P013,90,92,0.96
2026-07-14,Region C,P014,134,137,0.38
2026-07-14,Region C,P015,148,152,0.0
2026-07-14,Region C,P016,94,100,1.74
2026-07-14,Region C,P017,80,83,1.22
2026-07-14,Region C,P018,145,150,1.46
2026-07-14,Region C,P019,93,99,1.27
2026-07-14,Region C,P020,150,159,1.2
2026-07-14,Region C,P021,108,112,1.41
2026-07-14,Region C,P022,82,84,0.24
2026-07-14,Region C,P023,141,146,1.08
2026-07-14,Region C,P024,82,85,0.57
2026-07-14,Region C,P025,93,99,1.32
2026-07-14,Region C,P026,137,140,0.9
2026-07-14,Region C,P027,124,128,0.94
2026-07-14,Region C,P028,137,145,1.43
2026-07-14,Region C,P029,99,103,2.01
2026-07-14,Region C,P030,94,100,1.55
2026-07-14,Region D,P001,89,94,0.96
2026-07-14,Region D,P002,137,140,0.26
2026-07-14,Region D,P003,122,128,1.18
2026-07-14,Region D,P004,117,124,0.9
2026-07-14,Region D,P005,144,150,1.23
2026-07-14,Region D,P006,78,83,0.34
2026-07-14,Region D,P007,136,138,0.52
2026-07-14,Region D,P008,94,96,0.11
2026-07-14,Region D,P009,147,154,1.08
2026-07-14,Region D,P010,137,140,0.33
2026-07-14,Region D,P011,79,82,0.42
2026-07-14,Region D,P012,91,94,1.25
2026-07-14,Region D,P013,105,112,1.88
2026-07-14,Region D,P014,142,145,0.79
2026-07-14,Region D,P015,154,158,1.03
2026-07-14,Region D,P016,98,100,0.0
2026-07-14,Region D,P017,87,92,1.75
2026-07-14,Region D,P018,151,158,0.21
2026-07-14,Region D,P019,130,136,1.0
2026-07-14,Region D,P020,133,141,1.67
2026-07-14,Region D,P021,115,119,0.35
2026-07-14,Region D,P022,105,112,1.08
2026-07-14,Region D,P023,147,152,0.36
2026-07-14,Region D,P024,156,159,0.85
2026-07-14,Region D,P025,101,104,0.47
2026-07-14,Region D,P026,148,157,0.61
2026-07-14,Region D,P027,150,154,1.41
2026-07-14,Region D,P028,103,108,0.72
2026-07-14,Region D,P029,139,142,0.22
2026-07-14,Region D,P030,123,131,1.95
2026-07-15,Region A,P001,103,105,0.57
2026-07-15,Region A,P002,145,148,0.0
2026-07-15,Region A,P003,90,94,0.65
2026-07-15,Region A,P004,127,131,0.77
2026-07-15,Region A,P005,147,154,0.94
2026-07-15,Region A,P006,132,138,0.99
2026-07-15,Region A,P007,80,85,1.88
2026-07-15,Region A,P008,147,154,1.56
2026-07-15,Region A,P009,109,113,1.59
2026-07-15,Region A,P010,149,158,1.15
2026-07-15,Region A,P011,142,146,0.27
2026-07-15,Region A,P012,102,104,0.5
2026-07-15,Region A,P013,135,141,1.33
2026-07-15,Region A,P014,92,98,1.5
2026-07-15,Region A,P015,96,98,0.5
2026-07-15,Region A,P016,91,96,1.44
2026-07-15,Region A,P017,151,157,0.41
2026-07-15,Region A,P018,114,120,1.83
2026-07-15,Region A,P019,101,104,0.3
2026-07-15,Region A,P020,95,98,1.2
2026-07-15,Region A,P021,83,87,0.39
2026-07-15,Region A,P022,112,119,0.46
2026-07-15,Region A,P023,107,110,0.39
2026-07-15,Region A,P024,125,127,0.33
2026-07-15,Region A,P025,150,154,1.6
2026-07-15,Region A,P026,146,154,1.01
2026-07-15,Region A,P027,116,118,0.82
2026-07-15,Region A,P028,138,141,0.88
2026-07-15,Region A,P029,142,146,0.88
2026-07-15,Region A,P030,143,152,0.54
2026-07-15,Region B,P001,98,103,0.3
2026-07-15,Region B,P002,91,95,0.94
2026-07-15,Region B,P003,99,101,0.38
2026-07-15,Region B,P004,115,118,0.56
2026-07-15,Region B,P005,152,158,1.21
2026-07-15,Region B,P006,88,91,0.83
2026-07-15,Region B,P007,88,90,0.0
2026-07-15,Region B,P008,79,84,0.81
2026-07-15,Region B,P009,131,137,1.66
2026-07-15,Region B,P010,136,145,1.67
2026-07-15,Region B,P011,91,93,1.21
2026-07-15,Region B,P012,120,126,1.04
2026-07-15,Region B,P013,91,96,0.95
2026-07-15,Region B,P014,139,147,1.28
2026-07-15,Region B,P015,125,128,1.52
2026-07-15,Region B,P016,129,136,0.73
2026-07-15,Region B,P017,89,92,0.64
2026-07-15,Region B,P018,137,145,2.24
2026-07-15,Region B,P019,100,102,0.4
2026-07-15,Region B,P020,136,140,0.51
2026-07-15,Region B,P021,76,80,1.51
2026-07-15,Region B,P022,104,107,0.0
2026-07-15,Region B,P023,129,133,0.98
2026-07-15,Region B,P024,87,90,0.68
2026-07-15,Region B,P025,136,142,1.11
2026-07-15,Region B,P026,124,127,1.58
2026-07-15,Region B,P027,141,150,1.94
2026-07-15,Region B,P028,110,112,0.04
2026-07-15,Region B,P029,125,128,0.23
2026-07-15,Region B,P030,82,86,0.91
2026-07-15,Region C,P001,90,92,0.55
2026-07-15,Region C,P002,105,109,1.35
2026-07-15,Region C,P003,103,105,0.36
2026-07-15,Region C,P004,137,140,0.0
2026-07-15,Region C,P005,101,104,0.0
2026-07-15,Region C,P006,133,138,0.0
2026-07-15,Region C,P007,99,103,0.57
2026-07-15,Region C,P008,141,145,0.0
2026-07-15,Region C,P009,83,85,0.0
2026-07-15,Region C,P010,92,98,1.26
2026-07-15,Region C,P011,100,106,0.81
2026-07-15,Region C,P012,94,96,0.0
2026-07-15,Region C,P013,108,112,0.98
2026-07-15,Region C,P014,125,132,1.09
2026-07-15,Region C,P015,96,98,0.35
2026-07-15,Region C,P016,104,109,1.29
2026-07-15,Region C,P017,84,86,0.85
2026-07-15,Region C,P018,81,84,1.19
2026-07-15,Region C,P019,99,105,0.67
2026-07-15,Region C,P020,76,80,0.96
2026-07-15,Region C,P021,133,142,1.98
2026-07-15,Region C,P022,138,143,1.81
2026-07-15,Region C,P023,99,101,0.0
2026-07-15,Region C,P024,131,133,0.55
2026-07-15,Region C,P025,131,139,0.27
2026-07-15,Region C,P026,140,147,1.23
2026-07-15,Region C,P027,147,150,0.49
2026-07-15,Region C,P028,112,114,0.0
2026-07-15,Region C,P029,142,149,0.8
2026-07-15,Region C,P030,120,124,0.04
2026-07-15,Region D,P001,126,133,1.09
2026-07-15,Region D,P002,152,156,0.8
2026-07-15,Region D,P003,85,90,1.67
2026-07-15,Region D,P004,145,151,1.22
2026-07-15,Region D,P005,142,148,0.85
2026-07-15,Region D,P006,98,104,2.45
2026-07-15,Region D,P007,125,133,1.49
2026-07-15,Region D,P008,127,132,0.86
2026-07-15,Region D,P009,95,97,0.73
2026-07-15,Region D,P010,97,101,0.04
2026-07-15,Region D,P011,90,94,2.08
2026-07-15,Region D,P012,77,81,0.79
2026-07-15,Region D,P013,104,108,1.22
2026-07-15,Region D,P014,97,103,1.27
2026-07-15,Region D,P015,88,91,1.12
2026-07-15,Region D,P016,122,127,1.89
2026-07-15,Region D,P017,83,88,1.45
2026-07-15,Region D,P018,115,120,0.63
2026-07-15,Region D,P019,140,146,0.82
2026-07-15,Region D,P020,94,97,0.95
2026-07-15,Region D,P021,111,115,1.73
2026-07-15,Region D,P022,132,137,0.86
2026-07-15,Region D,P023,90,94,0.0
2026-07-15,Region D,P024,124,131,1.15
2026-07-15,Region D,P025,96,98,0.18
2026-07-15,Region D,P026,88,93,0.95
2026-07-15,Region D,P027,147,151,0.03
2026-07-15,Region D,P028,86,89,0.06
2026-07-15,Region D,P029,87,92,0.76
2026-07-15,Region D,P030,82,86,0.58
2026-07-16,Region A,P001,131,139,2.59
2026-07-16,Region A,P002,103,108,1.27
2026-07-16,Region A,P003,142,148,1.5
2026-07-16,Region A,P004,131,136,0.15
2026-07-16,Region A,P005,106,108,0.95
2026-07-16,Region A,P006,78,82,0.68
2026-07-16,Region A,P007,151,156,0.41
2026-07-16,Region A,P008,79,84,1.71
2026-07-16,Region A,P009,126,134,1.47
2026-07-16,Region A,P010,131,134,0.84
2026-07-16,Region A,P011,130,134,1.26
2026-07-16,Region A,P012,124,128,0.97
2026-07-16,Region A,P013,146,155,0.81
2026-07-16,Region A,P014,149,153,1.05
2026-07-16,Region A,P015,138,144,0.01
2026-07-16,Region A,P016,86,89,1.38
2026-07-16,Region A,P017,97,102,2.21
2026-07-16,Region A,P018,122,126,0.95
2026-07-16,Region A,P019,132,136,0.7
2026-07-16,Region A,P020,149,152,0.59
2026-07-16,Region A,P021,85,88,0.95
2026-07-16,Region A,P022,112,115,0.15
2026-07-16,Region A,P023,87,90,0.79
2026-07-16,Region A,P024,90,92,0.56
2026-07-16,Region A,P025,82,85,0.0
2026-07-16,Region A,P026,144,150,1.64
2026-07-16,Region A,P027,149,159,1.9
2026-07-16,Region A,P028,81,85,1.59
2026-07-16,Region A,P029,102,108,1.14
2026-07-16,Region A,P030,97,99,0.86
2026-07-16,Region B,P001,147,150,1.14
2026-07-16,Region B,P002,98,101,0.0
2026-07-16,Region B,P003,118,126,1.6
2026-07-16,Region B,P004,87,90,0.0
2026-07-16,Region B,P005,100,107,1.33
2026-07-16,Region B,P006,104,106,0.24
2026-07-16,Region B,P007,105,109,0.89
2026-07-16,Region B,P008,136,144,0.83
2026-07-16,Region B,P009,92,95,0.59
2026-07-16,Region B,P010,87,91,2.19
2026-07-16,Region B,P011,103,107,1.54
2026-07-16,Region B,P012,88,90,0.39
2026-07-16,Region B,P013,86,87,0.0
2026-07-16,Region B,P014,106,108,0.0
2026-07-16,Region B,P015,110,112,0.0
2026-07-16,Region B,P016,84,87,1.81
2026-07-16,Region B,P017,75,80,1.8
2026-07-16,Region B,P018,122,130,0.81
2026-07-16,Region B,P019,149,151,0.3
2026-07-16,Region B,P020,130,138,1.73
2026-07-16,Region B,P021,108,111,0.67
2026-07-16,Region B,P022,94,100,1.27
2026-07-16,Region B,P023,138,146,1.33
2026-07-16,Region B,P024,117,123,0.34
2026-07-16,Region B,P025,82,85,0.4
2026-07-16,Region B,P026,139,144,0.44
2026-07-16,Region B,P027,109,114,0.28
2026-07-16,Region B,P028,129,138,1.11
2026-07-16,Region B,P029,153,158,0.0
2026-07-16,Region B,P030,88,91,0.54
2026-07-16,Region C,P001,89,91,0.38
2026-07-16,Region C,P002,96,98,0.83
2026-07-16,Region C,P003,86,91,1.74
2026-07-16,Region C,P004,150,152,0.6
2026-07-16,Region C,P005,90,95,0.82
2026-07-16,Region C,P006,110,112,1.02
2026-07-16,Region C,P007,132,135,0.96
2026-07-16,Region C,P008,100,105,0.18
2026-07-16,Region C,P009,110,113,0.73
2026-07-16,Region C,P010,90,95,1.85
2026-07-16,Region C,P011,112,119,1.29
2026-07-16,Region C,P012,148,152,0.0
2026-07-16,Region C,P013,96,100,0.9
2026-07-16,Region C,P014,123,128,0.91
2026-07-16,Region C,P015,126,134,1.15
2026-07-16,Region C,P016,102,105,0.97
2026-07-16,Region C,P017,83,88,1.42
2026-07-16,Region C,P018,149,156,1.48
2026-07-16,Region C,P019,80,83,1.31
2026-07-16,Region C,P020,130,137,1.18
2026-07-16,Region C,P021,83,86,0.71
2026-07-16,Region C,P022,130,133,0.81
2026-07-16,Region C,P023,125,132,1.81
2026-07-16,Region C,P024,114,116,0.56
2026-07-16,Region C,P025,90,93,0.53
2026-07-16,Region C,P026,86,88,0.53
2026-07-16,Region C,P027,120,126,1.18
2026-07-16,Region C,P028,103,107,0.18
2026-07-16,Region C,P029,141,145,0.06
2026-07-16,Region C,P030,94,100,0.6
2026-07-16,Region D,P001,98,103,1.99
2026-07-16,Region D,P002,86,91,1.39
2026-07-16,Region D,P003,81,85,0.32
2026-07-16,Region D,P004,126,130,1.04
2026-07-16,Region D,P005,96,99,0.5
2026-07-16,Region D,P006,125,127,0.08
2026-07-16,Region D,P007,103,105,0.0
2026-07-16,Region D,P008,85,87,0.27
2026-07-16,Region D,P009,119,127,1.71
2026-07-16,Region D,P010,133,140,0.78
2026-07-16,Region D,P011,146,156,1.3
2026-07-16,Region D,P012,106,111,1.26
2026-07-16,Region D,P013,133,142,1.81
2026-07-16,Region D,P014,94,98,0.86
2026-07-16,Region D,P015,125,130,0.06
2026-07-16,Region D,P016,80,83,0.82
2026-07-16,Region D,P017,141,146,0.15
2026-07-16,Region D,P018,83,88,1.3
2026-07-16,Region D,P019,140,144,0.91
2026-07-16,Region D,P020,127,132,1.18
2026-07-16,Region D,P021,148,153,1.11
2026-07-16,Region D,P022,147,152,0.65
2026-07-16,Region D,P023,124,132,1.03
2026-07-16,Region D,P024,81,83,0.82
2026-07-16,Region D,P025,122,126,0.94
2026-07-16,Region D,P026,112,119,1.76
2026-07-16,Region D,P027,154,159,0.85
2026-07-16,Region D,P028,138,145,0.85
2026-07-16,Region D,P029,100,103,0.97
2026-07-16,Region D,P030,143,147,0.83
2026-07-17,Region A,P001,106,109,0.67
2026-07-17,Region A,P002,82,83,1.02
2026-07-17,Region A,P003,140,146,1.65
2026-07-17,Region A,P004,103,109,1.24
2026-07-17,Region A,P005,115,121,1.73
2026-07-17,Region A,P006,149,151,0.0
2026-07-17,Region A,P007,105,111,0.97
2026-07-17,Region A,P008,106,113,1.0
2026-07-17,Region A,P009,135,138,0.0
2026-07-17,Region A,P010,91,94,0.88
2026-07-17,Region A,P011,99,101,0.78
2026-07-17,Region A,P012,115,122,1.01
2026-07-17,Region A,P013,88,89,0.0
2026-07-17,Region A,P014,129,134,0.25
2026-07-17,Region A,P015,127,132,0.3
2026-07-17,Region A,P016,95,97,0.0
2026-07-17,Region A,P017,131,135,0.69
2026-07-17,Region A,P018,119,125,1.86
2026-07-17,Region A,P019,104,106,0.87
2026-07-17,Region A,P020,100,102,0.0
2026-07-17,Region A,P021,152,155,0.8
2026-07-17,Region A,P022,124,130,1.91
2026-07-17,Region A,P023,114,120,0.86
2026-07-17,Region A,P024,78,83,1.24
2026-07-17,Region A,P025,83,85,0.68
2026-07-17,Region A,P026,100,105,1.61
2026-07-17,Region A,P027,85,91,1.66
2026-07-17,Region A,P028,85,89,0.57
2026-07-17,Region A,P029,133,140,1.37
2026-07-17,Region A,P030,133,137,0.48
2026-07-17,Region B,P001,138,141,1.06
2026-07-17,Region B,P002,92,96,0.0
2026-07-17,Region B,P003,89,94,0.82
2026-07-17,Region B,P004,110,113,0.07
2026-07-17,Region B,P005,142,150,2.57
2026-07-17,Region B,P006,87,92,0.45
2026-07-17,Region B,P007,125,129,0.8
2026-07-17,Region B,P008,121,127,0.66
2026-07-17,Region B,P009,142,145,0.37
2026-07-17,Region B,P010,81,85,0.88
2026-07-17,Region B,P011,111,117,1.36
2026-07-17,Region B,P012,139,145,0.37
2026-07-17,Region B,P013,111,116,1.42
2026-07-17,Region B,P014,149,155,0.48
2026-07-17,Region B,P015,98,100,0.11
2026-07-17,Region B,P016,134,136,0.0
2026-07-17,Region B,P017,80,85,1.59
2026-07-17,Region B,P018,147,151,0.0
2026-07-17,Region B,P019,78,82,1.3
2026-07-17,Region B,P020,106,110,0.4
2026-07-17,Region B,P021,77,81,0.63
2026-07-17,Region B,P022,91,97,0.88
2026-07-17,Region B,P023,149,156,0.6
2026-07-17,Region B,P024,109,112,0.59
2026-07-17,Region B,P025,76,81,1.22
2026-07-17,Region B,P026,134,142,0.92
2026-07-17,Region B,P027,89,93,1.0
2026-07-17,Region B,P028,98,101,0.81
2026-07-17,Region B,P029,131,140,0.78
2026-07-17,Region B,P030,84,86,0.45
2026-07-17,Region C,P001,94,99,0.89
2026-07-17,Region C,P002,120,125,0.57
2026-07-17,Region C,P003,75,80,1.63
2026-07-17,Region C,P004,88,91,0.58
2026-07-17,Region C,P005,115,121,1.16
2026-07-17,Region C,P006,143,146,0.68
2026-07-17,Region C,P007,127,131,1.4
2026-07-17,Region C,P008,116,119,0.44
2026-07-17,Region C,P009,121,124,0.0
2026-07-17,Region C,P010,78,80,0.42
2026-07-17,Region C,P011,98,102,1.1
2026-07-17,Region C,P012,132,135,0.64
2026-07-17,Region C,P013,106,113,1.53
2026-07-17,Region C,P014,107,110,0.24
2026-07-17,Region C,P015,105,108,0.42
2026-07-17,Region C,P016,131,135,0.23
2026-07-17,Region C,P017,90,95,1.13
2026-07-17,Region C,P018,99,105,1.5
2026-07-17,Region C,P019,100,103,0.0
2026-07-17,Region C,P020,109,113,0.25
2026-07-17,Region C,P021,76,80,2.11
2026-07-17,Region C,P022,80,85,2.38
2026-07-17,Region C,P023,125,132,0.74
2026-07-17,Region C,P024,104,111,1.12
2026-07-17,Region C,P025,127,133,0.93
2026-07-17,Region C,P026,118,122,0.59
2026-07-17,Region C,P027,138,143,0.28
2026-07-17,Region C,P028,123,127,0.12
2026-07-17,Region C,P029,138,141,0.64
2026-07-17,Region C,P030,139,148,1.45
2026-07-17,Region D,P001,118,122,0.37
2026-07-17,Region D,P002,139,146,1.28
2026-07-17,Region D,P003,105,108,0.85
2026-07-17,Region D,P004,83,89,2.07
2026-07-17,Region D,P005,102,106,0.77
2026-07-17,Region D,P006,98,102,1.34
2026-07-17,Region D,P007,112,119,1.56
2026-07-17,Region D,P008,149,157,1.64
2026-07-17,Region D,P009,91,96,2.0
2026-07-17,Region D,P010,151,153,0.67
2026-07-17,Region D,P011,108,110,1.37
2026-07-17,Region D,P012,95,98,0.26
2026-07-17,Region D,P013,106,111,0.96
2026-07-17,Region D,P014,147,152,0.99
2026-07-17,Region D,P015,106,110,1.08
2026-07-17,Region D,P016,135,142,0.54
2026-07-17,Region D,P017,83,86,1.03
2026-07-17,Region D,P018,120,125,0.0
2026-07-17,Region D,P019,76,80,1.92
2026-07-17,Region D,P020,102,107,0.22
2026-07-17,Region D,P021,115,120,1.56
2026-07-17,Region D,P022,108,114,1.76
2026-07-17,Region D,P023,138,147,1.28
2026-07-17,Region D,P024,141,150,1.93
2026-07-17,Region D,P025,117,120,0.0
2026-07-17,Region D,P026,79,82,0.58
2026-07-17,Region D,P027,93,95,0.05
2026-07-17,Region D,P028,76,81,0.89
2026-07-17,Region D,P029,141,147,0.42
2026-07-17,Region D,P030,81,83,0.13
2026-07-18,Region A,P001,156,159,0.75
2026-07-18,Region A,P002,82,84,0.89
2026-07-18,Region A,P003,87,92,1.66
2026-07-18,Region A,P004,134,137,0.61
2026-07-18,Region A,P005,114,119,0.72
2026-07-18,Region A,P006,142,145,0.16
2026-07-18,Region A,P007,86,87,0.86
2026-07-18,Region A,P008,108,115,1.25
2026-07-18,Region A,P009,136,139,0.16
2026-07-18,Region A,P010,84,89,0.16
2026-07-18,Region A,P011,93,95,1.27
2026-07-18,Region A,P012,98,103,0.63
2026-07-18,Region A,P013,86,88,0.0
2026-07-18,Region A,P014,126,129,0.99
2026-07-18,Region A,P015,88,90,0.55
2026-07-18,Region A,P016,82,84,0.4
2026-07-18,Region A,P017,125,133,1.89
2026-07-18,Region A,P018,115,122,0.69
2026-07-18,Region A,P019,114,119,0.87
2026-07-18,Region A,P020,79,84,1.45
2026-07-18,Region A,P021,78,84,2.19
2026-07-18,Region A,P022,116,121,0.45
2026-07-18,Region A,P023,117,122,0.53
2026-07-18,Region A,P024,117,122,1.07
2026-07-18,Region A,P025,94,98,1.09
2026-07-18,Region A,P026,103,106,1.12
2026-07-18,Region A,P027,151,155,0.72
2026-07-18,Region A,P028,94,98,1.4
2026-07-18,Region A,P029,121,125,0.84
2026-07-18,Region A,P030,114,118,1.03
2026-07-18,Region B,P001,113,115,0.66
2026-07-18,Region B,P002,148,152,0.74
2026-07-18,Region B,P003,142,148,0.73
2026-07-18,Region B,P004,84,88,1.6
2026-07-18,Region B,P005,87,89,0.11
2026-07-18,Region B,P006,106,109,0.97
2026-07-18,Region B,P007,76,81,1.21
2026-07-18,Region B,P008,136,144,1.48
2026-07-18,Region B,P009,130,135,1.39
2026-07-18,Region B,P010,91,96,1.07
2026-07-18,Region B,P011,96,99,0.68
2026-07-18,Region B,P012,104,106,0.0
2026-07-18,Region B,P013,147,156,0.61
2026-07-18,Region B,P014,92,97,1.71
2026-07-18,Region B,P015,118,121,0.39
2026-07-18,Region B,P016,141,147,1.29
2026-07-18,Region B,P017,109,116,1.31
2026-07-18,Region B,P018,121,127,1.16
2026-07-18,Region B,P019,152,156,0.73
2026-07-18,Region B,P020,104,106,0.21
2026-07-18,Region B,P021,139,143,0.36
2026-07-18,Region B,P022,107,112,1.81
2026-07-18,Region B,P023,102,107,1.29
2026-07-18,Region B,P024,129,137,0.72
2026-07-18,Region B,P025,120,125,0.33
2026-07-18,Region B,P026,99,104,1.45
2026-07-18,Region B,P027,130,134,1.49
2026-07-18,Region B,P028,134,136,0.0
2026-07-18,Region B,P029,90,96,1.44
2026-07-18,Region B,P030,108,114,0.83
2026-07-18,Region C,P001,132,134,0.0
2026-07-18,Region C,P002,114,119,1.66
2026-07-18,Region C,P003,143,149,1.43
2026-07-18,Region C,P004,152,158,0.0
2026-07-18,Region C,P005,92,97,0.93
2026-07-18,Region C,P006,150,159,0.94
2026-07-18,Region C,P007,107,110,1.4
2026-07-18,Region C,P008,144,152,1.1
2026-07-18,Region C,P009,78,81,0.58
2026-07-18,Region C,P010,137,143,1.11
2026-07-18,Region C,P011,152,159,1.21
2026-07-18,Region C,P012,118,125,0.15
2026-07-18,Region C,P013,92,97,0.45
2026-07-18,Region C,P014,121,126,0.68
2026-07-18,Region C,P015,129,136,0.27
2026-07-18,Region C,P016,102,109,1.08
2026-07-18,Region C,P017,109,116,1.55
2026-07-18,Region C,P018,143,145,0.0
2026-07-18,Region C,P019,98,103,1.19
2026-07-18,Region C,P020,137,139,0.38
2026-07-18,Region C,P021,136,138,1.39
2026-07-18,Region C,P022,97,103,1.78
2026-07-18,Region C,P023,88,93,0.77
2026-07-18,Region C,P024,133,138,0.23
2026-07-18,Region C,P025,104,109,0.4
2026-07-18,Region C,P026,109,113,0.05
2026-07-18,Region C,P027,145,152,0.68
2026-07-18,Region C,P028,112,115,0.37
2026-07-18,Region C,P029,123,128,1.32
2026-07-18,Region C,P030,139,142,0.79
2026-07-18,Region D,P001,129,137,1.59
2026-07-18,Region D,P002,112,116,1.93
2026-07-18,Region D,P003,86,91,1.64
2026-07-18,Region D,P004,116,118,1.36
2026-07-18,Region D,P005,105,109,0.8
2026-07-18,Region D,P006,83,85,0.34
2026-07-18,Region D,P007,116,119,0.5
2026-07-18,Region D,P008,126,132,0.62
2026-07-18,Region D,P009,105,109,0.37
2026-07-18,Region D,P010,149,154,0.0
2026-07-18,Region D,P011,93,96,0.63
2026-07-18,Region D,P012,115,119,0.49
2026-07-18,Region D,P013,85,88,0.58
2026-07-18,Region D,P014,133,137,0.0
2026-07-18,Region D,P015,133,141,1.46
2026-07-18,Region D,P016,80,84,0.61
2026-07-18,Region D,P017,142,151,1.16
2026-07-18,Region D,P018,82,86,0.92
2026-07-18,Region D,P019,117,124,0.86
2026-07-18,Region D,P020,138,143,0.89
2026-07-18,Region D,P021,114,120,1.84
2026-07-18,Region D,P022,95,98,0.73
2026-07-18,Region D,P023,95,101,1.59
2026-07-18,Region D,P024,93,96,0.71
2026-07-18,Region D,P025,129,135,2.13
2026-07-18,Region D,P026,86,89,0.72
2026-07-18,Region D,P027,136,142,1.47
2026-07-18,Region D,P028,94,99,0.13
2026-07-18,Region D,P029,89,91,1.41
2026-07-18,Region D,P030,149,154,0.02
2026-07-19,Region A,P001,136,142,1.02
2026-07-19,Region A,P002,138,145,1.51
2026-07-19,Region A,P003,143,148,0.73
2026-07-19,Region A,P004,77,82,0.79
2026-07-19,Region A,P005,118,126,0.86
2026-07-19,Region A,P006,122,125,0.36
2026-07-19,Region A,P007,91,96,1.41
2026-07-19,Region A,P008,86,90,1.58
2026-07-19,Region A,P009,117,124,2.55
2026-07-19,Region A,P010,120,123,0.24
2026-07-19,Region A,P011,103,107,0.0
2026-07-19,Region A,P012,92,96,1.08
2026-07-19,Region A,P013,82,84,0.66
2026-07-19,Region A,P014,115,121,0.98
2026-07-19,Region A,P015,127,132,1.31
2026-07-19,Region A,P016,125,130,1.2
2026-07-19,Region A,P017,119,125,1.75
2026-07-19,Region A,P018,133,136,0.19
2026-07-19,Region A,P019,125,131,0.22
2026-07-19,Region A,P020,83,86,1.35
2026-07-19,Region A,P021,141,150,1.85
2026-07-19,Region A,P022,118,122,0.84
2026-07-19,Region A,P023,101,106,1.38
2026-07-19,Region A,P024,132,135,0.16
2026-07-19,Region A,P025,143,146,0.64
2026-07-19,Region A,P026,150,158,1.52
2026-07-19,Region A,P027,151,154,0.0
2026-07-19,Region A,P028,105,108,0.14
2026-07-19,Region A,P029,113,121,1.46
2026-07-19,Region A,P030,91,97,1.1
2026-07-19,Region B,P001,96,99,0.0
2026-07-19,Region B,P002,147,149,0.29
2026-07-19,Region B,P003,140,143,0.9
2026-07-19,Region B,P004,84,87,1.22
2026-07-19,Region B,P005,134,140,0.0
2026-07-19,Region B,P006,91,96,0.0
2026-07-19,Region B,P007,147,152,0.75
2026-07-19,Region B,P008,89,94,0.56
2026-07-19,Region B,P009,102,108,1.35
2026-07-19,Region B,P010,113,121,1.75
2026-07-19,Region B,P011,132,134,0.0
2026-07-19,Region B,P012,144,153,1.19
2026-07-19,Region B,P013,140,148,0.53
2026-07-19,Region B,P014,88,90,0.54
2026-07-19,Region B,P015,78,80,0.0
2026-07-19,Region B,P016,141,148,0.67
2026-07-19,Region B,P017,110,116,1.02
2026-07-19,Region B,P018,80,85,1.77
2026-07-19,Region B,P019,76,81,0.83
2026-07-19,Region B,P020,121,126,0.58
2026-07-19,Region B,P021,138,146,0.76
2026-07-19,Region B,P022,108,115,0.7
2026-07-19,Region B,P023,108,114,1.94
2026-07-19,Region B,P024,76,80,1.0
2026-07-19,Region B,P025,115,121,1.36
2026-07-19,Region B,P026,132,139,1.97
2026-07-19,Region B,P027,93,96,0.87
2026-07-19,Region B,P028,135,138,0.03
2026-07-19,Region B,P029,111,117,1.02
2026-07-19,Region B,P030,92,94,0.26
2026-07-19,Region C,P001,97,100,0.63
2026-07-19,Region C,P002,85,89,0.87
2026-07-19,Region C,P003,98,103,0.57
2026-07-19,Region C,P004,82,84,0.0
2026-07-19,Region C,P005,82,84,0.53
2026-07-19,Region C,P006,80,85,0.82
2026-07-19,Region C,P007,127,129,0.47
2026-07-19,Region C,P008,114,119,1.12
2026-07-19,Region C,P009,131,135,0.75
2026-07-19,Region C,P010,115,122,0.5
2026-07-19,Region C,P011,147,154,1.78
2026-07-19,Region C,P012,99,101,0.45
2026-07-19,Region C,P013,132,137,0.94
2026-07-19,Region C,P014,136,140,1.58
2026-07-19,Region C,P015,124,131,2.0
2026-07-19,Region C,P016,132,138,0.0
2026-07-19,Region C,P017,104,110,1.51
2026-07-19,Region C,P018,110,116,0.27
2026-07-19,Region C,P019,147,151,0.07
2026-07-19,Region C,P020,141,146,0.42
2026-07-19,Region C,P021,85,87,1.06
2026-07-19,Region C,P022,83,87,0.41
2026-07-19,Region C,P023,113,117,1.46
2026-07-19,Region C,P024,80,82,0.21
2026-07-19,Region C,P025,90,93,0.61
2026-07-19,Region C,P026,111,114,0.35
2026-07-19,Region C,P027,138,145,0.62
2026-07-19,Region C,P028,91,94,0.77
2026-07-19,Region C,P029,122,127,0.61
2026-07-19,Region C,P030,114,118,1.08
2026-07-19,Region D,P001,78,81,0.8
2026-07-19,Region D,P002,128,134,1.64
2026-07-19,Region D,P003,112,120,1.47
2026-07-19,Region D,P004,128,136,1.63
2026-07-19,Region D,P005,125,132,0.87
2026-07-19,Region D,P006,114,118,1.2
2026-07-19,Region D,P007,127,131,1.05
2026-07-19,Region D,P008,95,98,0.84
2026-07-19,Region D,P009,156,158,0.88
2026-07-19,Region D,P010,145,153,0.58
2026-07-19,Region D,P011,92,96,1.08
2026-07-19,Region D,P012,129,134,0.57
2026-07-19,Region D,P013,139,147,0.88
2026-07-19,Region D,P014,77,82,2.59
2026-07-19,Region D,P015,114,117,0.82
2026-07-19,Region D,P016,125,129,0.81
2026-07-19,Region D,P017,134,140,1.53
2026-07-19,Region D,P018,84,87,1.36
2026-07-19,Region D,P019,92,97,0.8
2026-07-19,Region D,P020,78,81,0.57
2026-07-19,Region D,P021,122,125,0.5
2026-07-19,Region D,P022,137,143,0.75
2026-07-19,Region D,P023,81,82,0.48
2026-07-19,Region D,P024,96,98,0.62
2026-07-19,Region D,P025,143,147,0.46
2026-07-19,Region D,P026,111,114,0.38
2026-07-19,Region D,P027,116,118,0.62
2026-07-19,Region D,P028,92,97,1.54
2026-07-19,Region D,P029,95,98,0.1
2026-07-19,Region D,P030,84,87,1.4
2026-07-20,Region A,P001,148,154,1.13
2026-07-20,Region A,P002,105,107,0.14
2026-07-20,Region A,P003,131,134,0.08
2026-07-20,Region A,P004,89,92,0.44
2026-07-20,Region A,P005,133,137,0.0
2026-07-20,Region A,P006,98,102,0.73
2026-07-20,Region A,P007,108,114,0.78
2026-07-20,Region A,P008,134,139,1.57
2026-07-20,Region A,P009,78,81,0.48
2026-07-20,Region A,P010,106,109,0.0
2026-07-20,Region A,P011,153,156,1.46
2026-07-20,Region A,P012,155,157,0.18
2026-07-20,Region A,P013,120,127,0.51
2026-07-20,Region A,P014,91,94,1.13
2026-07-20,Region A,P015,146,150,0.82
2026-07-20,Region A,P016,83,86,0.02
2026-07-20,Region A,P017,96,101,0.53
2026-07-20,Region A,P018,82,86,1.78
2026-07-20,Region A,P019,128,135,0.9
2026-07-20,Region A,P020,103,109,1.42
2026-07-20,Region A,P021,81,85,1.72
2026-07-20,Region A,P022,110,114,0.98
2026-07-20,Region A,P023,108,110,0.0
2026-07-20,Region A,P024,141,149,2.43
2026-07-20,Region A,P025,128,135,1.21
2026-07-20,Region A,P026,88,92,1.84
2026-07-20,Region A,P027,124,127,0.9
2026-07-20,Region A,P028,135,137,0.0
2026-07-20,Region A,P029,122,127,0.25
2026-07-20,Region A,P030,142,151,1.24
2026-07-20,Region B,P001,150,153,1.03
2026-07-20,Region B,P002,129,131,0.18
2026-07-20,Region B,P003,122,125,0.0
2026-07-20,Region B,P004,135,140,1.23
2026-07-20,Region B,P005,87,92,0.96
2026-07-20,Region B,P006,106,112,1.02
2026-07-20,Region B,P007,80,84,1.19
2026-07-20,Region B,P008,90,93,0.67
2026-07-20,Region B,P009,153,159,1.62
2026-07-20,Region B,P010,148,153,0.95
2026-07-20,Region B,P011,150,156,0.24
2026-07-20,Region B,P012,147,152,1.06
2026-07-20,Region B,P013,136,139,0.0
2026-07-20,Region B,P014,141,146,0.84
2026-07-20,Region B,P015,96,101,0.52
2026-07-20,Region B,P016,103,106,0.74
2026-07-20,Region B,P017,82,88,2.15
2026-07-20,Region B,P018,142,151,0.98
2026-07-20,Region B,P019,78,80,0.83
2026-07-20,Region B,P020,150,159,0.77
2026-07-20,Region B,P021,131,134,0.0
2026-07-20,Region B,P022,152,156,0.31
2026-07-20,Region B,P023,87,91,0.83
2026-07-20,Region B,P024,120,125,1.21
2026-07-20,Region B,P025,124,127,0.21
2026-07-20,Region B,P026,139,144,0.19
2026-07-20,Region B,P027,101,104,1.35
2026-07-20,Region B,P028,84,88,1.41
2026-07-20,Region B,P029,144,148,0.71
2026-07-20,Region B,P030,121,128,1.11
2026-07-20,Region C,P001,143,152,1.04
2026-07-20,Region C,P002,129,137,1.66
2026-07-20,Region C,P003,105,109,1.53
2026-07-20,Region C,P004,105,107,0.47
2026-07-20,Region C,P005,84,89,0.83
2026-07-20,Region C,P006,110,116,0.66
2026-07-20,Region C,P007,111,116,1.66
2026-07-20,Region C,P008,108,111,0.69
2026-07-20,Region C,P009,85,90,0.88
2026-07-20,Region C,P010,109,113,0.87
2026-07-20,Region C,P011,150,156,0.75
2026-07-20,Region C,P012,155,158,0.21
2026-07-20,Region C,P013,141,144,0.52
2026-07-20,Region C,P014,119,123,0.0
2026-07-20,Region C,P015,133,139,1.32
2026-07-20,Region C,P016,78,82,1.15
2026-07-20,Region C,P017,90,92,0.06
2026-07-20,Region C,P018,129,132,0.54
2026-07-20,Region C,P019,77,80,1.29
2026-07-20,Region C,P020,109,111,1.0
2026-07-20,Region C,P021,110,117,1.2
2026-07-20,Region C,P022,76,81,0.98
2026-07-20,Region C,P023,127,130,0.0
2026-07-20,Region C,P024,112,118,1.13
2026-07-20,Region C,P025,77,80,0.92
2026-07-20,Region C,P026,121,127,0.86
2026-07-20,Region C,P027,111,117,0.27
2026-07-20,Region C,P028,100,104,0.25
2026-07-20,Region C,P029,123,129,0.89
2026-07-20,Region C,P030,111,118,1.02
2026-07-20,Region D,P001,135,141,0.62
2026-07-20,Region D,P002,126,131,0.85
2026-07-20,Region D,P003,151,155,0.43
2026-07-20,Region D,P004,106,108,0.08
2026-07-20,Region D,P005,105,112,1.16
2026-07-20,Region D,P006,94,99,1.53
2026-07-20,Region D,P007,145,153,0.83
2026-07-20,Region D,P008,123,130,0.94
2026-07-20,Region D,P009,91,94,0.6
2026-07-20,Region D,P010,109,111,0.38
2026-07-20,Region D,P011,124,127,0.61
2026-07-20,Region D,P012,115,118,0.0
2026-07-20,Region D,P013,137,143,1.89
2026-07-20,Region D,P014,90,95,1.54
2026-07-20,Region D,P015,151,159,2.15
2026-07-20,Region D,P016,133,138,1.03
2026-07-20,Region D,P017,95,101,0.83
2026-07-20,Region D,P018,77,81,1.13
2026-07-20,Region D,P019,88,92,0.42
2026-07-20,Region D,P020,88,92,1.1
2026-07-20,Region D,P021,148,155,0.75
2026-07-20,Region D,P022,109,116,1.66
2026-07-20,Region D,P023,105,110,0.94
2026-07-20,Region D,P024,135,138,0.95
2026-07-20,Region D,P025,147,151,0.67
2026-07-20,Region D,P026,131,134,0.88
2026-07-20,Region D,P027,127,135,1.58
2026-07-20,Region D,P028,85,88,1.02
2026-07-20,Region D,P029,120,124,1.18
2026-07-20,Region D,P030,117,119,0.19
2026-07-21,Region A,P001,107,113,1.54
2026-07-21,Region A,P002,116,119,0.72
2026-07-21,Region A,P003,118,124,0.59
2026-07-21,Region A,P004,151,157,0.88
2026-07-21,Region A,P005,141,150,0.86
2026-07-21,Region A,P006,87,92,0.64
2026-07-21,Region A,P007,89,92,1.13
2026-07-21,Region A,P008,152,159,0.11
2026-07-21,Region A,P009,151,154,0.23
2026-07-21,Region A,P010,136,139,1.27
2026-07-21,Region A,P011,95,101,1.37
2026-07-21,Region A,P012,80,84,1.39
2026-07-21,Region A,P013,122,128,0.42
2026-07-21,Region A,P014,118,125,1.58
2026-07-21,Region A,P015,137,139,0.71
2026-07-21,Region A,P016,80,83,0.14
2026-07-21,Region A,P017,151,157,0.01
2026-07-21,Region A,P018,146,151,0.85
2026-07-21,Region A,P019,119,124,0.3
2026-07-21,Region A,P020,153,157,0.85
2026-07-21,Region A,P021,105,111,2.04
2026-07-21,Region A,P022,87,91,0.43
2026-07-21,Region A,P023,79,82,1.09
2026-07-21,Region A,P024,86,90,0.97
2026-07-21,Region A,P025,133,136,0.24
2026-07-21,Region A,P026,120,126,0.8
2026-07-21,Region A,P027,143,148,1.4
2026-07-21,Region A,P028,129,131,0.0
2026-07-21,Region A,P029,138,143,0.49
2026-07-21,Region A,P030,104,107,1.06
2026-07-21,Region B,P001,132,141,1.75
2026-07-21,Region B,P002,140,144,0.59
2026-07-21,Region B,P003,151,159,2.14
2026-07-21,Region B,P004,153,158,0.66
2026-07-21,Region B,P005,95,100,0.65
2026-07-21,Region B,P006,144,152,1.08
2026-07-21,Region B,P007,83,85,0.2
2026-07-21,Region B,P008,130,136,0.97
2026-07-21,Region B,P009,146,154,2.07
2026-07-21,Region B,P010,87,89,0.33
2026-07-21,Region B,P011,138,143,2.17
2026-07-21,Region B,P012,143,152,1.25
2026-07-21,Region B,P013,128,130,0.32
2026-07-21,Region B,P014,145,152,1.68
2026-07-21,Region B,P015,113,120,2.19
2026-07-21,Region B,P016,131,136,0.59
2026-07-21,Region B,P017,130,138,1.09
2026-07-21,Region B,P018,96,99,0.0
2026-07-21,Region B,P019,90,92,0.95
2026-07-21,Region B,P020,129,136,0.79
2026-07-21,Region B,P021,92,94,0.19
2026-07-21,Region B,P022,81,85,0.47
2026-07-21,Region B,P023,115,121,0.0
2026-07-21,Region B,P024,130,134,0.0
2026-07-21,Region B,P025,112,116,0.5
2026-07-21,Region B,P026,114,119,1.62
2026-07-21,Region B,P027,125,131,1.02
2026-07-21,Region B,P028,126,129,0.89
2026-07-21,Region B,P029,153,157,0.0
2026-07-21,Region B,P030,150,155,1.22
2026-07-21,Region C,P001,124,130,1.07
2026-07-21,Region C,P002,131,138,1.97
2026-07-21,Region C,P003,95,97,0.01
2026-07-21,Region C,P004,100,105,0.12
2026-07-21,Region C,P005,116,118,0.39
2026-07-21,Region C,P006,104,110,0.67
2026-07-21,Region C,P007,135,140,1.02
2026-07-21,Region C,P008,115,121,1.48
2026-07-21,Region C,P009,87,90,0.19
2026-07-21,Region C,P010,106,108,0.41
2026-07-21,Region C,P011,108,115,1.5
2026-07-21,Region C,P012,94,98,0.53
2026-07-21,Region C,P013,87,90,0.38
2026-07-21,Region C,P014,122,128,1.29
2026-07-21,Region C,P015,99,105,1.24
2026-07-21,Region C,P016,87,92,1.01
2026-07-21,Region C,P017,124,127,0.68
2026-07-21,Region C,P018,80,82,0.89
2026-07-21,Region C,P019,111,114,0.0
2026-07-21,Region C,P020,136,144,1.66
2026-07-21,Region C,P021,112,117,1.03
2026-07-21,Region C,P022,108,113,0.65
2026-07-21,Region C,P023,79,84,0.93
2026-07-21,Region C,P024,100,105,1.01
2026-07-21,Region C,P025,130,136,1.39
2026-07-21,Region C,P026,125,131,1.24
2026-07-21,Region C,P027,144,146,1.19
2026-07-21,Region C,P028,114,121,0.63
2026-07-21,Region C,P029,97,101,1.56
2026-07-21,Region C,P030,118,124,1.86
2026-07-21,Region D,P001,130,137,1.97
2026-07-21,Region D,P002,94,96,0.61
2026-07-21,Region D,P003,148,157,1.48
2026-07-21,Region D,P004,79,82,1.26
2026-07-21,Region D,P005,112,118,1.57
2026-07-21,Region D,P006,110,112,0.19
2026-07-21,Region D,P007,83,88,1.17
2026-07-21,Region D,P008,150,157,1.24
2026-07-21,Region D,P009,140,146,1.3
2026-07-21,Region D,P010,92,95,0.98
2026-07-21,Region D,P011,81,85,1.24
2026-07-21,Region D,P012,78,83,2.36
2026-07-21,Region D,P013,117,121,1.73
2026-07-21,Region D,P014,141,144,0.96
2026-07-21,Region D,P015,157,159,1.0
2026-07-21,Region D,P016,113,116,0.55
2026-07-21,Region D,P017,98,101,1.49
2026-07-21,Region D,P018,113,115,0.82
2026-07-21,Region D,P019,106,108,0.8
2026-07-21,Region D,P020,131,135,0.46
2026-07-21,Region D,P021,149,154,0.14
2026-07-21,Region D,P022,131,135,0.44
2026-07-21,Region D,P023,129,132,0.54
2026-07-21,Region D,P024,79,82,0.0
2026-07-21,Region D,P025,146,149,0.51
2026-07-21,Region D,P026,116,124,1.71
2026-07-21,Region D,P027,103,107,0.17
2026-07-21,Region D,P028,79,82,0.97
2026-07-21,Region D,P029,102,104,0.29
2026-07-21,Region D,P030,144,150,0.87
2026-07-22,Region A,P001,131,134,0.0
2026-07-22,Region A,P002,127,135,1.74
2026-07-22,Region A,P003,122,125,0.39
2026-07-22,Region A,P004,115,121,1.38
2026-07-22,Region A,P005,103,108,1.01
2026-07-22,Region A,P006,129,137,2.39
2026-07-22,Region A,P007,101,104,0.83
2026-07-22,Region A,P008,125,132,0.55
2026-07-22,Region A,P009,136,140,0.87
2026-07-22,Region A,P010,97,103,2.25
2026-07-22,Region A,P011,105,108,0.95
2026-07-22,Region A,P012,96,100,0.15
2026-07-22,Region A,P013,138,142,0.58
2026-07-22,Region A,P014,94,100,1.67
2026-07-22,Region A,P015,139,141,0.0
2026-07-22,Region A,P016,127,133,0.86
2026-07-22,Region A,P017,125,129,1.03
2026-07-22,Region A,P018,100,106,1.05
2026-07-22,Region A,P019,113,118,1.32
2026-07-22,Region A,P020,78,80,0.25
2026-07-22,Region A,P021,135,138,0.7
2026-07-22,Region A,P022,77,81,1.54
2026-07-22,Region A,P023,127,130,1.01
2026-07-22,Region A,P024,152,159,0.14
2026-07-22,Region A,P025,91,93,0.0
2026-07-22,Region A,P026,116,124,1.66
2026-07-22,Region A,P027,111,117,0.75
2026-07-22,Region A,P028,102,106,0.7
2026-07-22,Region A,P029,95,101,1.55
2026-07-22,Region A,P030,140,149,1.65
2026-07-22,Region B,P001,125,132,0.99
2026-07-22,Region B,P002,135,137,0.7
2026-07-22,Region B,P003,98,103,0.91
2026-07-22,Region B,P004,103,108,0.82
2026-07-22,Region B,P005,128,136,0.31
2026-07-22,Region B,P006,137,146,0.98
2026-07-22,Region B,P007,133,137,0.05
2026-07-22,Region B,P008,149,156,0.63
2026-07-22,Region B,P009,113,116,1.36
2026-07-22,Region B,P010,119,121,0.2
2026-07-22,Region B,P011,89,95,1.07
2026-07-22,Region B,P012,99,104,1.38
2026-07-22,Region B,P013,96,100,1.4
2026-07-22,Region B,P014,105,111,1.38
2026-07-22,Region B,P015,82,84,0.0
2026-07-22,Region B,P016,151,159,1.51
2026-07-22,Region B,P017,82,87,1.95
2026-07-22,Region B,P018,94,96,0.17
2026-07-22,Region B,P019,136,141,0.58
2026-07-22,Region B,P020,126,130,0.27
2026-07-22,Region B,P021,108,113,0.66
2026-07-22,Region B,P022,124,132,1.23
2026-07-22,Region B,P023,123,130,1.74
2026-07-22,Region B,P024,101,105,1.59
2026-07-22,Region B,P025,105,108,0.0
2026-07-22,Region B,P026,134,141,1.44
2026-07-22,Region B,P027,137,143,0.9
2026-07-22,Region B,P028,140,148,1.66
2026-07-22,Region B,P029,141,146,0.66
2026-07-22,Region B,P030,115,117,0.15
2026-07-22,Region C,P001,98,100,0.79
2026-07-22,Region C,P002,76,81,1.17
2026-07-22,Region C,P003,143,145,0.16
2026-07-22,Region C,P004,125,130,1.76
2026-07-22,Region C,P005,103,105,0.28
2026-07-22,Region C,P006,95,101,1.42
2026-07-22,Region C,P007,109,116,1.61
2026-07-22,Region C,P008,91,95,0.17
2026-07-22,Region C,P009,113,119,0.73
2026-07-22,Region C,P010,147,156,1.09
2026-07-22,Region C,P011,114,122,2.46
2026-07-22,Region C,P012,95,99,0.93
2026-07-22,Region C,P013,124,127,0.13
2026-07-22,Region C,P014,115,122,1.24
2026-07-22,Region C,P015,101,106,0.54
2026-07-22,Region C,P016,119,126,1.61
2026-07-22,Region C,P017,108,110,0.0
2026-07-22,Region C,P018,147,153,0.71
2026-07-22,Region C,P019,119,126,1.14
2026-07-22,Region C,P020,141,147,1.65
2026-07-22,Region C,P021,149,154,0.14
2026-07-22,Region C,P022,100,106,1.16
2026-07-22,Region C,P023,83,87,0.27
2026-07-22,Region C,P024,133,142,2.08
2026-07-22,Region C,P025,122,125,0.42
2026-07-22,Region C,P026,108,110,0.07
2026-07-22,Region C,P027,154,156,0.0
2026-07-22,Region C,P028,134,140,1.33
2026-07-22,Region C,P029,129,131,0.0
2026-07-22,Region C,P030,118,125,0.79
2026-07-22,Region D,P001,91,95,0.0
2026-07-22,Region D,P002,152,154,0.45
2026-07-22,Region D,P003,96,98,0.0
2026-07-22,Region D,P004,112,114,0.12
2026-07-22,Region D,P005,115,118,0.29
2026-07-22,Region D,P006,79,81,1.16
2026-07-22,Region D,P007,79,82,1.1
2026-07-22,Region D,P008,134,139,0.13
2026-07-22,Region D,P009,147,150,0.63
2026-07-22,Region D,P010,85,87,1.6
2026-07-22,Region D,P011,119,125,1.6
2026-07-22,Region D,P012,108,114,1.19
2026-07-22,Region D,P013,125,133,0.68
2026-07-22,Region D,P014,117,122,1.09
2026-07-22,Region D,P015,135,140,1.27
2026-07-22,Region D,P016,148,154,0.65
2026-07-22,Region D,P017,140,148,1.17
2026-07-22,Region D,P018,139,144,1.01
2026-07-22,Region D,P019,128,135,0.98
2026-07-22,Region D,P020,88,90,0.2
2026-07-22,Region D,P021,77,81,1.45
2026-07-22,Region D,P022,138,145,1.62
2026-07-22,Region D,P023,144,152,0.73
2026-07-22,Region D,P024,136,144,1.93
2026-07-22,Region D,P025,81,84,0.7
2026-07-22,Region D,P026,102,107,1.26
2026-07-22,Region D,P027,80,81,0.36
2026-07-22,Region D,P028,107,109,0.28
2026-07-22,Region D,P029,86,88,0.0
2026-07-22,Region D,P030,84,87,1.29
2026-07-23,Region A,P001,90,95,1.44
2026-07-23,Region A,P002,127,133,1.73
2026-07-23,Region A,P003,114,121,1.17
2026-07-23,Region A,P004,134,142,0.37
2026-07-23,Region A,P005,148,156,0.6
2026-07-23,Region A,P006,104,108,0.88
2026-07-23,Region A,P007,150,154,0.0
2026-07-23,Region A,P008,142,150,1.1
2026-07-23,Region A,P009,138,146,0.68
2026-07-23,Region A,P010,137,144,1.16
2026-07-23,Region A,P011,130,132,0.85
2026-07-23,Region A,P012,78,80,0.55
2026-07-23,Region A,P013,112,117,0.73
2026-07-23,Region A,P014,79,83,0.46
2026-07-23,Region A,P015,116,123,1.38
2026-07-23,Region A,P016,105,111,1.31
2026-07-23,Region A,P017,119,127,1.49
2026-07-23,Region A,P018,76,80,0.91
2026-07-23,Region A,P019,138,144,0.31
2026-07-23,Region A,P020,101,105,1.0
2026-07-23,Region A,P021,112,118,1.69
2026-07-23,Region A,P022,95,101,0.92
2026-07-23,Region A,P023,131,136,1.13
2026-07-23,Region A,P024,111,119,1.4
2026-07-23,Region A,P025,98,104,1.06
2026-07-23,Region A,P026,138,141,0.06
2026-07-23,Region A,P027,75,80,1.51
2026-07-23,Region A,P028,104,110,1.09
2026-07-23,Region A,P029,78,81,1.03
2026-07-23,Region A,P030,125,130,0.71
2026-07-23,Region B,P001,135,143,1.35
2026-07-23,Region B,P002,81,84,1.57
2026-07-23,Region B,P003,145,149,1.16
2026-07-23,Region B,P004,98,102,1.03
2026-07-23,Region B,P005,83,85,0.0
2026-07-23,Region B,P006,133,137,0.0
2026-07-23,Region B,P007,124,126,0.49
2026-07-23,Region B,P008,136,141,0.69
2026-07-23,Region B,P009,96,100,0.76
2026-07-23,Region B,P010,145,151,0.63
2026-07-23,Region B,P011,99,102,0.93
2026-07-23,Region B,P012,119,123,0.5
2026-07-23,Region B,P013,94,96,0.65
2026-07-23,Region B,P014,85,88,0.77
2026-07-23,Region B,P015,119,127,1.12
2026-07-23,Region B,P016,126,135,1.22
2026-07-23,Region B,P017,150,153,0.06
2026-07-23,Region B,P018,136,145,1.24
2026-07-23,Region B,P019,77,82,1.42
2026-07-23,Region B,P020,116,124,1.57
2026-07-23,Region B,P021,93,96,0.51
2026-07-23,Region B,P022,111,115,0.52
2026-07-23,Region B,P023,95,101,1.29
2026-07-23,Region B,P024,118,120,0.11
2026-07-23,Region B,P025,89,91,0.26
2026-07-23,Region B,P026,129,135,0.77
2026-07-23,Region B,P027,138,142,0.0
2026-07-23,Region B,P028,144,151,0.32
2026-07-23,Region B,P029,90,95,2.11
2026-07-23,Region B,P030,100,105,0.71
2026-07-23,Region C,P001,116,122,1.28
2026-07-23,Region C,P002,93,95,0.83
2026-07-23,Region C,P003,75,80,1.38
2026-07-23,Region C,P004,87,92,1.46
2026-07-23,Region C,P005,105,108,0.73
2026-07-23,Region C,P006,145,153,1.26
2026-07-23,Region C,P007,149,155,0.91
2026-07-23,Region C,P008,100,105,0.09
2026-07-23,Region C,P009,90,96,0.76
2026-07-23,Region C,P010,99,105,1.46
2026-07-23,Region C,P011,145,149,0.02
2026-07-23,Region C,P012,77,81,1.43
2026-07-23,Region C,P013,91,95,1.3
2026-07-23,Region C,P014,88,91,0.0
2026-07-23,Region C,P015,108,115,2.46
2026-07-23,Region C,P016,138,146,1.75
2026-07-23,Region C,P017,93,96,1.0
2026-07-23,Region C,P018,99,103,1.54
2026-07-23,Region C,P019,142,149,1.49
2026-07-23,Region C,P020,116,121,1.46
2026-07-23,Region C,P021,121,128,1.42
2026-07-23,Region C,P022,136,141,0.26
2026-07-23,Region C,P023,103,110,1.35
2026-07-23,Region C,P024,119,125,1.14
2026-07-23,Region C,P025,98,100,0.85
2026-07-23,Region C,P026,101,104,0.29
2026-07-23,Region C,P027,111,118,1.49
2026-07-23,Region C,P028,90,95,0.82
2026-07-23,Region C,P029,147,154,0.68
2026-07-23,Region C,P030,108,111,0.39
2026-07-23,Region D,P001,134,139,0.0
2026-07-23,Region D,P002,141,150,0.77
2026-07-23,Region D,P003,127,129,0.27
2026-07-23,Region D,P004,107,114,0.26
2026-07-23,Region D,P005,135,137,0.16
2026-07-23,Region D,P006,152,157,0.54
2026-07-23,Region D,P007,86,89,0.35
2026-07-23,Region D,P008,147,150,0.4
2026-07-23,Region D,P009,96,98,1.22
2026-07-23,Region D,P010,134,138,0.22
2026-07-23,Region D,P011,93,98,2.0
2026-07-23,Region D,P012,88,93,1.53
2026-07-23,Region D,P013,113,115,0.61
2026-07-23,Region D,P014,103,110,1.33
2026-07-23,Region D,P015,148,157,1.29
2026-07-23,Region D,P016,86,90,0.94
2026-07-23,Region D,P017,155,159,0.69
2026-07-23,Region D,P018,136,143,0.61
2026-07-23,Region D,P019,148,157,1.77
2026-07-23,Region D,P020,92,94,0.0
2026-07-23,Region D,P021,119,124,0.89
2026-07-23,Region D,P022,135,141,0.76
2026-07-23,Region D,P023,116,123,0.59
2026-07-23,Region D,P024,121,128,1.17
2026-07-23,Region D,P025,110,116,0.8
2026-07-23,Region D,P026,120,125,1.04
2026-07-23,Region D,P027,92,96,0.47
2026-07-23,Region D,P028,140,145,0.0
2026-07-23,Region D,P029,79,83,0.98
2026-07-23,Region D,P030,130,133,0.23
2026-07-24,Region A,P001,94,100,0.61
2026-07-24,Region A,P002,98,104,0.99
2026-07-24,Region A,P003,84,86,0.0
2026-07-24,Region A,P004,111,115,0.46
2026-07-24,Region A,P005,138,147,1.23
2026-07-24,Region A,P006,139,147,1.11
2026-07-24,Region A,P007,149,155,0.65
2026-07-24,Region A,P008,105,109,0.0
2026-07-24,Region A,P009,96,99,0.02
2026-07-24,Region A,P010,124,126,0.0
2026-07-24,Region A,P011,101,107,0.65
2026-07-24,Region A,P012,105,112,0.78
2026-07-24,Region A,P013,118,120,0.8
2026-07-24,Region A,P014,130,136,0.21
2026-07-24,Region A,P015,85,88,0.94
2026-07-24,Region A,P016,139,145,1.0
2026-07-24,Region A,P017,121,124,0.97
2026-07-24,Region A,P018,150,159,1.4
2026-07-24,Region A,P019,109,114,0.8
2026-07-24,Region A,P020,128,135,0.88
2026-07-24,Region A,P021,105,107,1.25
2026-07-24,Region A,P022,102,106,0.27
2026-07-24,Region A,P023,133,135,0.04
2026-07-24,Region A,P024,117,121,1.04
2026-07-24,Region A,P025,129,137,1.05
2026-07-24,Region A,P026,128,134,1.44
2026-07-24,Region A,P027,79,83,1.09
2026-07-24,Region A,P028,110,112,0.0
2026-07-24,Region A,P029,146,150,0.46
2026-07-24,Region A,P030,102,104,0.19
2026-07-24,Region B,P001,105,110,0.96
2026-07-24,Region B,P002,108,112,0.25
2026-07-24,Region B,P003,145,153,0.5
2026-07-24,Region B,P004,78,82,0.74
2026-07-24,Region B,P005,141,146,1.25
2026-07-24,Region B,P006,141,144,0.42
2026-07-24,Region B,P007,113,115,0.21
2026-07-24,Region B,P008,136,142,0.78
2026-07-24,Region B,P009,136,140,0.62
2026-07-24,Region B,P010,116,120,0.67
2026-07-24,Region B,P011,115,117,0.81
2026-07-24,Region B,P012,135,142,2.15
2026-07-24,Region B,P013,103,108,0.91
2026-07-24,Region B,P014,113,117,0.92
2026-07-24,Region B,P015,148,152,0.19
2026-07-24,Region B,P016,96,103,1.61
2026-07-24,Region B,P017,112,119,2.23
2026-07-24,Region B,P018,125,128,0.0
2026-07-24,Region B,P019,97,104,0.61
2026-07-24,Region B,P020,85,90,1.41
2026-07-24,Region B,P021,146,153,0.67
2026-07-24,Region B,P022,140,146,0.81
2026-07-24,Region B,P023,140,146,0.78
2026-07-24,Region B,P024,150,153,0.0
2026-07-24,Region B,P025,103,106,0.88
2026-07-24,Region B,P026,97,100,0.94
2026-07-24,Region B,P027,119,121,0.88
2026-07-24,Region B,P028,94,100,1.65
2026-07-24,Region B,P029,85,88,0.55
2026-07-24,Region B,P030,106,111,1.43
2026-07-24,Region C,P001,131,139,0.38
2026-07-24,Region C,P002,87,93,1.3
2026-07-24,Region C,P003,86,88,1.61
2026-07-24,Region C,P004,106,108,0.0
2026-07-24,Region C,P005,95,99,1.1
2026-07-24,Region C,P006,103,109,1.5
2026-07-24,Region C,P007,86,89,1.59
2026-07-24,Region C,P008,117,125,1.49
2026-07-24,Region C,P009,134,142,1.07
2026-07-24,Region C,P010,139,145,0.45
2026-07-24,Region C,P011,143,150,1.57
2026-07-24,Region C,P012,80,82,0.3
2026-07-24,Region C,P013,119,121,0.31
2026-07-24,Region C,P014,118,126,0.59
2026-07-24,Region C,P015,119,123,0.75
2026-07-24,Region C,P016,149,151,0.6
2026-07-24,Region C,P017,105,107,0.08
2026-07-24,Region C,P018,88,91,0.62
2026-07-24,Region C,P019,99,104,0.91
2026-07-24,Region C,P020,151,156,0.73
2026-07-24,Region C,P021,101,105,0.67
2026-07-24,Region C,P022,133,138,0.2
2026-07-24,Region C,P023,141,151,2.04
2026-07-24,Region C,P024,122,128,0.39
2026-07-24,Region C,P025,145,150,0.38
2026-07-24,Region C,P026,87,90,0.79
2026-07-24,Region C,P027,120,124,1.19
2026-07-24,Region C,P028,115,121,0.4
2026-07-24,Region C,P029,117,121,1.37
2026-07-24,Region C,P030,86,91,0.93
2026-07-24,Region D,P001,152,156,0.53
2026-07-24,Region D,P002,121,124,0.19
2026-07-24,Region D,P003,87,91,0.84
2026-07-24,Region D,P004,89,94,0.58
2026-07-24,Region D,P005,116,120,0.22
2026-07-24,Region D,P006,147,152,0.58
2026-07-24,Region D,P007,112,116,0.76
2026-07-24,Region D,P008,129,134,0.75
2026-07-24,Region D,P009,150,155,0.84
2026-07-24,Region D,P010,104,111,1.35
2026-07-24,Region D,P011,153,159,1.32
2026-07-24,Region D,P012,141,148,1.47
2026-07-24,Region D,P013,147,150,0.12
2026-07-24,Region D,P014,98,100,0.81
2026-07-24,Region D,P015,90,92,0.0
2026-07-24,Region D,P016,150,159,1.02
2026-07-24,Region D,P017,149,153,1.56
2026-07-24,Region D,P018,115,119,0.21
2026-07-24,Region D,P019,115,119,0.19
2026-07-24,Region D,P020,130,136,0.3
2026-07-24,Region D,P021,113,117,1.92
2026-07-24,Region D,P022,93,97,0.08
2026-07-24,Region D,P023,101,105,1.07
2026-07-24,Region D,P024,107,114,0.88
2026-07-24,Region D,P025,126,130,0.2
2026-07-24,Region D,P026,115,119,0.51
2026-07-24,Region D,P027,122,126,0.67
2026-07-24,Region D,P028,82,85,1.09
2026-07-24,Region D,P029,144,149,0.86
2026-07-24,Region D,P030,103,109,1.07
2026-07-25,Region A,P001,143,147,0.0
2026-07-25,Region A,P002,98,102,1.04
2026-07-25,Region A,P003,94,97,1.13
2026-07-25,Region A,P004,101,104,0.0
2026-07-25,Region A,P005,100,103,0.96
2026-07-25,Region A,P006,97,102,0.6
2026-07-25,Region A,P007,134,141,2.0
2026-07-25,Region A,P008,137,145,0.98
2026-07-25,Region A,P009,137,139,0.09
2026-07-25,Region A,P010,121,125,0.0
2026-07-25,Region A,P011,79,84,0.98
2026-07-25,Region A,P012,125,127,0.3
2026-07-25,Region A,P013,126,133,1.61
2026-07-25,Region A,P014,144,154,1.18
2026-07-25,Region A,P015,103,109,2.17
2026-07-25,Region A,P016,127,132,0.33
2026-07-25,Region A,P017,149,156,0.76
2026-07-25,Region A,P018,108,111,1.8
2026-07-25,Region A,P019,119,124,0.22
2026-07-25,Region A,P020,93,98,1.01
2026-07-25,Region A,P021,100,104,0.99
2026-07-25,Region A,P022,98,102,0.64
2026-07-25,Region A,P023,115,123,1.39
2026-07-25,Region A,P024,114,122,1.49
2026-07-25,Region A,P025,130,138,1.95
2026-07-25,Region A,P026,154,158,0.0
2026-07-25,Region A,P027,140,144,0.11
2026-07-25,Region A,P028,136,143,0.89
2026-07-25,Region A,P029,128,135,0.92
2026-07-25,Region A,P030,121,123,0.8
2026-07-25,Region B,P001,141,150,2.49
2026-07-25,Region B,P002,145,155,1.44
2026-07-25,Region B,P003,137,141,1.14
2026-07-25,Region B,P004,88,92,1.77
2026-07-25,Region B,P005,97,101,1.03
2026-07-25,Region B,P006,144,151,1.23
2026-07-25,Region B,P007,77,80,1.05
2026-07-25,Region B,P008,145,148,0.0
2026-07-25,Region B,P009,117,123,0.1
2026-07-25,Region B,P010,143,147,1.48
2026-07-25,Region B,P011,124,132,1.89
2026-07-25,Region B,P012,81,83,1.01
2026-07-25,Region B,P013,150,158,1.3
2026-07-25,Region B,P014,134,142,1.8
2026-07-25,Region B,P015,144,146,0.09
2026-07-25,Region B,P016,84,87,0.23
2026-07-25,Region B,P017,93,99,1.23
2026-07-25,Region B,P018,97,102,1.08
2026-07-25,Region B,P019,92,96,1.26
2026-07-25,Region B,P020,87,90,0.36
2026-07-25,Region B,P021,143,148,0.59
2026-07-25,Region B,P022,97,101,0.8
2026-07-25,Region B,P023,138,147,1.27
2026-07-25,Region B,P024,123,129,0.0
2026-07-25,Region B,P025,136,144,1.58
2026-07-25,Region B,P026,102,108,1.65
2026-07-25,Region B,P027,108,112,0.98
2026-07-25,Region B,P028,76,81,1.67
2026-07-25,Region B,P029,129,132,0.72
2026-07-25,Region B,P030,134,137,0.52
2026-07-25,Region C,P001,105,108,0.56
2026-07-25,Region C,P002,125,129,0.47
2026-07-25,Region C,P003,133,140,2.21
2026-07-25,Region C,P004,99,105,1.93
2026-07-25,Region C,P005,85,87,0.0
2026-07-25,Region C,P006,137,144,0.92
2026-07-25,Region C,P007,112,116,0.08
2026-07-25,Region C,P008,146,149,0.3
2026-07-25,Region C,P009,133,141,0.81
2026-07-25,Region C,P010,108,111,1.15
2026-07-25,Region C,P011,148,152,0.39
2026-07-25,Region C,P012,94,99,1.53
2026-07-25,Region C,P013,145,151,0.74
2026-07-25,Region C,P014,90,94,0.7
2026-07-25,Region C,P015,92,94,0.86
2026-07-25,Region C,P016,101,106,0.69
2026-07-25,Region C,P017,108,112,1.06
2026-07-25,Region C,P018,81,83,0.25
2026-07-25,Region C,P019,87,89,0.0
2026-07-25,Region C,P020,147,155,1.64
2026-07-25,Region C,P021,139,148,1.47
2026-07-25,Region C,P022,82,84,0.0
2026-07-25,Region C,P023,153,156,0.27
2026-07-25,Region C,P024,124,128,1.07
2026-07-25,Region C,P025,131,136,0.68
2026-07-25,Region C,P026,124,132,0.9
2026-07-25,Region C,P027,107,113,1.72
2026-07-25,Region C,P028,138,142,1.78
2026-07-25,Region C,P029,112,114,0.17
2026-07-25,Region C,P030,119,125,0.82
2026-07-25,Region D,P001,101,103,0.47
2026-07-25,Region D,P002,142,151,0.07
2026-07-25,Region D,P003,134,138,0.62
2026-07-25,Region D,P004,153,158,0.5
2026-07-25,Region D,P005,138,143,0.43
2026-07-25,Region D,P006,129,134,1.26
2026-07-25,Region D,P007,106,113,0.59
2026-07-25,Region D,P008,143,151,0.99
2026-07-25,Region D,P009,96,99,0.0
2026-07-25,Region D,P010,126,129,0.75
2026-07-25,Region D,P011,149,153,0.15
2026-07-25,Region D,P012,87,92,1.31
2026-07-25,Region D,P013,141,147,0.79
2026-07-25,Region D,P014,77,80,0.85
2026-07-25,Region D,P015,131,137,0.89
2026-07-25,Region D,P016,118,121,0.07
2026-07-25,Region D,P017,96,99,0.81
2026-07-25,Region D,P018,122,129,1.35
2026-07-25,Region D,P019,152,155,0.75
2026-07-25,Region D,P020,86,88,0.54
2026-07-25,Region D,P021,88,92,1.05
2026-07-25,Region D,P022,92,98,1.19
2026-07-25,Region D,P023,92,96,1.4
2026-07-25,Region D,P024,124,132,1.73
2026-07-25,Region D,P025,75,80,1.96
2026-07-25,Region D,P026,143,148,0.91
2026-07-25,Region D,P027,98,100,0.33
2026-07-25,Region D,P028,122,129,1.28
2026-07-25,Region D,P029,90,94,1.59
2026-07-25,Region D,P030,124,130,1.04
2026-07-26,Region A,P001,110,118,0.95
2026-07-26,Region A,P002,115,117,0.21
2026-07-26,Region A,P003,139,142,0.41
2026-07-26,Region A,P004,125,133,0.82
2026-07-26,Region A,P005,118,121,0.52
2026-07-26,Region A,P006,100,103,0.18
2026-07-26,Region A,P007,138,142,1.29
2026-07-26,Region A,P008,123,128,1.07
2026-07-26,Region A,P009,81,83,0.35
2026-07-26,Region A,P010,133,136,0.23
2026-07-26,Region A,P011,86,92,1.0
2026-07-26,Region A,P012,109,111,0.0
2026-07-26,Region A,P013,136,144,1.63
2026-07-26,Region A,P014,96,101,1.23
2026-07-26,Region A,P015,116,120,0.56
2026-07-26,Region A,P016,150,154,0.6
2026-07-26,Region A,P017,82,84,0.0
2026-07-26,Region A,P018,129,132,1.61
2026-07-26,Region A,P019,83,85,0.86
2026-07-26,Region A,P020,81,87,0.33
2026-07-26,Region A,P021,131,135,0.0
2026-07-26,Region A,P022,147,154,0.88
2026-07-26,Region A,P023,95,97,0.0
2026-07-26,Region A,P024,77,80,0.51
2026-07-26,Region A,P025,88,91,0.56
2026-07-26,Region A,P026,80,83,0.0
2026-07-26,Region A,P027,101,104,1.12
2026-07-26,Region A,P028,98,105,1.44
2026-07-26,Region A,P029,112,115,0.24
2026-07-26,Region A,P030,86,90,0.0
2026-07-26,Region B,P001,133,135,1.03
2026-07-26,Region B,P002,82,83,0.17
2026-07-26,Region B,P003,83,86,0.35
2026-07-26,Region B,P004,132,136,2.02
2026-07-26,Region B,P005,127,135,2.22
2026-07-26,Region B,P006,76,80,1.67
2026-07-26,Region B,P007,103,105,0.34
2026-07-26,Region B,P008,110,112,0.0
2026-07-26,Region B,P009,111,117,1.32
2026-07-26,Region B,P010,80,82,0.27
2026-07-26,Region B,P011,132,137,0.92
2026-07-26,Region B,P012,80,85,1.85
2026-07-26,Region B,P013,86,91,1.46
2026-07-26,Region B,P014,138,147,1.37
2026-07-26,Region B,P015,149,153,0.74
2026-07-26,Region B,P016,144,151,1.03
2026-07-26,Region B,P017,100,106,2.46
2026-07-26,Region B,P018,110,116,0.7
2026-07-26,Region B,P019,147,155,1.49
2026-07-26,Region B,P020,126,128,0.0
2026-07-26,Region B,P021,123,127,0.71
2026-07-26,Region B,P022,92,95,0.27
2026-07-26,Region B,P023,117,119,0.2
2026-07-26,Region B,P024,150,158,1.17
2026-07-26,Region B,P025,86,91,1.25
2026-07-26,Region B,P026,118,125,2.3
2026-07-26,Region B,P027,81,83,0.0
2026-07-26,Region B,P028,145,147,0.0
2026-07-26,Region B,P029,125,127,0.0
2026-07-26,Region B,P030,142,151,1.11
2026-07-26,Region C,P001,115,121,1.38
2026-07-26,Region C,P002,114,120,1.37
2026-07-26,Region C,P003,142,151,1.6
2026-07-26,Region C,P004,94,99,1.69
2026-07-26,Region C,P005,147,156,1.24
2026-07-26,Region C,P006,100,107,1.95
2026-07-26,Region C,P007,142,150,1.18
2026-07-26,Region C,P008,113,115,0.61
2026-07-26,Region C,P009,132,139,1.08
2026-07-26,Region C,P010,90,95,2.26
2026-07-26,Region C,P011,107,113,0.02
2026-07-26,Region C,P012,105,109,0.8
2026-07-26,Region C,P013,93,99,1.27
2026-07-26,Region C,P014,91,94,0.7
2026-07-26,Region C,P015,108,113,0.37
2026-07-26,Region C,P016,110,113,1.28
2026-07-26,Region C,P017,75,80,0.73
2026-07-26,Region C,P018,144,147,0.93
2026-07-26,Region C,P019,107,110,0.0
2026-07-26,Region C,P020,154,157,0.62
2026-07-26,Region C,P021,105,112,1.86
2026-07-26,Region C,P022,101,107,2.48
2026-07-26,Region C,P023,112,117,0.4
2026-07-26,Region C,P024,144,153,1.09
2026-07-26,Region C,P025,123,126,0.24
2026-07-26,Region C,P026,124,129,0.97
2026-07-26,Region C,P027,154,159,0.7
2026-07-26,Region C,P028,131,134,0.0
2026-07-26,Region C,P029,125,131,1.15
2026-07-26,Region C,P030,136,140,0.35
2026-07-26,Region D,P001,77,81,0.8
2026-07-26,Region D,P002,102,109,1.39
2026-07-26,Region D,P003,124,129,0.0
2026-07-26,Region D,P004,117,121,0.7
2026-07-26,Region D,P005,130,133,0.77
2026-07-26,Region D,P006,106,109,0.35
2026-07-26,Region D,P007,104,106,0.0
2026-07-26,Region D,P008,96,99,0.21
2026-07-26,Region D,P009,119,126,0.79
2026-07-26,Region D,P010,86,89,1.43
2026-07-26,Region D,P011,109,114,0.0
2026-07-26,Region D,P012,91,95,0.58
2026-07-26,Region D,P013,98,103,1.56
2026-07-26,Region D,P014,115,119,0.0
2026-07-26,Region D,P015,132,135,0.28
2026-07-26,Region D,P016,87,93,1.93
2026-07-26,Region D,P017,149,159,0.88
2026-07-26,Region D,P018,132,137,1.38
2026-07-26,Region D,P019,137,144,0.98
2026-07-26,Region D,P020,78,82,2.17
2026-07-26,Region D,P021,95,99,0.95
2026-07-26,Region D,P022,121,128,1.19
2026-07-26,Region D,P023,107,112,0.92
2026-07-26,Region D,P024,79,84,1.99
2026-07-26,Region D,P025,118,123,0.76
2026-07-26,Region D,P026,105,109,1.25
2026-07-26,Region D,P027,114,120,1.13
2026-07-26,Region D,P028,83,87,0.96
2026-07-26,Region D,P029,103,108,1.47
2026-07-26,Region D,P030,104,109,1.47
2026-07-27,Region A,P001,89,91,0.34
2026-07-27,Region A,P002,132,134,0.11
2026-07-27,Region A,P003,153,159,0.63
2026-07-27,Region A,P004,84,87,1.03
2026-07-27,Region A,P005,93,99,1.27
2026-07-27,Region A,P006,110,115,1.45
2026-07-27,Region A,P007,99,105,1.88
2026-07-27,Region A,P008,153,158,0.02
2026-07-27,Region A,P009,153,158,0.38
2026-07-27,Region A,P010,143,149,1.04
2026-07-27,Region A,P011,90,95,1.03
2026-07-27,Region A,P012,87,91,0.97
2026-07-27,Region A,P013,117,123,1.44
2026-07-27,Region A,P014,108,110,0.0
2026-07-27,Region A,P015,152,156,1.54
2026-07-27,Region A,P016,120,128,1.12
2026-07-27,Region A,P017,77,80,0.86
2026-07-27,Region A,P018,124,132,1.24
2026-07-27,Region A,P019,98,105,0.97
2026-07-27,Region A,P020,105,110,0.23
2026-07-27,Region A,P021,82,85,0.5
2026-07-27,Region A,P022,152,158,1.29
2026-07-27,Region A,P023,90,95,0.71
2026-07-27,Region A,P024,114,118,0.23
2026-07-27,Region A,P025,148,156,1.63
2026-07-27,Region A,P026,139,142,1.04
2026-07-27,Region A,P027,124,127,0.49
2026-07-27,Region A,P028,88,93,1.92
2026-07-27,Region A,P029,81,85,1.18
2026-07-27,Region A,P030,85,89,0.55
2026-07-27,Region B,P001,88,91,1.2
2026-07-27,Region B,P002,114,118,0.44
2026-07-27,Region B,P003,134,139,0.73
2026-07-27,Region B,P004,94,98,0.25
2026-07-27,Region B,P005,132,139,0.37
2026-07-27,Region B,P006,102,107,0.12
2026-07-27,Region B,P007,124,131,1.55
2026-07-27,Region B,P008,88,90,0.37
2026-07-27,Region B,P009,94,97,0.16
2026-07-27,Region B,P010,122,129,0.93
2026-07-27,Region B,P011,101,103,0.91
2026-07-27,Region B,P012,85,91,0.25
2026-07-27,Region B,P013,102,104,0.54
2026-07-27,Region B,P014,106,109,0.39
2026-07-27,Region B,P015,114,121,1.64
2026-07-27,Region B,P016,99,101,0.51
2026-07-27,Region B,P017,146,151,0.66
2026-07-27,Region B,P018,143,149,1.1
2026-07-27,Region B,P019,146,150,1.2
2026-07-27,Region B,P020,103,108,0.23
2026-07-27,Region B,P021,96,103,1.3
2026-07-27,Region B,P022,127,130,0.01
2026-07-27,Region B,P023,120,123,1.17
2026-07-27,Region B,P024,136,144,1.15
2026-07-27,Region B,P025,134,143,1.15
2026-07-27,Region B,P026,77,82,1.37
2026-07-27,Region B,P027,84,89,0.85
2026-07-27,Region B,P028,146,155,1.64
2026-07-27,Region B,P029,81,83,0.3
2026-07-27,Region B,P030,130,136,0.62
2026-07-27,Region C,P001,82,85,0.61
2026-07-27,Region C,P002,114,117,0.67
2026-07-27,Region C,P003,116,119,1.01
2026-07-27,Region C,P004,140,143,0.48
2026-07-27,Region C,P005,139,145,1.58
2026-07-27,Region C,P006,148,158,1.46
2026-07-27,Region C,P007,82,86,1.23
2026-07-27,Region C,P008,102,108,1.41
2026-07-27,Region C,P009,90,94,1.61
2026-07-27,Region C,P010,113,116,0.0
2026-07-27,Region C,P011,152,159,0.96
2026-07-27,Region C,P012,83,86,1.14
2026-07-27,Region C,P013,100,107,1.3
2026-07-27,Region C,P014,124,127,0.66
2026-07-27,Region C,P015,131,138,1.88
2026-07-27,Region C,P016,92,94,1.24
2026-07-27,Region C,P017,124,127,0.37
2026-07-27,Region C,P018,126,134,0.88
2026-07-27,Region C,P019,81,85,1.19
2026-07-27,Region C,P020,115,121,1.04
2026-07-27,Region C,P021,101,105,1.49
2026-07-27,Region C,P022,81,86,0.65
2026-07-27,Region C,P023,109,114,0.22
2026-07-27,Region C,P024,102,108,1.47
2026-07-27,Region C,P025,114,121,1.32
2026-07-27,Region C,P026,117,124,1.85
2026-07-27,Region C,P027,105,107,0.33
2026-07-27,Region C,P028,88,90,0.85
2026-07-27,Region C,P029,92,96,1.79
2026-07-27,Region C,P030,134,141,1.62
2026-07-27,Region D,P001,86,89,0.0
2026-07-27,Region D,P002,118,123,0.65
2026-07-27,Region D,P003,128,135,0.74
2026-07-27,Region D,P004,120,126,0.9
2026-07-27,Region D,P005,97,99,0.8
2026-07-27,Region D,P006,98,103,0.51
2026-07-27,Region D,P007,143,147,0.76
2026-07-27,Region D,P008,77,80,1.02
2026-07-27,Region D,P009,118,121,1.06
2026-07-27,Region D,P010,118,120,0.69
2026-07-27,Region D,P011,128,131,1.01
2026-07-27,Region D,P012,82,84,1.29
2026-07-27,Region D,P013,108,112,0.26
2026-07-27,Region D,P014,137,145,1.85
2026-07-27,Region D,P015,150,159,0.64
2026-07-27,Region D,P016,88,92,1.24
2026-07-27,Region D,P017,103,105,0.0
2026-07-27,Region D,P018,111,117,1.45
2026-07-27,Region D,P019,78,81,1.13
2026-07-27,Region D,P020,146,155,1.12
2026-07-27,Region D,P021,133,139,0.83
2026-07-27,Region D,P022,88,92,0.55
2026-07-27,Region D,P023,117,123,1.17
2026-07-27,Region D,P024,152,157,0.1
2026-07-27,Region D,P025,140,146,0.57
2026-07-27,Region D,P026,146,155,0.81
2026-07-27,Region D,P027,94,99,2.11
2026-07-27,Region D,P028,116,119,0.16
2026-07-27,Region D,P029,133,135,0.0
2026-07-27,Region D,P030,149,153,1.42
2026-07-28,Region A,P001,78,82,1.41
2026-07-28,Region A,P002,130,132,0.52
2026-07-28,Region A,P003,140,142,0.24
2026-07-28,Region A,P004,147,151,0.61
2026-07-28,Region A,P005,130,137,1.6
2026-07-28,Region A,P006,133,138,0.01
2026-07-28,Region A,P007,98,103,0.74
2026-07-28,Region A,P008,133,140,1.56
2026-07-28,Region A,P009,130,135,1.04
2026-07-28,Region A,P010,86,88,0.39
2026-07-28,Region A,P011,101,104,0.43
2026-07-28,Region A,P012,133,141,0.69
2026-07-28,Region A,P013,122,128,1.44
2026-07-28,Region A,P014,130,138,1.14
2026-07-28,Region A,P015,116,118,0.27
2026-07-28,Region A,P016,124,129,1.09
2026-07-28,Region A,P017,85,88,1.53
2026-07-28,Region A,P018,152,159,0.68
2026-07-28,Region A,P019,90,96,0.58
2026-07-28,Region A,P020,130,136,0.72
2026-07-28,Region A,P021,85,87,0.21
2026-07-28,Region A,P022,99,103,0.47
2026-07-28,Region A,P023,119,124,0.93
2026-07-28,Region A,P024,150,159,0.44
2026-07-28,Region A,P025,121,124,0.0
2026-07-28,Region A,P026,79,82,0.49
2026-07-28,Region A,P027,145,153,1.31
2026-07-28,Region A,P028,127,133,1.29
2026-07-28,Region A,P029,150,156,0.21
2026-07-28,Region A,P030,150,157,1.4
2026-07-28,Region B,P001,92,97,1.0
2026-07-28,Region B,P002,118,121,0.32
2026-07-28,Region B,P003,87,90,0.4
2026-07-28,Region B,P004,150,152,0.08
2026-07-28,Region B,P005,133,137,0.3
2026-07-28,Region B,P006,139,147,1.2
2026-07-28,Region B,P007,154,157,0.0
2026-07-28,Region B,P008,105,111,1.0
2026-07-28,Region B,P009,80,85,1.71
2026-07-28,Region B,P010,130,135,1.04
2026-07-28,Region B,P011,150,152,0.16
2026-07-28,Region B,P012,98,103,0.81
2026-07-28,Region B,P013,142,146,0.59
2026-07-28,Region B,P014,102,104,0.39
2026-07-28,Region B,P015,137,144,1.39
2026-07-28,Region B,P016,98,101,0.67
2026-07-28,Region B,P017,140,144,0.97
2026-07-28,Region B,P018,87,93,1.31
2026-07-28,Region B,P019,125,127,0.82
2026-07-28,Region B,P020,88,92,0.09
2026-07-28,Region B,P021,111,117,1.08
2026-07-28,Region B,P022,134,142,0.7
2026-07-28,Region B,P023,116,121,1.5
2026-07-28,Region B,P024,118,126,1.12
2026-07-28,Region B,P025,150,156,0.25
2026-07-28,Region B,P026,129,137,1.17
2026-07-28,Region B,P027,94,99,1.15
2026-07-28,Region B,P028,128,132,0.92
2026-07-28,Region B,P029,101,104,1.19
2026-07-28,Region B,P030,116,122,0.91
2026-07-28,Region C,P001,137,142,0.64
2026-07-28,Region C,P002,135,142,1.68
2026-07-28,Region C,P003,104,106,1.4
2026-07-28,Region C,P004,100,106,1.69
2026-07-28,Region C,P005,86,87,0.0
2026-07-28,Region C,P006,136,139,0.33
2026-07-28,Region C,P007,130,136,1.61
2026-07-28,Region C,P008,90,93,0.74
2026-07-28,Region C,P009,127,131,0.96
2026-07-28,Region C,P010,126,131,0.53
2026-07-28,Region C,P011,98,101,0.86
2026-07-28,Region C,P012,152,158,0.68
2026-07-28,Region C,P013,128,133,0.75
2026-07-28,Region C,P014,95,99,1.0
2026-07-28,Region C,P015,86,91,0.56
2026-07-28,Region C,P016,113,118,0.27
2026-07-28,Region C,P017,104,110,1.71
2026-07-28,Region C,P018,122,124,0.74
2026-07-28,Region C,P019,88,91,1.01
2026-07-28,Region C,P020,78,83,1.35
2026-07-28,Region C,P021,85,88,0.0
2026-07-28,Region C,P022,144,147,0.0
2026-07-28,Region C,P023,99,101,1.36
2026-07-28,Region C,P024,106,112,0.79
2026-07-28,Region C,P025,93,97,0.87
2026-07-28,Region C,P026,119,123,0.25
2026-07-28,Region C,P027,132,138,1.88
2026-07-28,Region C,P028,90,95,0.81
2026-07-28,Region C,P029,92,97,0.62
2026-07-28,Region C,P030,138,145,1.07
2026-07-28,Region D,P001,83,88,1.65
2026-07-28,Region D,P002,116,120,0.28
2026-07-28,Region D,P003,142,147,0.92
2026-07-28,Region D,P004,109,112,0.31
2026-07-28,Region D,P005,105,109,0.43
2026-07-28,Region D,P006,124,129,0.0
2026-07-28,Region D,P007,134,138,0.66
2026-07-28,Region D,P008,112,118,1.21
2026-07-28,Region D,P009,105,109,0.31
2026-07-28,Region D,P010,145,149,0.48
2026-07-28,Region D,P011,75,80,2.01
2026-07-28,Region D,P012,101,107,0.0
2026-07-28,Region D,P013,113,116,0.0
2026-07-28,Region D,P014,96,102,1.11
2026-07-28,Region D,P015,91,94,0.76
2026-07-28,Region D,P016,136,141,0.76
2026-07-28,Region D,P017,92,96,1.02
2026-07-28,Region D,P018,130,135,0.66
2026-07-28,Region D,P019,120,122,0.19
2026-07-28,Region D,P020,91,97,1.0
2026-07-28,Region D,P021,109,112,0.0
2026-07-28,Region D,P022,104,107,0.82
2026-07-28,Region D,P023,147,155,1.54
2026-07-28,Region D,P024,94,99,2.5
2026-07-28,Region D,P025,133,139,1.28
2026-07-28,Region D,P026,139,147,1.01
2026-07-28,Region D,P027,142,144,0.51
2026-07-28,Region D,P028,82,88,0.83
2026-07-28,Region D,P029,101,106,0.6
2026-07-28,Region D,P030,136,144,0.79
2026-07-29,Region A,P001,121,128,2.13
2026-07-29,Region A,P002,90,94,1.2
2026-07-29,Region A,P003,128,132,1.1
2026-07-29,Region A,P004,153,158,0.96
2026-07-29,Region A,P005,87,91,1.39
2026-07-29,Region A,P006,105,111,0.08
2026-07-29,Region A,P007,138,141,0.0
2026-07-29,Region A,P008,75,80,2.03
2026-07-29,Region A,P009,94,100,0.86
2026-07-29,Region A,P010,93,95,0.05
2026-07-29,Region A,P011,130,137,1.21
2026-07-29,Region A,P012,96,100,1.47
2026-07-29,Region A,P013,116,123,0.63
2026-07-29,Region A,P014,102,106,0.49
2026-07-29,Region A,P015,125,133,1.78
2026-07-29,Region A,P016,106,108,0.29
2026-07-29,Region A,P017,125,132,1.31
2026-07-29,Region A,P018,157,159,0.15
2026-07-29,Region A,P019,151,156,0.48
2026-07-29,Region A,P020,116,122,1.43
2026-07-29,Region A,P021,85,88,0.64
2026-07-29,Region A,P022,128,136,1.49
2026-07-29,Region A,P023,124,129,0.83
2026-07-29,Region A,P024,146,148,0.0
2026-07-29,Region A,P025,96,98,0.0
2026-07-29,Region A,P026,104,107,0.49
2026-07-29,Region A,P027,85,90,2.0
2026-07-29,Region A,P028,105,109,0.13
2026-07-29,Region A,P029,119,121,0.75
2026-07-29,Region A,P030,128,135,1.4
2026-07-29,Region B,P001,81,86,1.42
2026-07-29,Region B,P002,102,104,0.2
2026-07-29,Region B,P003,92,94,0.0
2026-07-29,Region B,P004,122,129,0.41
2026-07-29,Region B,P005,81,83,0.0
2026-07-29,Region B,P006,76,80,1.35
2026-07-29,Region B,P007,75,80,1.35
2026-07-29,Region B,P008,84,89,1.36
2026-07-29,Region B,P009,153,159,0.0
2026-07-29,Region B,P010,99,103,0.9
2026-07-29,Region B,P011,123,131,1.55
2026-07-29,Region B,P012,110,116,0.74
2026-07-29,Region B,P013,116,120,0.5
2026-07-29,Region B,P014,155,159,1.05
2026-07-29,Region B,P015,128,135,0.13
2026-07-29,Region B,P016,110,112,0.26
2026-07-29,Region B,P017,98,104,1.49
2026-07-29,Region B,P018,129,132,0.0
2026-07-29,Region B,P019,140,149,1.39
2026-07-29,Region B,P020,92,96,1.17
2026-07-29,Region B,P021,134,139,0.14
2026-07-29,Region B,P022,125,129,0.66
2026-07-29,Region B,P023,135,137,0.73
2026-07-29,Region B,P024,149,155,0.0
2026-07-29,Region B,P025,118,124,2.33
2026-07-29,Region B,P026,150,159,2.17
2026-07-29,Region B,P027,98,101,1.13
2026-07-29,Region B,P028,146,153,1.2
2026-07-29,Region B,P029,154,159,1.31
2026-07-29,Region B,P030,146,155,2.4
2026-07-29,Region C,P001,131,140,1.47
2026-07-29,Region C,P002,117,120,1.17
2026-07-29,Region C,P003,126,128,0.57
2026-07-29,Region C,P004,143,151,1.11
2026-07-29,Region C,P005,138,145,1.25
2026-07-29,Region C,P006,134,140,0.78
2026-07-29,Region C,P007,85,90,0.94
2026-07-29,Region C,P008,133,135,0.25
2026-07-29,Region C,P009,128,133,1.53
2026-07-29,Region C,P010,92,95,1.09
2026-07-29,Region C,P011,115,117,0.11
2026-07-29,Region C,P012,142,145,0.0
2026-07-29,Region C,P013,156,159,0.41
2026-07-29,Region C,P014,112,117,2.36
2026-07-29,Region C,P015,107,114,1.8
2026-07-29,Region C,P016,143,145,0.0
2026-07-29,Region C,P017,125,130,0.93
2026-07-29,Region C,P018,127,135,2.15
2026-07-29,Region C,P019,85,87,0.02
2026-07-29,Region C,P020,94,97,0.0
2026-07-29,Region C,P021,144,153,1.0
2026-07-29,Region C,P022,77,80,0.93
2026-07-29,Region C,P023,140,148,0.28
2026-07-29,Region C,P024,116,123,1.72
2026-07-29,Region C,P025,92,96,1.33
2026-07-29,Region C,P026,97,99,0.57
2026-07-29,Region C,P027,83,87,0.19
2026-07-29,Region C,P028,118,122,0.57
2026-07-29,Region C,P029,79,80,0.0
2026-07-29,Region C,P030,133,141,1.32
2026-07-29,Region D,P001,87,93,1.92
2026-07-29,Region D,P002,76,81,0.15
2026-07-29,Region D,P003,91,97,1.4
2026-07-29,Region D,P004,93,98,0.96
2026-07-29,Region D,P005,80,85,1.08
2026-07-29,Region D,P006,141,147,1.18
2026-07-29,Region D,P007,104,107,1.84
2026-07-29,Region D,P008,126,129,0.29
2026-07-29,Region D,P009,113,118,1.37
2026-07-29,Region D,P010,118,121,0.64
2026-07-29,Region D,P011,147,154,1.3
2026-07-29,Region D,P012,93,97,0.89
2026-07-29,Region D,P013,120,122,0.0
2026-07-29,Region D,P014,127,130,0.07
2026-07-29,Region D,P015,150,155,0.0
2026-07-29,Region D,P016,148,155,0.7
2026-07-29,Region D,P017,81,83,0.54
2026-07-29,Region D,P018,111,113,0.61
2026-07-29,Region D,P019,125,133,0.81
2026-07-29,Region D,P020,140,147,1.6
2026-07-29,Region D,P021,124,132,1.38
2026-07-29,Region D,P022,119,127,0.9
2026-07-29,Region D,P023,111,115,0.54
2026-07-29,Region D,P024,105,109,1.01
2026-07-29,Region D,P025,152,157,1.04
2026-07-29,Region D,P026,112,118,0.24
2026-07-29,Region D,P027,97,100,1.07
2026-07-29,Region D,P028,125,132,0.74
2026-07-29,Region D,P029,147,157,1.06
2026-07-29,Region D,P030,118,124,1.22
2026-07-30,Region A,P001,100,105,1.62
2026-07-30,Region A,P002,135,141,1.09
2026-07-30,Region A,P003,150,155,0.54
2026-07-30,Region A,P004,138,145,0.6
2026-07-30,Region A,P005,106,108,0.36
2026-07-30,Region A,P006,139,143,1.23
2026-07-30,Region A,P007,93,99,1.19
2026-07-30,Region A,P008,143,150,1.54
2026-07-30,Region A,P009,124,127,0.59
2026-07-30,Region A,P010,100,105,0.21
2026-07-30,Region A,P011,124,127,0.03
2026-07-30,Region A,P012,113,117,1.4
2026-07-30,Region A,P013,106,112,0.72
2026-07-30,Region A,P014,113,115,0.16
2026-07-30,Region A,P015,129,134,0.9
2026-07-30,Region A,P016,101,104,0.76
2026-07-30,Region A,P017,135,143,1.87
2026-07-30,Region A,P018,97,102,1.7
2026-07-30,Region A,P019,82,88,0.83
2026-07-30,Region A,P020,130,132,0.17
2026-07-30,Region A,P021,135,138,0.47
2026-07-30,Region A,P022,126,134,0.67
2026-07-30,Region A,P023,151,158,1.85
2026-07-30,Region A,P024,120,123,0.38
2026-07-30,Region A,P025,129,133,0.0
2026-07-30,Region A,P026,121,127,0.28
2026-07-30,Region A,P027,111,115,0.72
2026-07-30,Region A,P028,141,146,0.87
2026-07-30,Region A,P029,91,93,0.24
2026-07-30,Region A,P030,145,152,0.73
2026-07-30,Region B,P001,89,94,0.91
2026-07-30,Region B,P002,81,85,0.13
2026-07-30,Region B,P003,88,93,2.09
2026-07-30,Region B,P004,128,135,0.71
2026-07-30,Region B,P005,152,155,0.73
2026-07-30,Region B,P006,115,119,0.39
2026-07-30,Region B,P007,124,129,0.85
2026-07-30,Region B,P008,84,88,1.35
2026-07-30,Region B,P009,150,159,1.43
2026-07-30,Region B,P010,138,146,1.43
2026-07-30,Region B,P011,78,83,1.59
2026-07-30,Region B,P012,85,88,0.87
2026-07-30,Region B,P013,119,126,0.7
2026-07-30,Region B,P014,83,88,0.54
2026-07-30,Region B,P015,120,124,0.39
2026-07-30,Region B,P016,107,112,1.45
2026-07-30,Region B,P017,149,151,0.64
2026-07-30,Region B,P018,136,140,0.67
2026-07-30,Region B,P019,81,83,0.17
2026-07-30,Region B,P020,108,115,1.32
2026-07-30,Region B,P021,133,141,1.02
2026-07-30,Region B,P022,94,98,0.81
2026-07-30,Region B,P023,121,125,1.4
2026-07-30,Region B,P024,124,128,0.2
2026-07-30,Region B,P025,101,103,0.04
2026-07-30,Region B,P026,146,152,0.43
2026-07-30,Region B,P027,133,138,0.77
2026-07-30,Region B,P028,78,83,1.9
2026-07-30,Region B,P029,109,115,1.29
2026-07-30,Region B,P030,133,138,0.88
2026-07-30,Region C,P001,88,90,0.69
2026-07-30,Region C,P002,104,106,0.48
2026-07-30,Region C,P003,103,108,0.56
2026-07-30,Region C,P004,99,104,1.44
2026-07-30,Region C,P005,94,97,0.07
2026-07-30,Region C,P006,100,105,1.18
2026-07-30,Region C,P007,107,110,0.21
2026-07-30,Region C,P008,133,139,1.08
2026-07-30,Region C,P009,134,136,0.38
2026-07-30,Region C,P010,87,91,1.43
2026-07-30,Region C,P011,94,98,0.81
2026-07-30,Region C,P012,76,81,0.51
2026-07-30,Region C,P013,145,148,0.0
2026-07-30,Region C,P014,140,146,0.51
2026-07-30,Region C,P015,80,83,0.0
2026-07-30,Region C,P016,120,124,1.51
2026-07-30,Region C,P017,102,105,0.37
2026-07-30,Region C,P018,81,84,0.78
2026-07-30,Region C,P019,94,98,1.3
2026-07-30,Region C,P020,144,153,1.39
2026-07-30,Region C,P021,132,140,0.34
2026-07-30,Region C,P022,150,153,0.0
2026-07-30,Region C,P023,102,106,0.22
2026-07-30,Region C,P024,134,136,0.48
2026-07-30,Region C,P025,121,126,0.29
2026-07-30,Region C,P026,83,87,1.11
2026-07-30,Region C,P027,76,81,0.76
2026-07-30,Region C,P028,144,146,1.37
2026-07-30,Region C,P029,146,152,1.56
2026-07-30,Region C,P030,143,149,0.47
2026-07-30,Region D,P001,114,118,0.21
2026-07-30,Region D,P002,75,80,1.47
2026-07-30,Region D,P003,114,118,1.3
2026-07-30,Region D,P004,101,103,0.0
2026-07-30,Region D,P005,142,150,1.22
2026-07-30,Region D,P006,151,153,0.76
2026-07-30,Region D,P007,142,145,0.61
2026-07-30,Region D,P008,101,103,0.43
2026-07-30,Region D,P009,83,85,0.07
2026-07-30,Region D,P010,144,150,1.36
2026-07-30,Region D,P011,101,104,0.99
2026-07-30,Region D,P012,102,105,0.78
2026-07-30,Region D,P013,121,123,1.07
2026-07-30,Region D,P014,77,80,0.97
2026-07-30,Region D,P015,95,97,0.7
2026-07-30,Region D,P016,143,146,0.52
2026-07-30,Region D,P017,144,147,0.38
2026-07-30,Region D,P018,81,85,1.29
2026-07-30,Region D,P019,81,86,2.01
2026-07-30,Region D,P020,94,100,2.47
2026-07-30,Region D,P021,144,152,2.53
2026-07-30,Region D,P022,121,126,0.7
2026-07-30,Region D,P023,144,151,0.56
2026-07-30,Region D,P024,139,144,0.93
2026-07-30,Region D,P025,79,81,0.98
2026-07-30,Region D,P026,142,150,1.76
2026-07-30,Region D,P027,151,159,1.23
2026-07-30,Region D,P028,126,134,1.88
2026-07-30,Region D,P029,118,121,0.37
2026-07-30,Region D,P030,143,147,0.42
2026-07-31,Region A,P001,129,132,0.0
2026-07-31,Region A,P002,105,111,0.95
2026-07-31,Region A,P003,83,87,0.82
2026-07-31,Region A,P004,106,111,1.07
2026-07-31,Region A,P005,89,92,1.02
2026-07-31,Region A,P006,141,147,0.51
2026-07-31,Region A,P007,77,81,0.63
2026-07-31,Region A,P008,139,143,0.3
2026-07-31,Region A,P009,115,122,1.57
2026-07-31,Region A,P010,118,120,0.15
2026-07-31,Region A,P011,114,119,0.0
2026-07-31,Region A,P012,134,136,0.0
2026-07-31,Region A,P013,104,106,0.6
2026-07-31,Region A,P014,124,130,1.19
2026-07-31,Region A,P015,77,80,1.1
2026-07-31,Region A,P016,100,107,0.72
2026-07-31,Region A,P017,114,119,0.68
2026-07-31,Region A,P018,121,128,1.06
2026-07-31,Region A,P019,81,86,1.06
2026-07-31,Region A,P020,148,154,0.38
2026-07-31,Region A,P021,97,101,1.05
2026-07-31,Region A,P022,150,158,0.97
2026-07-31,Region A,P023,142,146,1.25
2026-07-31,Region A,P024,98,104,1.28
2026-07-31,Region A,P025,107,114,1.53
2026-07-31,Region A,P026,121,126,0.77
2026-07-31,Region A,P027,131,133,0.7
2026-07-31,Region A,P028,80,82,0.12
2026-07-31,Region A,P029,140,142,0.0
2026-07-31,Region A,P030,148,152,0.07
2026-07-31,Region B,P001,131,135,0.82
2026-07-31,Region B,P002,89,95,1.0
2026-07-31,Region B,P003,77,81,1.43
2026-07-31,Region B,P004,99,103,1.73
2026-07-31,Region B,P005,111,114,0.31
2026-07-31,Region B,P006,129,131,0.0
2026-07-31,Region B,P007,123,127,0.8
2026-07-31,Region B,P008,87,89,0.04
2026-07-31,Region B,P009,153,159,0.0
2026-07-31,Region B,P010,76,81,1.07
2026-07-31,Region B,P011,111,115,0.59
2026-07-31,Region B,P012,148,152,0.37
2026-07-31,Region B,P013,138,143,1.09
2026-07-31,Region B,P014,95,101,1.07
2026-07-31,Region B,P015,96,101,1.61
2026-07-31,Region B,P016,138,143,0.0
2026-07-31,Region B,P017,116,123,1.66
2026-07-31,Region B,P018,109,114,1.21
2026-07-31,Region B,P019,99,103,0.38
2026-07-31,Region B,P020,148,153,0.67
2026-07-31,Region B,P021,124,131,0.34
2026-07-31,Region B,P022,150,155,0.09
2026-07-31,Region B,P023,98,101,0.72
2026-07-31,Region B,P024,141,148,0.82
2026-07-31,Region B,P025,94,98,0.0
2026-07-31,Region B,P026,97,102,1.34
2026-07-31,Region B,P027,113,116,0.72
2026-07-31,Region B,P028,137,142,0.97
2026-07-31,Region B,P029,133,141,0.78
2026-07-31,Region B,P030,82,86,0.64
2026-07-31,Region C,P001,125,132,1.76
2026-07-31,Region C,P002,104,107,1.0
2026-07-31,Region C,P003,93,96,0.0
2026-07-31,Region C,P004,90,92,0.0
2026-07-31,Region C,P005,135,142,0.55
2026-07-31,Region C,P006,132,139,0.94
2026-07-31,Region C,P007,151,157,1.08
2026-07-31,Region C,P008,81,86,1.39
2026-07-31,Region C,P009,116,121,0.7
2026-07-31,Region C,P010,127,131,0.43
2026-07-31,Region C,P011,101,105,0.05
2026-07-31,Region C,P012,95,101,1.22
2026-07-31,Region C,P013,113,119,0.86
2026-07-31,Region C,P014,110,117,1.56
2026-07-31,Region C,P015,132,138,0.0
2026-07-31,Region C,P016,116,123,0.81
2026-07-31,Region C,P017,107,110,0.4
2026-07-31,Region C,P018,98,103,0.74
2026-07-31,Region C,P019,82,85,1.35
2026-07-31,Region C,P020,131,134,0.67
2026-07-31,Region C,P021,90,93,0.03
2026-07-31,Region C,P022,131,137,1.25
2026-07-31,Region C,P023,80,84,0.26
2026-07-31,Region C,P024,143,148,0.0
2026-07-31,Region C,P025,141,149,1.11
2026-07-31,Region C,P026,128,135,1.06
2026-07-31,Region C,P027,128,133,0.77
2026-07-31,Region C,P028,116,119,0.73
2026-07-31,Region C,P029,123,126,0.77
2026-07-31,Region C,P030,136,139,0.0
2026-07-31,Region D,P001,113,118,0.0
2026-07-31,Region D,P002,112,116,1.31
2026-07-31,Region D,P003,109,112,0.0
2026-07-31,Region D,P004,98,100,0.04
2026-07-31,Region D,P005,124,130,1.12
2026-07-31,Region D,P006,117,121,0.17
2026-07-31,Region D,P007,115,118,0.5
2026-07-31,Region D,P008,105,112,1.14
2026-07-31,Region D,P009,100,103,0.8
2026-07-31,Region D,P010,139,145,1.13
2026-07-31,Region D,P011,122,126,0.57
2026-07-31,Region D,P012,126,130,0.19
2026-07-31,Region D,P013,136,140,0.0
2026-07-31,Region D,P014,154,157,0.15
2026-07-31,Region D,P015,82,88,1.27
2026-07-31,Region D,P016,125,131,0.74
2026-07-31,Region D,P017,112,118,1.09
2026-07-31,Region D,P018,97,102,1.48
2026-07-31,Region D,P019,133,141,1.24
2026-07-31,Region D,P020,132,136,0.72
2026-07-31,Region D,P021,139,145,0.9
2026-07-31,Region D,P022,108,113,1.63
2026-07-31,Region D,P023,81,84,0.63
2026-07-31,Region D,P024,124,129,0.55
2026-07-31,Region D,P025,95,101,1.08
2026-07-31,Region D,P026,139,147,1.82
2026-07-31,Region D,P027,84,89,2.33
2026-07-31,Region D,P028,149,154,0.0
2026-07-31,Region D,P029,98,103,0.98
2026-07-31,Region D,P030,137,140,0.0
2026-08-01,Region A,P001,116,132,3.39
2026-08-01,Region A,P002,86,98,3.65
2026-08-01,Region A,P003,134,153,3.0
2026-08-01,Region A,P004,100,114,2.54
2026-08-01,Region A,P005,110,126,1.6
2026-08-01,Region A,P006,87,99,2.91
2026-08-01,Region A,P007,129,147,3.65
2026-08-01,Region A,P008,88,101,3.07
2026-08-01,Region A,P009,93,106,2.38
2026-08-01,Region A,P010,132,150,2.51
2026-08-01,Region A,P011,139,143,0.89
2026-08-01,Region A,P012,152,154,0.0
2026-08-01,Region A,P013,152,155,0.42
2026-08-01,Region A,P014,91,95,0.59
2026-08-01,Region A,P015,131,139,1.24
2026-08-01,Region A,P016,121,126,0.48
2026-08-01,Region A,P017,93,98,1.38
2026-08-01,Region A,P018,132,135,0.25
2026-08-01,Region A,P019,83,85,0.14
2026-08-01,Region A,P020,86,89,1.08
2026-08-01,Region A,P021,133,142,1.78
2026-08-01,Region A,P022,105,107,0.56
2026-08-01,Region A,P023,110,114,0.79
2026-08-01,Region A,P024,110,113,0.84
2026-08-01,Region A,P025,114,116,0.33
2026-08-01,Region A,P026,94,97,0.52
2026-08-01,Region A,P027,125,129,1.42
2026-08-01,Region A,P028,139,142,0.41
2026-08-01,Region A,P029,102,109,1.32
2026-08-01,Region A,P030,97,101,1.06
2026-08-01,Region B,P001,122,125,0.0
2026-08-01,Region B,P002,99,102,1.2
2026-08-01,Region B,P003,100,105,1.31
2026-08-01,Region B,P004,142,146,0.99
2026-08-01,Region B,P005,111,116,0.92
2026-08-01,Region B,P006,119,121,0.0
2026-08-01,Region B,P007,99,103,0.56
2026-08-01,Region B,P008,80,85,1.27
2026-08-01,Region B,P009,114,121,1.57
2026-08-01,Region B,P010,96,101,1.45
2026-08-01,Region B,P011,89,93,0.7
2026-08-01,Region B,P012,78,80,0.01
2026-08-01,Region B,P013,151,154,1.31
2026-08-01,Region B,P014,93,95,0.91
2026-08-01,Region B,P015,104,106,0.79
2026-08-01,Region B,P016,110,112,1.41
2026-08-01,Region B,P017,110,115,1.05
2026-08-01,Region B,P018,133,139,0.8
2026-08-01,Region B,P019,153,158,1.27
2026-08-01,Region B,P020,139,145,0.91
2026-08-01,Region B,P021,82,87,1.58
2026-08-01,Region B,P022,86,92,1.22
2026-08-01,Region B,P023,96,98,1.09
2026-08-01,Region B,P024,142,150,0.6
2026-08-01,Region B,P025,141,149,1.11
2026-08-01,Region B,P026,118,122,0.56
2026-08-01,Region B,P027,138,141,0.72
2026-08-01,Region B,P028,136,140,0.25
2026-08-01,Region B,P029,105,111,1.71
2026-08-01,Region B,P030,102,107,0.94
2026-08-01,Region C,P001,124,126,0.39
2026-08-01,Region C,P002,148,153,0.46
2026-08-01,Region C,P003,123,127,0.17
2026-08-01,Region C,P004,116,120,0.78
2026-08-01,Region C,P005,88,92,1.61
2026-08-01,Region C,P006,127,132,0.77
2026-08-01,Region C,P007,144,146,0.31
2026-08-01,Region C,P008,92,96,1.11
2026-08-01,Region C,P009,135,137,0.0
2026-08-01,Region C,P010,136,142,0.9
2026-08-01,Region C,P011,140,145,1.73
2026-08-01,Region C,P012,118,126,1.33
2026-08-01,Region C,P013,94,97,0.97
2026-08-01,Region C,P014,143,152,1.14
2026-08-01,Region C,P015,117,120,0.92
2026-08-01,Region C,P016,97,102,1.88
2026-08-01,Region C,P017,119,124,0.66
2026-08-01,Region C,P018,99,101,1.35
2026-08-01,Region C,P019,75,80,1.61
2026-08-01,Region C,P020,107,109,0.0
2026-08-01,Region C,P021,115,121,1.35
2026-08-01,Region C,P022,155,158,0.04
2026-08-01,Region C,P023,124,132,2.01
2026-08-01,Region C,P024,153,158,1.88
2026-08-01,Region C,P025,130,138,0.73
2026-08-01,Region C,P026,129,136,0.74
2026-08-01,Region C,P027,153,157,0.0
2026-08-01,Region C,P028,99,102,0.0
2026-08-01,Region C,P029,80,83,1.09
2026-08-01,Region C,P030,121,129,0.04
2026-08-01,Region D,P001,90,95,1.19
2026-08-01,Region D,P002,133,135,0.0
2026-08-01,Region D,P003,93,98,0.78
2026-08-01,Region D,P004,92,96,0.83
2026-08-01,Region D,P005,149,151,0.32
2026-08-01,Region D,P006,147,157,1.8
2026-08-01,Region D,P007,149,154,0.0
2026-08-01,Region D,P008,87,90,0.83
2026-08-01,Region D,P009,86,92,0.99
2026-08-01,Region D,P010,141,145,0.55
2026-08-01,Region D,P011,103,105,0.83
2026-08-01,Region D,P012,125,131,0.92
2026-08-01,Region D,P013,130,134,1.12
2026-08-01,Region D,P014,77,80,0.5
2026-08-01,Region D,P015,89,95,1.39
2026-08-01,Region D,P016,79,82,0.92
2026-08-01,Region D,P017,116,120,1.48
2026-08-01,Region D,P018,130,137,1.14
2026-08-01,Region D,P019,111,113,0.91
2026-08-01,Region D,P020,105,107,0.21
2026-08-01,Region D,P021,136,141,0.1
2026-08-01,Region D,P022,98,104,2.14
2026-08-01,Region D,P023,83,88,1.02
2026-08-01,Region D,P024,110,117,2.06
2026-08-01,Region D,P025,75,80,1.01
2026-08-01,Region D,P026,115,119,0.6
2026-08-01,Region D,P027,114,116,0.57
2026-08-01,Region D,P028,114,116,0.32
2026-08-01,Region D,P029,149,155,1.01
2026-08-01,Region D,P030,80,84,1.55
2026-08-02,Region A,P001,129,147,1.75
2026-08-02,Region A,P002,80,92,2.31
2026-08-02,Region A,P003,71,81,2.13
2026-08-02,Region A,P004,132,150,5.07
2026-08-02,Region A,P005,108,123,2.12
2026-08-02,Region A,P006,94,107,3.46
2026-08-02,Region A,P007,94,107,2.75
2026-08-02,Region A,P008,113,129,2.97
2026-08-02,Region A,P009,105,120,2.7
2026-08-02,Region A,P010,125,143,3.32
2026-08-02,Region A,P011,97,102,1.35
2026-08-02,Region A,P012,121,123,0.41
2026-08-02,Region A,P013,76,81,1.2
2026-08-02,Region A,P014,96,98,0.0
2026-08-02,Region A,P015,147,151,1.15
2026-08-02,Region A,P016,117,120,0.01
2026-08-02,Region A,P017,146,153,0.98
2026-08-02,Region A,P018,120,124,1.92
2026-08-02,Region A,P019,132,138,1.02
2026-08-02,Region A,P020,90,95,1.28
2026-08-02,Region A,P021,111,114,0.46
2026-08-02,Region A,P022,78,82,1.87
2026-08-02,Region A,P023,151,156,0.09
2026-08-02,Region A,P024,135,137,0.0
2026-08-02,Region A,P025,148,152,0.0
2026-08-02,Region A,P026,106,111,1.62
2026-08-02,Region A,P027,85,87,0.19
2026-08-02,Region A,P028,106,109,1.06
2026-08-02,Region A,P029,106,108,0.65
2026-08-02,Region A,P030,94,97,1.02
2026-08-02,Region B,P001,105,111,1.01
2026-08-02,Region B,P002,152,159,1.34
2026-08-02,Region B,P003,84,89,0.17
2026-08-02,Region B,P004,87,93,2.1
2026-08-02,Region B,P005,119,122,0.0
2026-08-02,Region B,P006,101,106,0.84
2026-08-02,Region B,P007,152,156,0.0
2026-08-02,Region B,P008,136,141,1.16
2026-08-02,Region B,P009,79,84,1.54
2026-08-02,Region B,P010,110,115,0.61
2026-08-02,Region B,P011,82,86,0.82
2026-08-02,Region B,P012,114,120,0.61
2026-08-02,Region B,P013,110,112,0.22
2026-08-02,Region B,P014,109,116,1.13
2026-08-02,Region B,P015,137,143,0.86
2026-08-02,Region B,P016,81,83,0.41
2026-08-02,Region B,P017,130,138,0.69
2026-08-02,Region B,P018,107,110,0.33
2026-08-02,Region B,P019,139,146,0.41
2026-08-02,Region B,P020,139,145,0.8
2026-08-02,Region B,P021,115,117,0.3
2026-08-02,Region B,P022,78,80,0.78
2026-08-02,Region B,P023,134,138,0.29
2026-08-02,Region B,P024,83,87,1.23
2026-08-02,Region B,P025,141,148,1.38
2026-08-02,Region B,P026,115,118,1.04
2026-08-02,Region B,P027,126,134,1.07
2026-08-02,Region B,P028,78,82,0.8
2026-08-02,Region B,P029,116,121,0.56
2026-08-02,Region B,P030,99,103,0.55
2026-08-02,Region C,P001,123,128,1.58
2026-08-02,Region C,P002,148,152,0.44
2026-08-02,Region C,P003,94,97,0.54
2026-08-02,Region C,P004,110,117,2.75
2026-08-02,Region C,P005,97,103,1.0
2026-08-02,Region C,P006,130,136,0.77
2026-08-02,Region C,P007,100,105,1.02
2026-08-02,Region C,P008,128,132,0.0
2026-08-02,Region C,P009,144,147,0.0
2026-08-02,Region C,P010,87,91,0.94
2026-08-02,Region C,P011,114,119,1.39
2026-08-02,Region C,P012,148,153,0.05
2026-08-02,Region C,P013,77,80,0.79
2026-08-02,Region C,P014,88,93,1.08
2026-08-02,Region C,P015,81,84,1.5
2026-08-02,Region C,P016,148,157,1.44
2026-08-02,Region C,P017,81,83,0.56
2026-08-02,Region C,P018,130,135,0.84
2026-08-02,Region C,P019,138,142,0.41
2026-08-02,Region C,P020,83,86,0.24
2026-08-02,Region C,P021,114,122,1.4
2026-08-02,Region C,P022,135,138,0.72
2026-08-02,Region C,P023,79,83,1.25
2026-08-02,Region C,P024,128,135,0.77
2026-08-02,Region C,P025,120,125,1.07
2026-08-02,Region C,P026,132,138,0.42
2026-08-02,Region C,P027,140,143,0.32
2026-08-02,Region C,P028,95,100,0.82
2026-08-02,Region C,P029,141,147,1.33
2026-08-02,Region C,P030,128,132,0.8
2026-08-02,Region D,P001,98,100,0.31
2026-08-02,Region D,P002,80,84,1.37
2026-08-02,Region D,P003,112,118,0.3
2026-08-02,Region D,P004,110,116,0.77
2026-08-02,Region D,P005,105,107,1.37
2026-08-02,Region D,P006,136,140,0.38
2026-08-02,Region D,P007,81,87,1.77
2026-08-02,Region D,P008,129,135,0.41
2026-08-02,Region D,P009,134,139,0.17
2026-08-02,Region D,P010,104,106,0.41
2026-08-02,Region D,P011,128,131,0.34
2026-08-02,Region D,P012,95,98,0.88
2026-08-02,Region D,P013,148,157,0.83
2026-08-02,Region D,P014,135,144,1.04
2026-08-02,Region D,P015,87,89,1.37
2026-08-02,Region D,P016,130,135,0.0
2026-08-02,Region D,P017,82,84,0.0
2026-08-02,Region D,P018,150,156,0.18
2026-08-02,Region D,P019,93,98,0.88
2026-08-02,Region D,P020,84,86,1.04
2026-08-02,Region D,P021,116,122,0.72
2026-08-02,Region D,P022,78,83,0.88
2026-08-02,Region D,P023,154,156,0.0
2026-08-02,Region D,P024,94,97,1.12
2026-08-02,Region D,P025,88,92,0.35
2026-08-02,Region D,P026,94,97,0.0
2026-08-02,Region D,P027,88,93,0.89
2026-08-02,Region D,P028,112,117,0.45
2026-08-02,Region D,P029,106,110,1.01
2026-08-02,Region D,P030,126,132,0.99
2026-08-03,Region A,P001,74,85,3.5
2026-08-03,Region A,P002,111,127,3.0
2026-08-03,Region A,P003,104,119,2.76
2026-08-03,Region A,P004,115,131,2.66
2026-08-03,Region A,P005,81,93,2.9
2026-08-03,Region A,P006,102,117,2.89
2026-08-03,Region A,P007,73,83,3.06
2026-08-03,Region A,P008,102,117,3.23
2026-08-03,Region A,P009,136,155,2.94
2026-08-03,Region A,P010,108,123,2.96
2026-08-03,Region A,P011,76,81,2.2
2026-08-03,Region A,P012,92,98,1.94
2026-08-03,Region A,P013,129,135,0.86
2026-08-03,Region A,P014,84,87,1.27
2026-08-03,Region A,P015,131,139,1.9
2026-08-03,Region A,P016,126,135,1.08
2026-08-03,Region A,P017,82,86,0.11
2026-08-03,Region A,P018,147,156,1.17
2026-08-03,Region A,P019,77,81,1.06
2026-08-03,Region A,P020,91,93,0.0
2026-08-03,Region A,P021,141,144,0.42
2026-08-03,Region A,P022,89,92,0.86
2026-08-03,Region A,P023,92,98,0.89
2026-08-03,Region A,P024,95,101,1.2
2026-08-03,Region A,P025,116,119,0.7
2026-08-03,Region A,P026,116,120,1.03
2026-08-03,Region A,P027,81,87,2.38
2026-08-03,Region A,P028,106,108,0.57
2026-08-03,Region A,P029,103,106,0.06
2026-08-03,Region A,P030,102,107,1.07
2026-08-03,Region B,P001,101,108,0.65
2026-08-03,Region B,P002,148,152,0.9
2026-08-03,Region B,P003,131,134,0.0
2026-08-03,Region B,P004,87,89,0.19
2026-08-03,Region B,P005,124,129,0.24
2026-08-03,Region B,P006,110,113,0.55
2026-08-03,Region B,P007,149,156,1.66
2026-08-03,Region B,P008,120,124,0.73
2026-08-03,Region B,P009,117,122,0.59
2026-08-03,Region B,P010,137,141,0.25
2026-08-03,Region B,P011,129,136,1.6
2026-08-03,Region B,P012,99,103,1.07
2026-08-03,Region B,P013,81,84,0.32
2026-08-03,Region B,P014,119,125,1.38
2026-08-03,Region B,P015,99,106,1.28
2026-08-03,Region B,P016,142,147,0.0
2026-08-03,Region B,P017,82,84,1.42
2026-08-03,Region B,P018,132,135,0.0
2026-08-03,Region B,P019,143,150,1.45
2026-08-03,Region B,P020,128,133,0.88
2026-08-03,Region B,P021,122,129,1.38
2026-08-03,Region B,P022,129,134,1.91
2026-08-03,Region B,P023,113,115,0.42
2026-08-03,Region B,P024,144,152,1.0
2026-08-03,Region B,P025,127,130,0.54
2026-08-03,Region B,P026,93,98,0.72
2026-08-03,Region B,P027,97,99,0.62
2026-08-03,Region B,P028,122,126,0.8
2026-08-03,Region B,P029,78,82,1.45
2026-08-03,Region B,P030,80,83,1.61
2026-08-03,Region C,P001,77,80,0.67
2026-08-03,Region C,P002,129,136,1.06
2026-08-03,Region C,P003,147,154,1.35
2026-08-03,Region C,P004,97,100,0.0
2026-08-03,Region C,P005,128,132,0.89
2026-08-03,Region C,P006,155,158,0.0
2026-08-03,Region C,P007,138,141,0.98
2026-08-03,Region C,P008,127,135,2.96
2026-08-03,Region C,P009,130,133,0.28
2026-08-03,Region C,P010,115,123,1.43
2026-08-03,Region C,P011,133,137,0.22
2026-08-03,Region C,P012,138,144,0.36
2026-08-03,Region C,P013,78,82,1.53
2026-08-03,Region C,P014,97,101,0.02
2026-08-03,Region C,P015,132,139,0.95
2026-08-03,Region C,P016,78,83,1.93
2026-08-03,Region C,P017,147,152,0.07
2026-08-03,Region C,P018,99,101,0.22
2026-08-03,Region C,P019,96,101,1.21
2026-08-03,Region C,P020,117,122,0.0
2026-08-03,Region C,P021,141,148,0.69
2026-08-03,Region C,P022,115,119,0.7
2026-08-03,Region C,P023,100,103,1.4
2026-08-03,Region C,P024,146,152,1.09
2026-08-03,Region C,P025,125,131,1.17
2026-08-03,Region C,P026,149,151,0.3
2026-08-03,Region C,P027,129,132,0.38
2026-08-03,Region C,P028,86,92,1.12
2026-08-03,Region C,P029,109,114,0.93
2026-08-03,Region C,P030,90,95,0.67
2026-08-03,Region D,P001,98,103,1.52
2026-08-03,Region D,P002,146,152,0.89
2026-08-03,Region D,P003,141,144,0.6
2026-08-03,Region D,P004,134,137,0.01
2026-08-03,Region D,P005,113,118,0.0
2026-08-03,Region D,P006,105,111,1.53
2026-08-03,Region D,P007,140,143,0.46
2026-08-03,Region D,P008,133,142,1.99
2026-08-03,Region D,P009,77,82,2.08
2026-08-03,Region D,P010,99,101,0.0
2026-08-03,Region D,P011,104,108,0.37
2026-08-03,Region D,P012,118,126,1.28
2026-08-03,Region D,P013,149,155,1.01
2026-08-03,Region D,P014,87,88,0.0
2026-08-03,Region D,P015,122,124,0.13
2026-08-03,Region D,P016,96,100,1.76
2026-08-03,Region D,P017,128,132,0.7
2026-08-03,Region D,P018,120,128,1.45
2026-08-03,Region D,P019,93,99,0.39
2026-08-03,Region D,P020,97,102,1.28
2026-08-03,Region D,P021,96,101,0.81
2026-08-03,Region D,P022,127,131,0.25
2026-08-03,Region D,P023,118,122,0.49
2026-08-03,Region D,P024,140,145,0.52
2026-08-03,Region D,P025,81,85,1.51
2026-08-03,Region D,P026,88,92,1.06
2026-08-03,Region D,P027,110,115,1.08
2026-08-03,Region D,P028,127,134,0.66
2026-08-03,Region D,P029,111,114,0.38
2026-08-03,Region D,P030,77,81,0.8
2026-08-04,Region A,P001,71,81,3.54
2026-08-04,Region A,P002,118,135,2.96
2026-08-04,Region A,P003,71,81,3.27
2026-08-04,Region A,P004,80,91,2.03
2026-08-04,Region A,P005,100,114,3.02
2026-08-04,Region A,P006,130,148,3.4
2026-08-04,Region A,P007,138,157,3.15
2026-08-04,Region A,P008,135,154,3.74
2026-08-04,Region A,P009,118,135,2.95
2026-08-04,Region A,P010,111,127,3.27
2026-08-04,Region A,P011,86,91,1.18
2026-08-04,Region A,P012,136,141,0.4
2026-08-04,Region A,P013,95,100,2.07
2026-08-04,Region A,P014,87,91,1.34
2026-08-04,Region A,P015,109,111,0.0
2026-08-04,Region A,P016,131,135,1.04
2026-08-04,Region A,P017,118,125,0.4
2026-08-04,Region A,P018,155,157,0.0
2026-08-04,Region A,P019,93,96,0.04
2026-08-04,Region A,P020,76,80,1.07
2026-08-04,Region A,P021,155,158,0.13
2026-08-04,Region A,P022,146,152,0.36
2026-08-04,Region A,P023,152,159,1.21
2026-08-04,Region A,P024,111,116,1.63
2026-08-04,Region A,P025,143,151,2.23
2026-08-04,Region A,P026,133,140,1.1
2026-08-04,Region A,P027,134,137,0.0
2026-08-04,Region A,P028,108,113,1.03
2026-08-04,Region A,P029,150,158,1.13
2026-08-04,Region A,P030,119,122,0.37
2026-08-04,Region B,P001,134,141,1.04
2026-08-04,Region B,P002,82,86,1.28
2026-08-04,Region B,P003,121,124,0.0
2026-08-04,Region B,P004,125,131,0.4
2026-08-04,Region B,P005,77,81,0.8
2026-08-04,Region B,P006,143,150,1.17
2026-08-04,Region B,P007,145,149,0.46
2026-08-04,Region B,P008,78,82,1.73
2026-08-04,Region B,P009,79,81,0.0
2026-08-04,Region B,P010,116,120,1.24
2026-08-04,Region B,P011,135,138,0.68
2026-08-04,Region B,P012,78,83,0.94
2026-08-04,Region B,P013,107,112,0.53
2026-08-04,Region B,P014,90,96,2.47
2026-08-04,Region B,P015,118,121,0.91
2026-08-04,Region B,P016,141,145,1.8
2026-08-04,Region B,P017,121,126,0.68
2026-08-04,Region B,P018,79,83,1.8
2026-08-04,Region B,P019,116,122,0.96
2026-08-04,Region B,P020,130,137,1.46
2026-08-04,Region B,P021,123,131,1.6
2026-08-04,Region B,P022,139,144,1.0
2026-08-04,Region B,P023,84,88,0.16
2026-08-04,Region B,P024,137,144,1.13
2026-08-04,Region B,P025,114,118,2.05
2026-08-04,Region B,P026,78,82,0.38
2026-08-04,Region B,P027,145,152,0.38
2026-08-04,Region B,P028,90,96,0.88
2026-08-04,Region B,P029,103,105,0.02
2026-08-04,Region B,P030,105,112,1.25
2026-08-04,Region C,P001,79,83,1.45
2026-08-04,Region C,P002,121,125,1.02
2026-08-04,Region C,P003,111,113,0.0
2026-08-04,Region C,P004,104,109,2.02
2026-08-04,Region C,P005,103,107,0.9
2026-08-04,Region C,P006,95,101,1.28
2026-08-04,Region C,P007,87,91,1.31
2026-08-04,Region C,P008,91,95,1.52
2026-08-04,Region C,P009,147,150,0.77
2026-08-04,Region C,P010,150,156,0.43
2026-08-04,Region C,P011,90,94,0.66
2026-08-04,Region C,P012,94,99,0.96
2026-08-04,Region C,P013,109,114,0.67
2026-08-04,Region C,P014,109,116,1.36
2026-08-04,Region C,P015,100,106,0.84
2026-08-04,Region C,P016,128,135,1.27
2026-08-04,Region C,P017,105,111,0.68
2026-08-04,Region C,P018,130,134,0.0
2026-08-04,Region C,P019,86,91,0.73
2026-08-04,Region C,P020,114,116,1.16
2026-08-04,Region C,P021,125,133,1.21
2026-08-04,Region C,P022,76,80,0.55
2026-08-04,Region C,P023,90,91,0.39
2026-08-04,Region C,P024,116,119,0.56
2026-08-04,Region C,P025,124,130,1.35
2026-08-04,Region C,P026,77,82,1.65
2026-08-04,Region C,P027,124,132,0.69
2026-08-04,Region C,P028,80,82,0.0
2026-08-04,Region C,P029,95,99,2.16
2026-08-04,Region C,P030,120,127,0.07
2026-08-04,Region D,P001,103,107,1.0
2026-08-04,Region D,P002,145,150,0.77
2026-08-04,Region D,P003,122,124,0.04
2026-08-04,Region D,P004,129,133,0.41
2026-08-04,Region D,P005,83,89,1.03
2026-08-04,Region D,P006,89,91,0.0
2026-08-04,Region D,P007,115,120,1.68
2026-08-04,Region D,P008,136,139,0.45
2026-08-04,Region D,P009,109,116,1.02
2026-08-04,Region D,P010,99,103,0.97
2026-08-04,Region D,P011,90,93,0.74
2026-08-04,Region D,P012,106,113,1.12
2026-08-04,Region D,P013,84,88,0.0
2026-08-04,Region D,P014,119,125,1.81
2026-08-04,Region D,P015,98,100,0.32
2026-08-04,Region D,P016,123,126,1.03
2026-08-04,Region D,P017,127,134,0.97
2026-08-04,Region D,P018,115,120,0.17
2026-08-04,Region D,P019,121,123,0.41
2026-08-04,Region D,P020,118,121,0.95
2026-08-04,Region D,P021,145,154,1.39
2026-08-04,Region D,P022,104,110,0.97
2026-08-04,Region D,P023,91,94,0.27
2026-08-04,Region D,P024,78,83,1.23
2026-08-04,Region D,P025,133,139,0.09
2026-08-04,Region D,P026,122,129,0.83
2026-08-04,Region D,P027,87,92,1.28
2026-08-04,Region D,P028,129,135,1.07
2026-08-04,Region D,P029,125,130,0.35
2026-08-04,Region D,P030,137,146,0.86
2026-08-05,Region A,P001,126,144,2.8
2026-08-05,Region A,P002,120,137,3.16
2026-08-05,Region A,P003,108,123,2.68
2026-08-05,Region A,P004,126,144,2.62
2026-08-05,Region A,P005,111,127,3.23
2026-08-05,Region A,P006,134,153,2.76
2026-08-05,Region A,P007,86,98,2.38
2026-08-05,Region A,P008,139,159,2.95
2026-08-05,Region A,P009,121,138,2.98
2026-08-05,Region A,P010,135,154,2.7
2026-08-05,Region A,P011,118,124,1.29
2026-08-05,Region A,P012,96,99,0.46
2026-08-05,Region A,P013,103,109,0.49
2026-08-05,Region A,P014,133,138,0.83
2026-08-05,Region A,P015,91,96,1.2
2026-08-05,Region A,P016,99,104,1.66
2026-08-05,Region A,P017,151,156,0.7
2026-08-05,Region A,P018,84,89,1.71
2026-08-05,Region A,P019,125,128,0.12
2026-08-05,Region A,P020,91,97,0.73
2026-08-05,Region A,P021,139,147,0.99
2026-08-05,Region A,P022,88,90,1.35
2026-08-05,Region A,P023,150,152,0.0
2026-08-05,Region A,P024,118,121,0.11
2026-08-05,Region A,P025,124,129,0.91
2026-08-05,Region A,P026,111,118,1.4
2026-08-05,Region A,P027,86,89,0.83
2026-08-05,Region A,P028,135,143,1.04
2026-08-05,Region A,P029,114,116,0.0
2026-08-05,Region A,P030,150,158,1.17
2026-08-05,Region B,P001,146,152,0.25
2026-08-05,Region B,P002,86,91,0.55
2026-08-05,Region B,P003,145,150,0.74
2026-08-05,Region B,P004,101,103,1.02
2026-08-05,Region B,P005,141,148,0.58
2026-08-05,Region B,P006,80,82,0.75
2026-08-05,Region B,P007,129,132,0.8
2026-08-05,Region B,P008,78,80,0.0
2026-08-05,Region B,P009,154,158,1.45
2026-08-05,Region B,P010,97,102,1.28
2026-08-05,Region B,P011,112,118,1.27
2026-08-05,Region B,P012,100,106,0.9
2026-08-05,Region B,P013,137,143,1.27
2026-08-05,Region B,P014,142,148,1.7
2026-08-05,Region B,P015,87,89,0.0
2026-08-05,Region B,P016,76,81,1.87
2026-08-05,Region B,P017,91,93,0.82
2026-08-05,Region B,P018,153,159,0.66
2026-08-05,Region B,P019,108,112,0.96
2026-08-05,Region B,P020,140,148,1.91
2026-08-05,Region B,P021,118,126,1.59
2026-08-05,Region B,P022,95,101,0.68
2026-08-05,Region B,P023,110,114,0.66
2026-08-05,Region B,P024,123,130,1.3
2026-08-05,Region B,P025,83,87,1.1
2026-08-05,Region B,P026,89,91,0.0
2026-08-05,Region B,P027,134,142,1.4
2026-08-05,Region B,P028,130,133,0.0
2026-08-05,Region B,P029,149,152,0.31
2026-08-05,Region B,P030,130,133,0.52
2026-08-05,Region C,P001,119,125,1.57
2026-08-05,Region C,P002,121,125,0.0
2026-08-05,Region C,P003,131,134,1.21
2026-08-05,Region C,P004,127,132,0.42
2026-08-05,Region C,P005,81,86,1.0
2026-08-05,Region C,P006,130,138,0.7
2026-08-05,Region C,P007,101,104,0.87
2026-08-05,Region C,P008,87,90,1.03
2026-08-05,Region C,P009,109,112,1.31
2026-08-05,Region C,P010,131,137,1.12
2026-08-05,Region C,P011,145,148,0.65
2026-08-05,Region C,P012,132,139,1.0
2026-08-05,Region C,P013,100,103,0.83
2026-08-05,Region C,P014,109,115,0.95
2026-08-05,Region C,P015,126,133,0.68
2026-08-05,Region C,P016,120,124,0.71
2026-08-05,Region C,P017,134,141,1.32
2026-08-05,Region C,P018,136,145,2.34
2026-08-05,Region C,P019,112,116,1.19
2026-08-05,Region C,P020,108,115,1.14
2026-08-05,Region C,P021,123,130,1.69
2026-08-05,Region C,P022,104,107,1.09
2026-08-05,Region C,P023,110,117,1.62
2026-08-05,Region C,P024,105,112,1.51
2026-08-05,Region C,P025,89,92,0.03
2026-08-05,Region C,P026,109,116,1.87
2026-08-05,Region C,P027,152,159,0.65
2026-08-05,Region C,P028,83,88,1.31
2026-08-05,Region C,P029,94,96,0.0
2026-08-05,Region C,P030,90,92,0.65
2026-08-05,Region D,P001,139,145,0.92
2026-08-05,Region D,P002,105,111,2.36
2026-08-05,Region D,P003,117,123,0.95
2026-08-05,Region D,P004,94,98,0.56
2026-08-05,Region D,P005,105,111,0.83
2026-08-05,Region D,P006,114,118,0.93
2026-08-05,Region D,P007,136,144,1.44
2026-08-05,Region D,P008,93,96,1.21
2026-08-05,Region D,P009,112,115,0.96
2026-08-05,Region D,P010,152,156,0.37
2026-08-05,Region D,P011,94,97,0.28
2026-08-05,Region D,P012,143,147,1.25
2026-08-05,Region D,P013,125,129,0.65
2026-08-05,Region D,P014,123,125,0.0
2026-08-05,Region D,P015,108,115,0.37
2026-08-05,Region D,P016,96,99,0.87
2026-08-05,Region D,P017,105,110,1.32
2026-08-05,Region D,P018,87,93,0.91
2026-08-05,Region D,P019,143,146,0.48
2026-08-05,Region D,P020,118,126,1.51
2026-08-05,Region D,P021,117,123,1.74
2026-08-05,Region D,P022,129,136,1.26
2026-08-05,Region D,P023,123,125,0.72
2026-08-05,Region D,P024,110,114,0.88
2026-08-05,Region D,P025,90,91,0.02
2026-08-05,Region D,P026,123,129,0.91
2026-08-05,Region D,P027,150,154,0.3
2026-08-05,Region D,P028,82,85,1.37
2026-08-05,Region D,P029,88,90,0.55
2026-08-05,Region D,P030,108,113,0.84
2026-08-06,Region A,P001,80,92,2.75
2026-08-06,Region A,P002,117,133,3.25
2026-08-06,Region A,P003,118,135,2.95
2026-08-06,Region A,P004,139,158,2.88
2026-08-06,Region A,P005,103,118,2.66
2026-08-06,Region A,P006,139,158,2.36
2026-08-06,Region A,P007,105,120,3.08
2026-08-06,Region A,P008,137,156,2.03
2026-08-06,Region A,P009,74,85,3.56
2026-08-06,Region A,P010,100,114,2.84
2026-08-06,Region A,P011,136,141,0.27
2026-08-06,Region A,P012,118,122,0.11
2026-08-06,Region A,P013,98,102,0.0
2026-08-06,Region A,P014,113,115,0.46
2026-08-06,Region A,P015,104,106,0.0
2026-08-06,Region A,P016,153,159,0.89
2026-08-06,Region A,P017,92,97,1.53
2026-08-06,Region A,P018,99,106,1.38
2026-08-06,Region A,P019,80,82,0.82
2026-08-06,Region A,P020,99,101,0.0
2026-08-06,Region A,P021,99,104,0.99
2026-08-06,Region A,P022,128,135,1.58
2026-08-06,Region A,P023,115,121,2.07
2026-08-06,Region A,P024,83,87,0.24
2026-08-06,Region A,P025,139,146,0.41
2026-08-06,Region A,P026,144,146,0.0
2026-08-06,Region A,P027,124,130,1.69
2026-08-06,Region A,P028,88,90,0.0
2026-08-06,Region A,P029,118,123,1.52
2026-08-06,Region A,P030,107,111,1.28
2026-08-06,Region B,P001,111,113,0.0
2026-08-06,Region B,P002,102,106,1.86
2026-08-06,Region B,P003,80,84,1.06
2026-08-06,Region B,P004,111,113,0.64
2026-08-06,Region B,P005,152,155,0.63
2026-08-06,Region B,P006,110,112,0.0
2026-08-06,Region B,P007,84,89,0.04
2026-08-06,Region B,P008,87,89,0.8
2026-08-06,Region B,P009,137,139,0.66
2026-08-06,Region B,P010,130,138,0.81
2026-08-06,Region B,P011,149,158,0.96
2026-08-06,Region B,P012,76,80,1.25
2026-08-06,Region B,P013,96,101,1.59
2026-08-06,Region B,P014,97,102,2.57
2026-08-06,Region B,P015,85,90,0.78
2026-08-06,Region B,P016,151,155,0.56
2026-08-06,Region B,P017,156,159,0.65
2026-08-06,Region B,P018,85,88,0.83
2026-08-06,Region B,P019,111,117,1.37
2026-08-06,Region B,P020,143,147,0.49
2026-08-06,Region B,P021,120,126,0.31
2026-08-06,Region B,P022,126,128,0.44
2026-08-06,Region B,P023,103,110,1.01
2026-08-06,Region B,P024,89,93,1.26
2026-08-06,Region B,P025,133,140,1.01
2026-08-06,Region B,P026,102,108,0.86
2026-08-06,Region B,P027,114,117,1.64
2026-08-06,Region B,P028,90,95,2.19
2026-08-06,Region B,P029,112,117,0.99
2026-08-06,Region B,P030,113,117,0.24
2026-08-06,Region C,P001,95,99,2.16
2026-08-06,Region C,P002,118,126,1.67
2026-08-06,Region C,P003,127,132,0.74
2026-08-06,Region C,P004,94,100,1.02
2026-08-06,Region C,P005,149,158,0.98
2026-08-06,Region C,P006,145,152,1.07
2026-08-06,Region C,P007,134,139,0.46
2026-08-06,Region C,P008,78,83,1.69
2026-08-06,Region C,P009,149,159,2.12
2026-08-06,Region C,P010,106,111,1.39
2026-08-06,Region C,P011,135,140,1.76
2026-08-06,Region C,P012,137,140,0.81
2026-08-06,Region C,P013,85,88,0.05
2026-08-06,Region C,P014,149,157,2.12
2026-08-06,Region C,P015,95,98,0.7
2026-08-06,Region C,P016,100,102,0.0
2026-08-06,Region C,P017,114,120,1.02
2026-08-06,Region C,P018,116,121,0.96
2026-08-06,Region C,P019,90,93,0.59
2026-08-06,Region C,P020,103,109,1.49
2026-08-06,Region C,P021,94,96,0.27
2026-08-06,Region C,P022,137,145,1.54
2026-08-06,Region C,P023,85,89,0.78
2026-08-06,Region C,P024,106,109,1.39
2026-08-06,Region C,P025,92,97,0.45
2026-08-06,Region C,P026,126,133,0.7
2026-08-06,Region C,P027,83,85,1.25
2026-08-06,Region C,P028,149,151,0.33
2026-08-06,Region C,P029,90,92,0.81
2026-08-06,Region C,P030,134,137,0.0
2026-08-06,Region D,P001,84,89,1.23
2026-08-06,Region D,P002,151,155,1.53
2026-08-06,Region D,P003,142,147,1.55
2026-08-06,Region D,P004,122,130,1.54
2026-08-06,Region D,P005,85,90,1.64
2026-08-06,Region D,P006,148,154,1.1
2026-08-06,Region D,P007,107,114,1.71
2026-08-06,Region D,P008,117,122,1.68
2026-08-06,Region D,P009,144,149,0.0
2026-08-06,Region D,P010,111,117,2.08
2026-08-06,Region D,P011,127,134,0.54
2026-08-06,Region D,P012,149,153,0.78
2026-08-06,Region D,P013,95,101,1.44
2026-08-06,Region D,P014,84,86,0.99
2026-08-06,Region D,P015,118,125,1.12
2026-08-06,Region D,P016,148,156,1.58
2026-08-06,Region D,P017,94,99,1.9
2026-08-06,Region D,P018,146,149,0.68
2026-08-06,Region D,P019,75,80,1.84
2026-08-06,Region D,P020,131,139,1.66
2026-08-06,Region D,P021,88,90,0.0
2026-08-06,Region D,P022,106,112,1.1
2026-08-06,Region D,P023,126,128,0.47
2026-08-06,Region D,P024,94,98,0.85
2026-08-06,Region D,P025,133,142,0.34
2026-08-06,Region D,P026,108,115,1.52
2026-08-06,Region D,P027,130,137,1.68
2026-08-06,Region D,P028,108,113,1.34
2026-08-06,Region D,P029,90,94,0.33
2026-08-06,Region D,P030,108,114,1.85
2026-08-07,Region A,P001,72,82,3.29
2026-08-07,Region A,P002,97,111,2.79
2026-08-07,Region A,P003,80,92,3.2
2026-08-07,Region A,P004,136,155,2.12
2026-08-07,Region A,P005,137,156,3.73
2026-08-07,Region A,P006,78,89,3.8
2026-08-07,Region A,P007,90,103,2.62
2026-08-07,Region A,P008,94,107,3.46
2026-08-07,Region A,P009,73,84,2.61
2026-08-07,Region A,P010,107,122,3.17
2026-08-07,Region A,P011,120,127,1.7
2026-08-07,Region A,P012,111,114,0.25
2026-08-07,Region A,P013,136,142,0.15
2026-08-07,Region A,P014,134,142,0.92
2026-08-07,Region A,P015,89,91,0.0
2026-08-07,Region A,P016,92,95,1.0
2026-08-07,Region A,P017,102,107,1.3
2026-08-07,Region A,P018,135,142,1.19
2026-08-07,Region A,P019,123,131,1.46
2026-08-07,Region A,P020,119,122,0.61
2026-08-07,Region A,P021,116,124,2.63
2026-08-07,Region A,P022,89,94,0.53
2026-08-07,Region A,P023,129,132,0.94
2026-08-07,Region A,P024,76,81,1.63
2026-08-07,Region A,P025,96,100,1.19
2026-08-07,Region A,P026,147,153,1.11
2026-08-07,Region A,P027,132,138,1.42
2026-08-07,Region A,P028,147,152,1.09
2026-08-07,Region A,P029,94,99,1.27
2026-08-07,Region A,P030,147,149,0.0
2026-08-07,Region B,P001,98,100,0.21
2026-08-07,Region B,P002,107,112,0.52
2026-08-07,Region B,P003,90,92,0.0
2026-08-07,Region B,P004,137,144,1.07
2026-08-07,Region B,P005,141,144,0.0
2026-08-07,Region B,P006,116,118,1.0
2026-08-07,Region B,P007,135,142,1.88
2026-08-07,Region B,P008,105,108,0.45
2026-08-07,Region B,P009,150,153,0.31
2026-08-07,Region B,P010,93,98,1.03
2026-08-07,Region B,P011,139,146,1.26
2026-08-07,Region B,P012,139,148,1.74
2026-08-07,Region B,P013,105,111,1.05
2026-08-07,Region B,P014,91,95,1.33
2026-08-07,Region B,P015,86,88,0.68
2026-08-07,Region B,P016,128,133,0.75
2026-08-07,Region B,P017,131,138,0.92
2026-08-07,Region B,P018,96,100,1.25
2026-08-07,Region B,P019,118,123,1.42
2026-08-07,Region B,P020,86,89,0.96
2026-08-07,Region B,P021,148,155,1.13
2026-08-07,Region B,P022,93,95,1.3
2026-08-07,Region B,P023,100,107,1.39
2026-08-07,Region B,P024,126,131,0.08
2026-08-07,Region B,P025,82,84,0.25
2026-08-07,Region B,P026,110,112,0.0
2026-08-07,Region B,P027,101,105,0.77
2026-08-07,Region B,P028,111,115,0.98
2026-08-07,Region B,P029,101,103,0.56
2026-08-07,Region B,P030,102,104,0.0
2026-08-07,Region C,P001,79,82,0.4
2026-08-07,Region C,P002,113,119,0.61
2026-08-07,Region C,P003,140,147,1.62
2026-08-07,Region C,P004,147,150,0.6
2026-08-07,Region C,P005,106,109,0.15
2026-08-07,Region C,P006,151,158,1.08
2026-08-07,Region C,P007,85,88,0.85
2026-08-07,Region C,P008,151,156,0.88
2026-08-07,Region C,P009,121,126,1.66
2026-08-07,Region C,P010,139,147,0.82
2026-08-07,Region C,P011,97,100,0.36
2026-08-07,Region C,P012,100,103,0.79
2026-08-07,Region C,P013,87,89,0.0
2026-08-07,Region C,P014,126,130,0.79
2026-08-07,Region C,P015,93,98,0.7
2026-08-07,Region C,P016,88,91,0.76
2026-08-07,Region C,P017,121,129,1.35
2026-08-07,Region C,P018,146,150,0.0
2026-08-07,Region C,P019,122,129,1.11
2026-08-07,Region C,P020,115,118,0.0
2026-08-07,Region C,P021,139,145,0.23
2026-08-07,Region C,P022,148,151,0.16
2026-08-07,Region C,P023,84,90,1.98
2026-08-07,Region C,P024,85,90,0.76
2026-08-07,Region C,P025,84,89,2.04
2026-08-07,Region C,P026,148,152,0.29
2026-08-07,Region C,P027,141,148,0.34
2026-08-07,Region C,P028,80,83,0.49
2026-08-07,Region C,P029,154,157,0.63
2026-08-07,Region C,P030,154,159,0.31
2026-08-07,Region D,P001,141,149,1.0
2026-08-07,Region D,P002,125,133,1.1
2026-08-07,Region D,P003,148,154,0.52
2026-08-07,Region D,P004,86,88,0.5
2026-08-07,Region D,P005,138,145,1.41
2026-08-07,Region D,P006,146,150,0.0
2026-08-07,Region D,P007,113,115,0.51
2026-08-07,Region D,P008,122,125,0.28
2026-08-07,Region D,P009,106,109,0.58
2026-08-07,Region D,P010,135,144,1.92
2026-08-07,Region D,P011,90,94,1.0
2026-08-07,Region D,P012,125,128,0.12
2026-08-07,Region D,P013,142,149,0.85
2026-08-07,Region D,P014,140,148,1.21
2026-08-07,Region D,P015,82,85,0.0
2026-08-07,Region D,P016,144,149,0.38
2026-08-07,Region D,P017,156,158,0.77
2026-08-07,Region D,P018,104,110,1.13
2026-08-07,Region D,P019,140,143,0.91
2026-08-07,Region D,P020,112,115,1.01
2026-08-07,Region D,P021,79,84,0.91
2026-08-07,Region D,P022,120,123,0.72
2026-08-07,Region D,P023,143,148,1.66
2026-08-07,Region D,P024,88,94,0.96
2026-08-07,Region D,P025,145,154,0.98
2026-08-07,Region D,P026,75,80,1.42
2026-08-07,Region D,P027,119,122,1.45
2026-08-07,Region D,P028,149,152,0.11
2026-08-07,Region D,P029,153,156,0.36
2026-08-07,Region D,P030,97,101,0.58
2026-08-08,Region A,P001,119,136,2.83
2026-08-08,Region A,P002,107,122,3.26
2026-08-08,Region A,P003,97,111,2.82
2026-08-08,Region A,P004,119,136,2.5
2026-08-08,Region A,P005,115,131,3.11
2026-08-08,Region A,P006,91,104,3.01
2026-08-08,Region A,P007,96,110,3.33
2026-08-08,Region A,P008,117,133,3.22
2026-08-08,Region A,P009,132,151,2.56
2026-08-08,Region A,P010,80,91,2.75
2026-08-08,Region A,P011,152,155,0.24
2026-08-08,Region A,P012,146,155,1.41
2026-08-08,Region A,P013,142,144,0.16
2026-08-08,Region A,P014,147,157,2.38
2026-08-08,Region A,P015,107,112,0.86
2026-08-08,Region A,P016,127,132,1.2
2026-08-08,Region A,P017,88,93,2.24
2026-08-08,Region A,P018,127,135,2.06
2026-08-08,Region A,P019,77,82,1.35
2026-08-08,Region A,P020,145,149,0.63
2026-08-08,Region A,P021,134,140,1.76
2026-08-08,Region A,P022,152,158,1.26
2026-08-08,Region A,P023,90,92,0.0
2026-08-08,Region A,P024,135,141,1.24
2026-08-08,Region A,P025,81,84,0.02
2026-08-08,Region A,P026,150,154,0.47
2026-08-08,Region A,P027,109,114,2.03
2026-08-08,Region A,P028,129,137,1.68
2026-08-08,Region A,P029,95,97,0.17
2026-08-08,Region A,P030,120,124,0.41
2026-08-08,Region B,P001,101,103,0.38
2026-08-08,Region B,P002,142,151,0.92
2026-08-08,Region B,P003,83,89,0.63
2026-08-08,Region B,P004,117,122,0.78
2026-08-08,Region B,P005,139,143,0.53
2026-08-08,Region B,P006,134,142,0.71
2026-08-08,Region B,P007,134,142,1.81
2026-08-08,Region B,P008,114,117,0.42
2026-08-08,Region B,P009,121,125,0.7
2026-08-08,Region B,P010,114,120,0.58
2026-08-08,Region B,P011,141,147,0.63
2026-08-08,Region B,P012,80,83,0.56
2026-08-08,Region B,P013,95,97,0.41
2026-08-08,Region B,P014,105,111,0.51
2026-08-08,Region B,P015,123,131,0.84
2026-08-08,Region B,P016,101,106,1.31
2026-08-08,Region B,P017,86,90,0.5
2026-08-08,Region B,P018,143,149,1.3
2026-08-08,Region B,P019,88,92,1.23
2026-08-08,Region B,P020,133,137,0.57
2026-08-08,Region B,P021,83,87,0.27
2026-08-08,Region B,P022,100,106,0.4
2026-08-08,Region B,P023,91,93,0.75
2026-08-08,Region B,P024,106,110,1.17
2026-08-08,Region B,P025,128,133,0.63
2026-08-08,Region B,P026,144,151,0.7
2026-08-08,Region B,P027,137,143,0.43
2026-08-08,Region B,P028,90,94,0.33
2026-08-08,Region B,P029,139,145,1.25
2026-08-08,Region B,P030,82,87,1.22
2026-08-08,Region C,P001,138,144,1.29
2026-08-08,Region C,P002,140,148,1.0
2026-08-08,Region C,P003,132,137,1.82
2026-08-08,Region C,P004,117,121,0.0
2026-08-08,Region C,P005,106,108,0.02
2026-08-08,Region C,P006,80,83,0.0
2026-08-08,Region C,P007,146,151,0.78
2026-08-08,Region C,P008,144,147,1.42
2026-08-08,Region C,P009,93,99,1.68
2026-08-08,Region C,P010,142,148,0.6
2026-08-08,Region C,P011,125,128,0.45
2026-08-08,Region C,P012,92,97,0.79
2026-08-08,Region C,P013,111,117,1.69
2026-08-08,Region C,P014,140,148,0.9
2026-08-08,Region C,P015,149,151,0.18
2026-08-08,Region C,P016,135,138,0.35
2026-08-08,Region C,P017,102,104,0.5
2026-08-08,Region C,P018,88,93,0.16
2026-08-08,Region C,P019,146,153,0.58
2026-08-08,Region C,P020,105,109,1.25
2026-08-08,Region C,P021,91,97,1.3
2026-08-08,Region C,P022,112,115,0.61
2026-08-08,Region C,P023,149,157,0.78
2026-08-08,Region C,P024,86,90,0.16
2026-08-08,Region C,P025,120,126,1.47
2026-08-08,Region C,P026,140,148,1.45
2026-08-08,Region C,P027,141,146,0.65
2026-08-08,Region C,P028,145,147,0.46
2026-08-08,Region C,P029,143,147,0.57
2026-08-08,Region C,P030,129,132,0.16
2026-08-08,Region D,P001,130,138,1.49
2026-08-08,Region D,P002,131,138,0.93
2026-08-08,Region D,P003,138,143,0.72
2026-08-08,Region D,P004,97,102,1.2
2026-08-08,Region D,P005,113,120,2.58
2026-08-08,Region D,P006,111,115,1.55
2026-08-08,Region D,P007,123,128,0.49
2026-08-08,Region D,P008,133,135,0.73
2026-08-08,Region D,P009,141,149,0.88
2026-08-08,Region D,P010,108,111,0.89
2026-08-08,Region D,P011,109,116,0.8
2026-08-08,Region D,P012,84,89,1.05
2026-08-08,Region D,P013,143,150,1.28
2026-08-08,Region D,P014,100,104,1.23
2026-08-08,Region D,P015,92,95,0.0
2026-08-08,Region D,P016,89,93,0.77
2026-08-08,Region D,P017,103,108,0.73
2026-08-08,Region D,P018,116,119,0.71
2026-08-08,Region D,P019,95,100,0.0
2026-08-08,Region D,P020,146,149,1.04
2026-08-08,Region D,P021,91,97,0.74
2026-08-08,Region D,P022,105,107,0.36
2026-08-08,Region D,P023,118,120,0.98
2026-08-08,Region D,P024,137,143,1.88
2026-08-08,Region D,P025,135,142,1.32
2026-08-08,Region D,P026,121,129,1.2
2026-08-08,Region D,P027,146,154,1.3
2026-08-08,Region D,P028,81,83,0.44
2026-08-08,Region D,P029,76,80,1.58
2026-08-08,Region D,P030,128,135,1.64
2026-08-09,Region A,P001,132,150,2.85
2026-08-09,Region A,P002,78,89,2.93
2026-08-09,Region A,P003,115,131,2.69
2026-08-09,Region A,P004,84,96,3.06
2026-08-09,Region A,P005,80,91,2.18
2026-08-09,Region A,P006,131,149,2.78
2026-08-09,Region A,P007,120,137,3.06
2026-08-09,Region A,P008,80,91,2.83
2026-08-09,Region A,P009,110,125,1.94
2026-08-09,Region A,P010,87,99,3.19
2026-08-09,Region A,P011,143,145,0.57
2026-08-09,Region A,P012,101,106,0.24
2026-08-09,Region A,P013,121,125,1.17
2026-08-09,Region A,P014,115,122,1.67
2026-08-09,Region A,P015,87,91,0.0
2026-08-09,Region A,P016,93,97,1.33
2026-08-09,Region A,P017,81,86,0.03
2026-08-09,Region A,P018,131,139,1.39
2026-08-09,Region A,P019,129,136,1.74
2026-08-09,Region A,P020,129,133,0.9
2026-08-09,Region A,P021,78,82,1.13
2026-08-09,Region A,P022,129,132,0.44
2026-08-09,Region A,P023,112,116,0.81
2026-08-09,Region A,P024,147,149,0.0
2026-08-09,Region A,P025,115,119,0.6
2026-08-09,Region A,P026,150,156,1.1
2026-08-09,Region A,P027,83,88,2.18
2026-08-09,Region A,P028,132,134,0.3
2026-08-09,Region A,P029,115,118,0.39
2026-08-09,Region A,P030,80,84,0.99
2026-08-09,Region B,P001,148,158,1.5
2026-08-09,Region B,P002,104,108,1.27
2026-08-09,Region B,P003,85,87,0.44
2026-08-09,Region B,P004,118,121,0.0
2026-08-09,Region B,P005,139,147,1.23
2026-08-09,Region B,P006,123,125,0.53
2026-08-09,Region B,P007,128,131,0.27
2026-08-09,Region B,P008,138,143,1.02
2026-08-09,Region B,P009,126,131,0.45
2026-08-09,Region B,P010,108,111,0.7
2026-08-09,Region B,P011,100,102,0.43
2026-08-09,Region B,P012,121,128,1.3
2026-08-09,Region B,P013,108,110,0.48
2026-08-09,Region B,P014,140,148,1.07
2026-08-09,Region B,P015,108,111,0.39
2026-08-09,Region B,P016,84,88,1.39
2026-08-09,Region B,P017,146,154,2.01
2026-08-09,Region B,P018,133,137,0.24
2026-08-09,Region B,P019,92,95,1.05
2026-08-09,Region B,P020,108,115,1.34
2026-08-09,Region B,P021,116,121,1.06
2026-08-09,Region B,P022,148,152,0.85
2026-08-09,Region B,P023,137,139,0.0
2026-08-09,Region B,P024,98,101,0.09
2026-08-09,Region B,P025,105,110,0.0
2026-08-09,Region B,P026,90,91,0.62
2026-08-09,Region B,P027,106,110,0.42
2026-08-09,Region B,P028,75,80,1.06
2026-08-09,Region B,P029,97,101,0.0
2026-08-09,Region B,P030,94,97,0.13
2026-08-09,Region C,P001,123,129,1.13
2026-08-09,Region C,P002,108,111,0.65
2026-08-09,Region C,P003,130,135,1.39
2026-08-09,Region C,P004,132,138,1.1
2026-08-09,Region C,P005,109,114,1.31
2026-08-09,Region C,P006,89,93,1.27
2026-08-09,Region C,P007,113,117,0.75
2026-08-09,Region C,P008,116,123,1.1
2026-08-09,Region C,P009,147,149,0.0
2026-08-09,Region C,P010,125,129,0.34
2026-08-09,Region C,P011,86,90,0.5
2026-08-09,Region C,P012,93,97,0.56
2026-08-09,Region C,P013,90,96,1.94
2026-08-09,Region C,P014,90,96,1.21
2026-08-09,Region C,P015,118,125,1.53
2026-08-09,Region C,P016,79,81,0.52
2026-08-09,Region C,P017,85,89,0.91
2026-08-09,Region C,P018,90,92,0.0
2026-08-09,Region C,P019,153,158,0.64
2026-08-09,Region C,P020,91,95,0.64
2026-08-09,Region C,P021,135,139,0.45
2026-08-09,Region C,P022,131,135,1.72
2026-08-09,Region C,P023,100,102,0.0
2026-08-09,Region C,P024,113,116,0.19
2026-08-09,Region C,P025,155,157,1.34
2026-08-09,Region C,P026,80,84,0.5
2026-08-09,Region C,P027,144,147,0.66
2026-08-09,Region C,P028,75,80,1.4
2026-08-09,Region C,P029,147,156,1.26
2026-08-09,Region C,P030,113,117,0.81
2026-08-09,Region D,P001,130,134,0.41
2026-08-09,Region D,P002,142,147,0.83
2026-08-09,Region D,P003,115,117,0.33
2026-08-09,Region D,P004,93,95,0.75
2026-08-09,Region D,P005,135,138,0.67
2026-08-09,Region D,P006,85,89,0.69
2026-08-09,Region D,P007,81,83,0.0
2026-08-09,Region D,P008,112,114,0.57
2026-08-09,Region D,P009,84,86,1.02
2026-08-09,Region D,P010,127,131,0.49
2026-08-09,Region D,P011,110,113,0.0
2026-08-09,Region D,P012,131,135,0.49
2026-08-09,Region D,P013,155,157,0.16
2026-08-09,Region D,P014,109,114,0.71
2026-08-09,Region D,P015,115,119,0.79
2026-08-09,Region D,P016,79,83,0.74
2026-08-09,Region D,P017,137,141,0.0
2026-08-09,Region D,P018,101,108,1.2
2026-08-09,Region D,P019,115,120,0.79
2026-08-09,Region D,P020,81,84,1.21
2026-08-09,Region D,P021,146,150,0.0
2026-08-09,Region D,P022,108,110,0.32
2026-08-09,Region D,P023,139,143,1.64
2026-08-09,Region D,P024,89,91,0.0
2026-08-09,Region D,P025,111,113,0.32
2026-08-09,Region D,P026,82,86,0.0
2026-08-09,Region D,P027,77,80,0.5
2026-08-09,Region D,P028,78,82,0.42
2026-08-09,Region D,P029,145,154,0.59
2026-08-09,Region D,P030,140,149,2.57
2026-08-10,Region A,P001,128,146,2.68
2026-08-10,Region A,P002,130,148,3.09
2026-08-10,Region A,P003,80,92,2.78
2026-08-10,Region A,P004,83,95,2.39
2026-08-10,Region A,P005,94,107,3.5
2026-08-10,Region A,P006,105,120,2.45
2026-08-10,Region A,P007,85,97,3.79
2026-08-10,Region A,P008,101,115,2.55
2026-08-10,Region A,P009,102,116,3.11
2026-08-10,Region A,P010,139,159,2.99
2026-08-10,Region A,P011,149,157,2.25
2026-08-10,Region A,P012,83,88,2.0
2026-08-10,Region A,P013,150,153,0.44
2026-08-10,Region A,P014,78,82,1.14
2026-08-10,Region A,P015,112,116,0.41
2026-08-10,Region A,P016,144,150,0.39
2026-08-10,Region A,P017,137,144,2.63
2026-08-10,Region A,P018,81,83,0.0
2026-08-10,Region A,P019,87,89,0.37
2026-08-10,Region A,P020,97,103,1.68
2026-08-10,Region A,P021,85,90,1.32
2026-08-10,Region A,P022,100,103,1.26
2026-08-10,Region A,P023,123,130,0.73
2026-08-10,Region A,P024,126,129,0.36
2026-08-10,Region A,P025,76,81,1.17
2026-08-10,Region A,P026,136,141,1.04
2026-08-10,Region A,P027,132,134,0.0
2026-08-10,Region A,P028,76,81,1.35
2026-08-10,Region A,P029,80,82,0.58
2026-08-10,Region A,P030,109,111,0.07
2026-08-10,Region B,P001,92,94,0.75
2026-08-10,Region B,P002,150,155,1.01
2026-08-10,Region B,P003,102,107,0.76
2026-08-10,Region B,P004,90,94,0.6
2026-08-10,Region B,P005,133,137,0.92
2026-08-10,Region B,P006,125,129,1.45
2026-08-10,Region B,P007,150,154,0.33
2026-08-10,Region B,P008,114,118,0.41
2026-08-10,Region B,P009,138,143,0.72
2026-08-10,Region B,P010,93,97,2.08
2026-08-10,Region B,P011,141,144,0.46
2026-08-10,Region B,P012,90,95,1.26
2026-08-10,Region B,P013,126,130,0.27
2026-08-10,Region B,P014,146,152,0.21
2026-08-10,Region B,P015,92,95,0.63
2026-08-10,Region B,P016,81,85,0.63
2026-08-10,Region B,P017,108,113,1.16
2026-08-10,Region B,P018,142,151,1.4
2026-08-10,Region B,P019,121,127,0.42
2026-08-10,Region B,P020,78,81,0.59
2026-08-10,Region B,P021,134,143,1.76
2026-08-10,Region B,P022,147,155,1.74
2026-08-10,Region B,P023,104,106,0.99
2026-08-10,Region B,P024,121,126,0.97
2026-08-10,Region B,P025,90,91,0.0
2026-08-10,Region B,P026,138,141,0.66
2026-08-10,Region B,P027,87,92,0.84
2026-08-10,Region B,P028,143,149,1.82
2026-08-10,Region B,P029,141,144,1.25
2026-08-10,Region B,P030,110,112,0.47
2026-08-10,Region C,P001,103,107,0.29
2026-08-10,Region C,P002,77,80,1.33
2026-08-10,Region C,P003,87,91,0.45
2026-08-10,Region C,P004,136,141,0.48
2026-08-10,Region C,P005,134,143,1.79
2026-08-10,Region C,P006,96,100,0.34
2026-08-10,Region C,P007,96,102,1.49
2026-08-10,Region C,P008,126,131,0.63
2026-08-10,Region C,P009,130,134,0.22
2026-08-10,Region C,P010,91,96,1.21
2026-08-10,Region C,P011,115,119,0.77
2026-08-10,Region C,P012,92,98,1.18
2026-08-10,Region C,P013,129,131,0.0
2026-08-10,Region C,P014,77,82,1.01
2026-08-10,Region C,P015,120,128,1.5
2026-08-10,Region C,P016,128,134,0.88
2026-08-10,Region C,P017,111,115,0.57
2026-08-10,Region C,P018,129,138,1.42
2026-08-10,Region C,P019,81,84,1.29
2026-08-10,Region C,P020,139,145,0.19
2026-08-10,Region C,P021,93,95,0.0
2026-08-10,Region C,P022,86,88,0.01
2026-08-10,Region C,P023,135,144,1.75
2026-08-10,Region C,P024,133,139,0.92
2026-08-10,Region C,P025,135,140,1.51
2026-08-10,Region C,P026,130,132,0.0
2026-08-10,Region C,P027,114,121,0.6
2026-08-10,Region C,P028,113,116,0.81
2026-08-10,Region C,P029,144,148,0.78
2026-08-10,Region C,P030,147,152,0.38
2026-08-10,Region D,P001,135,139,0.23
2026-08-10,Region D,P002,129,131,0.05
2026-08-10,Region D,P003,119,126,1.55
2026-08-10,Region D,P004,115,121,0.97
2026-08-10,Region D,P005,89,93,0.59
2026-08-10,Region D,P006,140,146,1.11
2026-08-10,Region D,P007,155,159,0.05
2026-08-10,Region D,P008,144,147,0.0
2026-08-10,Region D,P009,125,132,1.68
2026-08-10,Region D,P010,122,128,1.61
2026-08-10,Region D,P011,131,139,0.8
2026-08-10,Region D,P012,83,89,1.11
2026-08-10,Region D,P013,147,152,2.11
2026-08-10,Region D,P014,130,135,1.04
2026-08-10,Region D,P015,117,121,1.63
2026-08-10,Region D,P016,77,81,0.87
2026-08-10,Region D,P017,96,98,0.0
2026-08-10,Region D,P018,110,112,0.17
2026-08-10,Region D,P019,113,115,0.16
2026-08-10,Region D,P020,131,134,0.75
2026-08-10,Region D,P021,104,108,1.04
2026-08-10,Region D,P022,76,81,0.59
2026-08-10,Region D,P023,105,107,0.51
2026-08-10,Region D,P024,108,112,0.79
2026-08-10,Region D,P025,83,85,0.17
2026-08-10,Region D,P026,121,128,2.27
2026-08-10,Region D,P027,138,146,2.19
2026-08-10,Region D,P028,93,99,0.96
2026-08-10,Region D,P029,137,140,1.03
2026-08-10,Region D,P030,105,107,0.59
2026-08-11,Region A,P001,113,129,3.07
2026-08-11,Region A,P002,97,111,2.74
2026-08-11,Region A,P003,89,102,2.72
2026-08-11,Region A,P004,86,98,3.04
2026-08-11,Region A,P005,128,146,2.95
2026-08-11,Region A,P006,128,146,2.83
2026-08-11,Region A,P007,120,137,2.19
2026-08-11,Region A,P008,95,109,3.16
2026-08-11,Region A,P009,78,89,2.88
2026-08-11,Region A,P010,134,153,3.02
2026-08-11,Region A,P011,102,105,0.15
2026-08-11,Region A,P012,132,134,0.62
2026-08-11,Region A,P013,130,138,1.47
2026-08-11,Region A,P014,87,92,1.39
2026-08-11,Region A,P015,92,94,0.35
2026-08-11,Region A,P016,148,154,0.71
2026-08-11,Region A,P017,135,137,0.83
2026-08-11,Region A,P018,97,103,1.14
2026-08-11,Region A,P019,148,150,0.1
2026-08-11,Region A,P020,86,87,0.67
2026-08-11,Region A,P021,80,83,0.46
2026-08-11,Region A,P022,138,140,0.0
2026-08-11,Region A,P023,115,118,0.4
2026-08-11,Region A,P024,82,84,0.2
2026-08-11,Region A,P025,126,130,1.2
2026-08-11,Region A,P026,87,91,0.0
2026-08-11,Region A,P027,155,159,0.86
2026-08-11,Region A,P028,139,142,0.67
2026-08-11,Region A,P029,130,135,0.93
2026-08-11,Region A,P030,114,121,1.09
2026-08-11,Region B,P001,146,150,0.0
2026-08-11,Region B,P002,94,100,0.82
2026-08-11,Region B,P003,111,113,0.24
2026-08-11,Region B,P004,154,159,0.77
2026-08-11,Region B,P005,91,96,2.35
2026-08-11,Region B,P006,111,117,1.55
2026-08-11,Region B,P007,137,141,0.31
2026-08-11,Region B,P008,138,142,1.1
2026-08-11,Region B,P009,123,131,2.05
2026-08-11,Region B,P010,95,99,0.51
2026-08-11,Region B,P011,116,122,1.25
2026-08-11,Region B,P012,148,157,1.76
2026-08-11,Region B,P013,106,111,0.72
2026-08-11,Region B,P014,149,151,0.53
2026-08-11,Region B,P015,154,158,0.65
2026-08-11,Region B,P016,83,86,0.13
2026-08-11,Region B,P017,89,93,0.83
2026-08-11,Region B,P018,104,109,0.94
2026-08-11,Region B,P019,104,106,0.0
2026-08-11,Region B,P020,136,143,1.61
2026-08-11,Region B,P021,144,147,0.79
2026-08-11,Region B,P022,116,122,0.61
2026-08-11,Region B,P023,105,112,1.25
2026-08-11,Region B,P024,128,132,0.55
2026-08-11,Region B,P025,92,94,0.0
2026-08-11,Region B,P026,87,93,1.74
2026-08-11,Region B,P027,146,154,1.21
2026-08-11,Region B,P028,98,105,1.42
2026-08-11,Region B,P029,107,111,0.93
2026-08-11,Region B,P030,142,148,1.84
2026-08-11,Region C,P001,148,157,0.94
2026-08-11,Region C,P002,98,100,0.27
2026-08-11,Region C,P003,91,93,0.67
2026-08-11,Region C,P004,140,149,1.14
2026-08-11,Region C,P005,111,117,1.25
2026-08-11,Region C,P006,104,107,0.83
2026-08-11,Region C,P007,80,82,0.36
2026-08-11,Region C,P008,121,128,1.09
2026-08-11,Region C,P009,112,115,0.0
2026-08-11,Region C,P010,116,119,0.0
2026-08-11,Region C,P011,144,149,0.02
2026-08-11,Region C,P012,152,157,0.32
2026-08-11,Region C,P013,122,130,1.99
2026-08-11,Region C,P014,119,122,0.23
2026-08-11,Region C,P015,108,110,0.8
2026-08-11,Region C,P016,122,125,0.51
2026-08-11,Region C,P017,100,102,0.09
2026-08-11,Region C,P018,92,96,0.0
2026-08-11,Region C,P019,155,159,0.53
2026-08-11,Region C,P020,148,152,0.49
2026-08-11,Region C,P021,119,121,0.07
2026-08-11,Region C,P022,102,104,0.32
2026-08-11,Region C,P023,115,117,0.92
2026-08-11,Region C,P024,81,84,0.06
2026-08-11,Region C,P025,148,156,0.8
2026-08-11,Region C,P026,82,85,0.0
2026-08-11,Region C,P027,135,139,1.67
2026-08-11,Region C,P028,130,135,0.99
2026-08-11,Region C,P029,82,86,1.41
2026-08-11,Region C,P030,101,103,1.73
2026-08-11,Region D,P001,146,148,0.33
2026-08-11,Region D,P002,127,131,0.46
2026-08-11,Region D,P003,104,111,1.02
2026-08-11,Region D,P004,142,149,1.68
2026-08-11,Region D,P005,123,125,0.86
2026-08-11,Region D,P006,100,106,1.31
2026-08-11,Region D,P007,117,123,1.23
2026-08-11,Region D,P008,134,139,0.0
2026-08-11,Region D,P009,103,110,0.97
2026-08-11,Region D,P010,107,111,0.38
2026-08-11,Region D,P011,81,87,1.67
2026-08-11,Region D,P012,137,140,0.0
2026-08-11,Region D,P013,149,155,0.69
2026-08-11,Region D,P014,88,93,1.16
2026-08-11,Region D,P015,88,91,0.36
2026-08-11,Region D,P016,125,130,0.0
2026-08-11,Region D,P017,151,156,0.88
2026-08-11,Region D,P018,136,145,1.8
2026-08-11,Region D,P019,127,132,0.07
2026-08-11,Region D,P020,119,123,0.83
2026-08-11,Region D,P021,88,93,2.03
2026-08-11,Region D,P022,133,135,0.48
2026-08-11,Region D,P023,104,109,1.95
2026-08-11,Region D,P024,140,143,0.0
2026-08-11,Region D,P025,108,115,1.14
2026-08-11,Region D,P026,85,89,0.05
2026-08-11,Region D,P027,147,150,0.58
2026-08-11,Region D,P028,143,145,0.0
2026-08-11,Region D,P029,106,110,0.57
2026-08-11,Region D,P030,142,148,0.91
2026-08-12,Region A,P001,127,145,2.76
2026-08-12,Region A,P002,104,119,2.96
2026-08-12,Region A,P003,118,135,2.44
2026-08-12,Region A,P004,76,87,2.26
2026-08-12,Region A,P005,117,133,2.8
2026-08-12,Region A,P006,97,111,3.39
2026-08-12,Region A,P007,73,83,3.45
2026-08-12,Region A,P008,112,128,2.77
2026-08-12,Region A,P009,132,150,3.03
2026-08-12,Region A,P010,122,139,2.61
2026-08-12,Region A,P011,99,103,0.0
2026-08-12,Region A,P012,91,94,1.04
2026-08-12,Region A,P013,83,87,1.04
2026-08-12,Region A,P014,111,116,0.83
2026-08-12,Region A,P015,116,121,0.61
2026-08-12,Region A,P016,111,118,2.16
2026-08-12,Region A,P017,145,152,1.49
2026-08-12,Region A,P018,112,116,0.72
2026-08-12,Region A,P019,82,84,0.0
2026-08-12,Region A,P020,138,144,0.72
2026-08-12,Region A,P021,89,91,0.31
2026-08-12,Region A,P022,126,133,1.19
2026-08-12,Region A,P023,150,155,0.64
2026-08-12,Region A,P024,83,88,2.47
2026-08-12,Region A,P025,94,97,0.19
2026-08-12,Region A,P026,133,139,1.18
2026-08-12,Region A,P027,102,105,0.0
2026-08-12,Region A,P028,117,120,0.33
2026-08-12,Region A,P029,144,149,0.0
2026-08-12,Region A,P030,84,87,1.38
2026-08-12,Region B,P001,142,150,0.84
2026-08-12,Region B,P002,86,88,0.11
2026-08-12,Region B,P003,128,135,1.59
2026-08-12,Region B,P004,125,131,0.86
2026-08-12,Region B,P005,130,135,0.17
2026-08-12,Region B,P006,94,97,0.54
2026-08-12,Region B,P007,130,134,1.83
2026-08-12,Region B,P008,125,127,1.18
2026-08-12,Region B,P009,85,89,1.58
2026-08-12,Region B,P010,82,85,0.26
2026-08-12,Region B,P011,84,89,1.16
2026-08-12,Region B,P012,115,118,0.31
2026-08-12,Region B,P013,95,97,0.76
2026-08-12,Region B,P014,103,108,0.08
2026-08-12,Region B,P015,153,158,0.98
2026-08-12,Region B,P016,127,131,0.96
2026-08-12,Region B,P017,98,101,0.78
2026-08-12,Region B,P018,89,95,0.7
2026-08-12,Region B,P019,84,87,1.27
2026-08-12,Region B,P020,122,129,0.71
2026-08-12,Region B,P021,132,139,0.61
2026-08-12,Region B,P022,83,85,0.8
2026-08-12,Region B,P023,146,155,1.46
2026-08-12,Region B,P024,128,135,1.62
2026-08-12,Region B,P025,136,145,1.27
2026-08-12,Region B,P026,141,147,0.39
2026-08-12,Region B,P027,120,128,1.05
2026-08-12,Region B,P028,146,153,0.56
2026-08-12,Region B,P029,118,123,0.98
2026-08-12,Region B,P030,85,90,1.2
2026-08-12,Region C,P001,145,152,0.6
2026-08-12,Region C,P002,114,116,0.0
2026-08-12,Region C,P003,122,128,1.14
2026-08-12,Region C,P004,133,137,0.57
2026-08-12,Region C,P005,134,139,0.69
2026-08-12,Region C,P006,107,113,1.0
2026-08-12,Region C,P007,110,116,0.69
2026-08-12,Region C,P008,78,83,1.2
2026-08-12,Region C,P009,101,103,0.0
2026-08-12,Region C,P010,139,147,0.68
2026-08-12,Region C,P011,106,108,0.1
2026-08-12,Region C,P012,88,90,0.57
2026-08-12,Region C,P013,100,103,0.41
2026-08-12,Region C,P014,91,97,2.26
2026-08-12,Region C,P015,95,101,1.56
2026-08-12,Region C,P016,108,115,1.24
2026-08-12,Region C,P017,115,118,0.46
2026-08-12,Region C,P018,147,149,0.0
2026-08-12,Region C,P019,83,87,1.29
2026-08-12,Region C,P020,104,109,0.81
2026-08-12,Region C,P021,145,154,0.4
2026-08-12,Region C,P022,130,134,1.65
2026-08-12,Region C,P023,144,147,0.0
2026-08-12,Region C,P024,89,93,0.57
2026-08-12,Region C,P025,91,95,0.29
2026-08-12,Region C,P026,97,99,0.54
2026-08-12,Region C,P027,139,145,0.39
2026-08-12,Region C,P028,93,98,0.69
2026-08-12,Region C,P029,131,135,0.79
2026-08-12,Region C,P030,137,143,1.19
2026-08-12,Region D,P001,144,151,1.22
2026-08-12,Region D,P002,88,93,2.03
2026-08-12,Region D,P003,108,114,0.0
2026-08-12,Region D,P004,89,94,1.22
2026-08-12,Region D,P005,115,120,1.17
2026-08-12,Region D,P006,92,95,0.0
2026-08-12,Region D,P007,90,92,0.11
2026-08-12,Region D,P008,93,97,0.8
2026-08-12,Region D,P009,137,143,0.04
2026-08-12,Region D,P010,142,148,0.32
2026-08-12,Region D,P011,118,125,1.67
2026-08-12,Region D,P012,110,113,0.69
2026-08-12,Region D,P013,146,152,1.17
2026-08-12,Region D,P014,111,119,0.28
2026-08-12,Region D,P015,87,90,0.87
2026-08-12,Region D,P016,135,143,1.27
2026-08-12,Region D,P017,135,138,0.8
2026-08-12,Region D,P018,142,146,0.6
2026-08-12,Region D,P019,141,143,0.24
2026-08-12,Region D,P020,123,127,0.47
2026-08-12,Region D,P021,94,100,1.45
2026-08-12,Region D,P022,146,153,0.67
2026-08-12,Region D,P023,99,105,1.14
2026-08-12,Region D,P024,134,137,0.23
2026-08-12,Region D,P025,111,114,0.0
2026-08-12,Region D,P026,84,87,0.38
2026-08-12,Region D,P027,79,84,1.42
2026-08-12,Region D,P028,121,126,0.78
2026-08-12,Region D,P029,119,127,1.27
2026-08-12,Region D,P030,147,156,1.98
2026-08-13,Region A,P001,95,109,2.78
2026-08-13,Region A,P002,96,110,3.33
2026-08-13,Region A,P003,93,106,3.13
2026-08-13,Region A,P004,121,138,2.75
2026-08-13,Region A,P005,77,88,2.81
2026-08-13,Region A,P006,91,104,3.72
2026-08-13,Region A,P007,96,110,3.29
2026-08-13,Region A,P008,80,91,1.94
2026-08-13,Region A,P009,107,122,2.47
2026-08-13,Region A,P010,128,146,3.08
2026-08-13,Region A,P011,126,130,0.93
2026-08-13,Region A,P012,103,105,0.2
2026-08-13,Region A,P013,91,96,1.66
2026-08-13,Region A,P014,94,98,0.0
2026-08-13,Region A,P015,135,141,0.91
2026-08-13,Region A,P016,139,143,0.92
2026-08-13,Region A,P017,85,90,1.34
2026-08-13,Region A,P018,142,150,1.64
2026-08-13,Region A,P019,98,101,0.0
2026-08-13,Region A,P020,120,126,1.6
2026-08-13,Region A,P021,105,111,0.78
2026-08-13,Region A,P022,141,143,0.19
2026-08-13,Region A,P023,118,121,0.0
2026-08-13,Region A,P024,75,80,1.53
2026-08-13,Region A,P025,117,124,1.27
2026-08-13,Region A,P026,86,91,0.76
2026-08-13,Region A,P027,104,111,0.76
2026-08-13,Region A,P028,137,144,1.81
2026-08-13,Region A,P029,128,135,0.8
2026-08-13,Region A,P030,111,115,0.63
2026-08-13,Region B,P001,91,95,1.11
2026-08-13,Region B,P002,104,110,0.77
2026-08-13,Region B,P003,104,109,0.81
2026-08-13,Region B,P004,126,135,1.22
2026-08-13,Region B,P005,85,91,1.14
2026-08-13,Region B,P006,88,93,1.58
2026-08-13,Region B,P007,120,123,0.54
2026-08-13,Region B,P008,115,119,0.8
2026-08-13,Region B,P009,131,138,0.74
2026-08-13,Region B,P010,91,92,0.45
2026-08-13,Region B,P011,119,125,0.84
2026-08-13,Region B,P012,126,133,1.3
2026-08-13,Region B,P013,113,119,0.95
2026-08-13,Region B,P014,84,89,0.57
2026-08-13,Region B,P015,105,110,0.18
2026-08-13,Region B,P016,109,111,0.54
2026-08-13,Region B,P017,149,157,1.68
2026-08-13,Region B,P018,99,102,1.37
2026-08-13,Region B,P019,115,118,0.09
2026-08-13,Region B,P020,139,147,0.39
2026-08-13,Region B,P021,80,84,2.09
2026-08-13,Region B,P022,127,131,0.46
2026-08-13,Region B,P023,77,81,0.95
2026-08-13,Region B,P024,148,158,1.03
2026-08-13,Region B,P025,139,148,1.38
2026-08-13,Region B,P026,129,133,0.47
2026-08-13,Region B,P027,109,112,1.15
2026-08-13,Region B,P028,117,124,1.35
2026-08-13,Region B,P029,101,108,1.35
2026-08-13,Region B,P030,152,155,0.39
2026-08-13,Region C,P001,152,154,0.93
2026-08-13,Region C,P002,98,103,1.03
2026-08-13,Region C,P003,86,89,0.72
2026-08-13,Region C,P004,108,111,0.6
2026-08-13,Region C,P005,155,159,0.28
2026-08-13,Region C,P006,96,100,1.13
2026-08-13,Region C,P007,86,89,1.18
2026-08-13,Region C,P008,87,91,0.88
2026-08-13,Region C,P009,151,153,0.01
2026-08-13,Region C,P010,145,147,0.0
2026-08-13,Region C,P011,101,103,0.31
2026-08-13,Region C,P012,119,121,0.81
2026-08-13,Region C,P013,105,109,0.82
2026-08-13,Region C,P014,95,98,0.0
2026-08-13,Region C,P015,145,155,1.96
2026-08-13,Region C,P016,123,126,0.46
2026-08-13,Region C,P017,135,143,1.42
2026-08-13,Region C,P018,107,109,0.0
2026-08-13,Region C,P019,106,113,1.59
2026-08-13,Region C,P020,100,106,0.96
2026-08-13,Region C,P021,113,118,0.88
2026-08-13,Region C,P022,147,155,0.91
2026-08-13,Region C,P023,90,93,0.69
2026-08-13,Region C,P024,142,151,1.01
2026-08-13,Region C,P025,118,126,1.54
2026-08-13,Region C,P026,142,147,0.0
2026-08-13,Region C,P027,108,115,1.22
2026-08-13,Region C,P028,94,97,0.82
2026-08-13,Region C,P029,118,122,0.94
2026-08-13,Region C,P030,87,89,1.56
2026-08-13,Region D,P001,77,82,0.77
2026-08-13,Region D,P002,108,115,2.05
2026-08-13,Region D,P003,124,128,1.04
2026-08-13,Region D,P004,134,142,0.2
2026-08-13,Region D,P005,147,149,0.0
2026-08-13,Region D,P006,79,81,0.97
2026-08-13,Region D,P007,76,81,1.47
2026-08-13,Region D,P008,100,104,0.56
2026-08-13,Region D,P009,90,92,0.16
2026-08-13,Region D,P010,126,132,0.66
2026-08-13,Region D,P011,117,122,0.15
2026-08-13,Region D,P012,110,115,1.06
2026-08-13,Region D,P013,109,114,0.24
2026-08-13,Region D,P014,142,148,0.8
2026-08-13,Region D,P015,84,86,1.44
2026-08-13,Region D,P016,141,145,0.72
2026-08-13,Region D,P017,93,98,1.19
2026-08-13,Region D,P018,114,117,0.0
2026-08-13,Region D,P019,144,153,1.17
2026-08-13,Region D,P020,150,158,1.12
2026-08-13,Region D,P021,93,96,0.98
2026-08-13,Region D,P022,110,117,2.18
2026-08-13,Region D,P023,100,105,0.99
2026-08-13,Region D,P024,150,157,0.44
2026-08-13,Region D,P025,97,102,0.41
2026-08-13,Region D,P026,79,82,0.27
2026-08-13,Region D,P027,110,114,1.22
2026-08-13,Region D,P028,87,90,0.98
2026-08-13,Region D,P029,127,134,1.07
2026-08-13,Region D,P030,80,82,1.08
2026-08-14,Region A,P001,102,117,2.54
2026-08-14,Region A,P002,123,140,3.47
2026-08-14,Region A,P003,105,120,3.39
2026-08-14,Region A,P004,77,88,3.52
2026-08-14,Region A,P005,138,157,3.02
2026-08-14,Region A,P006,75,86,2.97
2026-08-14,Region A,P007,135,154,2.9
2026-08-14,Region A,P008,83,95,2.91
2026-08-14,Region A,P009,102,116,2.74
2026-08-14,Region A,P010,109,124,3.38
2026-08-14,Region A,P011,106,110,0.49
2026-08-14,Region A,P012,92,95,0.0
2026-08-14,Region A,P013,127,132,1.0
2026-08-14,Region A,P014,75,80,0.91
2026-08-14,Region A,P015,118,121,0.45
2026-08-14,Region A,P016,142,147,0.73
2026-08-14,Region A,P017,116,124,2.21
2026-08-14,Region A,P018,87,89,0.26
2026-08-14,Region A,P019,127,134,2.39
2026-08-14,Region A,P020,82,84,0.06
2026-08-14,Region A,P021,153,159,1.6
2026-08-14,Region A,P022,132,140,2.13
2026-08-14,Region A,P023,149,158,1.66
2026-08-14,Region A,P024,125,130,0.37
2026-08-14,Region A,P025,92,94,1.06
2026-08-14,Region A,P026,117,122,0.61
2026-08-14,Region A,P027,149,156,1.73
2026-08-14,Region A,P028,152,157,0.54
2026-08-14,Region A,P029,138,146,1.23
2026-08-14,Region A,P030,130,135,1.29
2026-08-14,Region B,P001,136,144,2.5
2026-08-14,Region B,P002,96,102,1.64
2026-08-14,Region B,P003,152,158,0.74
2026-08-14,Region B,P004,122,129,1.1
2026-08-14,Region B,P005,119,126,1.49
2026-08-14,Region B,P006,150,157,1.1
2026-08-14,Region B,P007,97,103,2.17
2026-08-14,Region B,P008,124,128,1.01
2026-08-14,Region B,P009,121,126,0.9
2026-08-14,Region B,P010,123,131,2.09
2026-08-14,Region B,P011,152,154,0.97
2026-08-14,Region B,P012,93,95,0.91
2026-08-14,Region B,P013,102,106,0.71
2026-08-14,Region B,P014,100,107,1.96
2026-08-14,Region B,P015,135,140,1.0
2026-08-14,Region B,P016,77,82,0.96
2026-08-14,Region B,P017,147,152,1.28
2026-08-14,Region B,P018,133,141,1.02
2026-08-14,Region B,P019,101,105,0.37
2026-08-14,Region B,P020,147,156,1.4
2026-08-14,Region B,P021,82,86,1.8
2026-08-14,Region B,P022,139,142,0.0
2026-08-14,Region B,P023,130,135,0.0
2026-08-14,Region B,P024,112,117,0.3
2026-08-14,Region B,P025,150,158,0.9
2026-08-14,Region B,P026,123,129,1.69
2026-08-14,Region B,P027,151,155,0.48
2026-08-14,Region B,P028,114,119,0.49
2026-08-14,Region B,P029,87,90,0.48
2026-08-14,Region B,P030,84,89,1.6
2026-08-14,Region C,P001,145,153,1.1
2026-08-14,Region C,P002,85,91,0.92
2026-08-14,Region C,P003,151,159,0.69
2026-08-14,Region C,P004,112,118,0.59
2026-08-14,Region C,P005,138,144,0.13
2026-08-14,Region C,P006,83,87,0.36
2026-08-14,Region C,P007,140,143,0.52
2026-08-14,Region C,P008,134,137,0.08
2026-08-14,Region C,P009,84,88,1.21
2026-08-14,Region C,P010,97,101,0.61
2026-08-14,Region C,P011,153,159,0.97
2026-08-14,Region C,P012,83,84,0.95
2026-08-14,Region C,P013,88,92,1.05
2026-08-14,Region C,P014,146,153,1.4
2026-08-14,Region C,P015,85,90,2.0
2026-08-14,Region C,P016,138,145,0.82
2026-08-14,Region C,P017,126,134,0.63
2026-08-14,Region C,P018,135,138,0.0
2026-08-14,Region C,P019,111,114,0.0
2026-08-14,Region C,P020,90,95,1.25
2026-08-14,Region C,P021,124,127,0.94
2026-08-14,Region C,P022,148,153,0.88
2026-08-14,Region C,P023,147,152,0.63
2026-08-14,Region C,P024,95,101,1.27
2026-08-14,Region C,P025,123,131,1.52
2026-08-14,Region C,P026,97,104,2.14
2026-08-14,Region C,P027,133,136,0.0
2026-08-14,Region C,P028,103,106,0.0
2026-08-14,Region C,P029,142,152,1.29
2026-08-14,Region C,P030,155,159,1.21
2026-08-14,Region D,P001,130,138,1.36
2026-08-14,Region D,P002,78,83,1.04
2026-08-14,Region D,P003,87,91,0.25
2026-08-14,Region D,P004,91,96,0.84
2026-08-14,Region D,P005,131,136,0.65
2026-08-14,Region D,P006,140,146,1.77
2026-08-14,Region D,P007,153,155,1.17
2026-08-14,Region D,P008,141,149,1.43
2026-08-14,Region D,P009,145,154,1.27
2026-08-14,Region D,P010,82,86,1.21
2026-08-14,Region D,P011,105,108,0.79
2026-08-14,Region D,P012,141,143,0.2
2026-08-14,Region D,P013,149,153,0.38
2026-08-14,Region D,P014,113,119,1.8
2026-08-14,Region D,P015,79,83,0.74
2026-08-14,Region D,P016,105,110,1.95
2026-08-14,Region D,P017,82,85,0.34
2026-08-14,Region D,P018,120,122,0.03
2026-08-14,Region D,P019,106,108,0.0
2026-08-14,Region D,P020,137,140,0.02
2026-08-14,Region D,P021,152,158,1.4
2026-08-14,Region D,P022,127,133,0.88
2026-08-14,Region D,P023,138,140,0.42
2026-08-14,Region D,P024,93,97,0.76
2026-08-14,Region D,P025,125,127,0.0
2026-08-14,Region D,P026,84,88,1.29
2026-08-14,Region D,P027,144,152,0.34
2026-08-14,Region D,P028,77,82,2.1
2026-08-14,Region D,P029,98,102,1.51
2026-08-14,Region D,P030,78,81,0.17
2026-08-15,Region A,P001,123,140,3.06
2026-08-15,Region A,P002,113,129,2.94
2026-08-15,Region A,P003,138,157,2.83
2026-08-15,Region A,P004,82,94,2.97
2026-08-15,Region A,P005,73,83,2.12
2026-08-15,Region A,P006,73,83,2.98
2026-08-15,Region A,P007,80,92,3.24
2026-08-15,Region A,P008,81,93,2.43
2026-08-15,Region A,P009,111,127,3.57
2026-08-15,Region A,P010,120,137,2.96
2026-08-15,Region A,P011,92,94,1.04
2026-08-15,Region A,P012,144,151,1.15
2026-08-15,Region A,P013,75,80,1.68
2026-08-15,Region A,P014,94,95,0.79
2026-08-15,Region A,P015,91,97,1.25
2026-08-15,Region A,P016,117,121,1.55
2026-08-15,Region A,P017,85,88,0.3
2026-08-15,Region A,P018,120,127,1.27
2026-08-15,Region A,P019,117,121,1.17
2026-08-15,Region A,P020,148,157,1.14
2026-08-15,Region A,P021,88,93,1.96
2026-08-15,Region A,P022,133,136,0.0
2026-08-15,Region A,P023,117,122,1.57
2026-08-15,Region A,P024,139,144,1.41
2026-08-15,Region A,P025,137,139,0.53
2026-08-15,Region A,P026,126,129,0.0
2026-08-15,Region A,P027,82,86,0.59
2026-08-15,Region A,P028,83,88,0.36
2026-08-15,Region A,P029,155,157,0.35
2026-08-15,Region A,P030,89,94,1.77
2026-08-15,Region B,P001,93,97,0.72
2026-08-15,Region B,P002,122,125,0.72
2026-08-15,Region B,P003,145,151,1.23
2026-08-15,Region B,P004,144,151,0.96
2026-08-15,Region B,P005,126,129,0.0
2026-08-15,Region B,P006,111,114,0.64
2026-08-15,Region B,P007,133,141,1.12
2026-08-15,Region B,P008,94,99,0.98
2026-08-15,Region B,P009,90,94,1.07
2026-08-15,Region B,P010,130,132,0.28
2026-08-15,Region B,P011,128,132,1.61
2026-08-15,Region B,P012,126,132,1.09
2026-08-15,Region B,P013,81,86,2.07
2026-08-15,Region B,P014,119,124,1.39
2026-08-15,Region B,P015,97,103,2.11
2026-08-15,Region B,P016,144,150,1.51
2026-08-15,Region B,P017,105,109,0.88
2026-08-15,Region B,P018,136,139,0.36
2026-08-15,Region B,P019,107,109,0.52
2026-08-15,Region B,P020,109,116,1.3
2026-08-15,Region B,P021,82,85,0.52
2026-08-15,Region B,P022,85,90,0.93
2026-08-15,Region B,P023,78,83,1.34
2026-08-15,Region B,P024,141,143,0.79
2026-08-15,Region B,P025,146,148,0.0
2026-08-15,Region B,P026,151,158,1.27
2026-08-15,Region B,P027,118,120,0.05
2026-08-15,Region B,P028,112,119,1.79
2026-08-15,Region B,P029,86,89,1.51
2026-08-15,Region B,P030,122,127,0.0
2026-08-15,Region C,P001,96,100,1.05
2026-08-15,Region C,P002,128,136,1.25
2026-08-15,Region C,P003,101,104,0.0
2026-08-15,Region C,P004,101,103,0.11
2026-08-15,Region C,P005,103,107,0.9
2026-08-15,Region C,P006,125,130,0.66
2026-08-15,Region C,P007,150,153,0.57
2026-08-15,Region C,P008,123,128,0.73
2026-08-15,Region C,P009,79,85,1.31
2026-08-15,Region C,P010,106,109,0.0
2026-08-15,Region C,P011,149,159,1.48
2026-08-15,Region C,P012,96,101,1.19
2026-08-15,Region C,P013,125,133,1.08
2026-08-15,Region C,P014,95,98,0.84
2026-08-15,Region C,P015,103,107,0.81
2026-08-15,Region C,P016,111,118,1.16
2026-08-15,Region C,P017,86,88,0.81
2026-08-15,Region C,P018,131,138,1.51
2026-08-15,Region C,P019,135,142,1.01
2026-08-15,Region C,P020,107,110,0.58
2026-08-15,Region C,P021,148,153,0.7
2026-08-15,Region C,P022,136,138,0.4
2026-08-15,Region C,P023,137,142,0.67
2026-08-15,Region C,P024,102,105,0.8
2026-08-15,Region C,P025,139,148,1.8
2026-08-15,Region C,P026,116,123,1.33
2026-08-15,Region C,P027,110,117,1.36
2026-08-15,Region C,P028,112,114,0.0
2026-08-15,Region C,P029,88,92,1.05
2026-08-15,Region C,P030,151,153,1.08
2026-08-15,Region D,P001,129,138,0.14
2026-08-15,Region D,P002,138,140,0.28
2026-08-15,Region D,P003,93,97,0.0
2026-08-15,Region D,P004,89,95,1.44
2026-08-15,Region D,P005,145,150,0.77
2026-08-15,Region D,P006,125,133,1.95
2026-08-15,Region D,P007,85,87,0.0
2026-08-15,Region D,P008,87,90,1.45
2026-08-15,Region D,P009,146,155,1.64
2026-08-15,Region D,P010,122,130,2.23
2026-08-15,Region D,P011,103,109,0.35
2026-08-15,Region D,P012,106,113,1.29
2026-08-15,Region D,P013,146,149,0.48
2026-08-15,Region D,P014,133,136,0.37
2026-08-15,Region D,P015,102,105,0.0
2026-08-15,Region D,P016,108,113,1.04
2026-08-15,Region D,P017,133,139,2.11
2026-08-15,Region D,P018,118,124,1.13
2026-08-15,Region D,P019,131,135,0.82
2026-08-15,Region D,P020,98,103,1.21
2026-08-15,Region D,P021,132,139,1.39
2026-08-15,Region D,P022,107,110,0.04
2026-08-15,Region D,P023,99,104,2.16
2026-08-15,Region D,P024,117,120,0.28
2026-08-15,Region D,P025,142,145,0.0
2026-08-15,Region D,P026,135,144,1.27
2026-08-15,Region D,P027,100,105,1.04
2026-08-15,Region D,P028,123,131,0.98
2026-08-15,Region D,P029,126,134,2.68
2026-08-15,Region D,P030,98,100,0.44
2026-08-16,Region A,P001,129,147,2.68
2026-08-16,Region A,P002,139,158,3.09
2026-08-16,Region A,P003,124,141,3.6
2026-08-16,Region A,P004,103,118,3.12
2026-08-16,Region A,P005,118,135,2.72
2026-08-16,Region A,P006,85,97,2.66
2026-08-16,Region A,P007,139,159,3.33
2026-08-16,Region A,P008,110,126,2.44
2026-08-16,Region A,P009,117,134,3.98
2026-08-16,Region A,P010,99,113,2.77
2026-08-16,Region A,P011,99,101,1.08
2026-08-16,Region A,P012,135,143,0.92
2026-08-16,Region A,P013,77,82,1.26
2026-08-16,Region A,P014,115,121,0.83
2026-08-16,Region A,P015,96,99,0.46
2026-08-16,Region A,P016,90,95,1.66
2026-08-16,Region A,P017,87,89,0.9
2026-08-16,Region A,P018,118,123,0.74
2026-08-16,Region A,P019,149,152,0.08
2026-08-16,Region A,P020,107,110,0.8
2026-08-16,Region A,P021,120,122,0.17
2026-08-16,Region A,P022,137,144,1.23
2026-08-16,Region A,P023,118,125,1.05
2026-08-16,Region A,P024,106,113,0.78
2026-08-16,Region A,P025,102,109,0.8
2026-08-16,Region A,P026,117,119,0.58
2026-08-16,Region A,P027,101,107,1.11
2026-08-16,Region A,P028,76,80,0.68
2026-08-16,Region A,P029,152,158,1.34
2026-08-16,Region A,P030,133,135,0.51
2026-08-16,Region B,P001,82,84,0.0
2026-08-16,Region B,P002,90,94,1.55
2026-08-16,Region B,P003,98,100,0.91
2026-08-16,Region B,P004,116,121,0.04
2026-08-16,Region B,P005,84,87,1.41
2026-08-16,Region B,P006,89,92,0.26
2026-08-16,Region B,P007,137,141,0.43
2026-08-16,Region B,P008,90,93,1.14
2026-08-16,Region B,P009,121,126,1.37
2026-08-16,Region B,P010,105,107,0.51
2026-08-16,Region B,P011,103,109,1.49
2026-08-16,Region B,P012,121,125,0.0
2026-08-16,Region B,P013,142,151,0.66
2026-08-16,Region B,P014,112,115,0.44
2026-08-16,Region B,P015,136,142,1.26
2026-08-16,Region B,P016,123,130,0.94
2026-08-16,Region B,P017,144,152,1.03
2026-08-16,Region B,P018,112,117,1.74
2026-08-16,Region B,P019,99,104,0.64
2026-08-16,Region B,P020,98,103,0.3
2026-08-16,Region B,P021,79,81,0.2
2026-08-16,Region B,P022,79,81,0.15
2026-08-16,Region B,P023,148,155,0.0
2026-08-16,Region B,P024,135,143,0.69
2026-08-16,Region B,P025,136,142,0.69
2026-08-16,Region B,P026,106,113,1.49
2026-08-16,Region B,P027,110,114,0.0
2026-08-16,Region B,P028,96,100,0.71
2026-08-16,Region B,P029,109,112,0.37
2026-08-16,Region B,P030,91,95,0.71
2026-08-16,Region C,P001,84,89,0.74
2026-08-16,Region C,P002,89,95,1.56
2026-08-16,Region C,P003,107,112,0.37
2026-08-16,Region C,P004,144,151,0.29
2026-08-16,Region C,P005,114,118,0.76
2026-08-16,Region C,P006,91,95,0.74
2026-08-16,Region C,P007,93,97,1.54
2026-08-16,Region C,P008,97,99,0.31
2026-08-16,Region C,P009,117,119,0.0
2026-08-16,Region C,P010,131,137,1.01
2026-08-16,Region C,P011,103,109,0.85
2026-08-16,Region C,P012,78,83,0.9
2026-08-16,Region C,P013,106,111,0.79
2026-08-16,Region C,P014,101,104,0.31
2026-08-16,Region C,P015,139,144,1.23
2026-08-16,Region C,P016,104,107,0.33
2026-08-16,Region C,P017,144,153,0.54
2026-08-16,Region C,P018,112,117,0.94
2026-08-16,Region C,P019,91,94,0.12
2026-08-16,Region C,P020,77,80,0.64
2026-08-16,Region C,P021,107,112,1.31
2026-08-16,Region C,P022,125,128,0.27
2026-08-16,Region C,P023,137,144,0.83
2026-08-16,Region C,P024,145,153,0.56
2026-08-16,Region C,P025,97,101,0.57
2026-08-16,Region C,P026,130,134,1.29
2026-08-16,Region C,P027,115,121,0.0
2026-08-16,Region C,P028,80,82,0.19
2026-08-16,Region C,P029,81,84,0.42
2026-08-16,Region C,P030,128,132,1.23
2026-08-16,Region D,P001,101,104,1.29
2026-08-16,Region D,P002,141,148,1.49
2026-08-16,Region D,P003,86,91,2.02
2026-08-16,Region D,P004,123,126,1.39
2026-08-16,Region D,P005,86,90,0.35
2026-08-16,Region D,P006,112,120,0.61
2026-08-16,Region D,P007,134,142,1.63
2026-08-16,Region D,P008,84,89,1.39
2026-08-16,Region D,P009,150,159,1.13
2026-08-16,Region D,P010,133,140,0.91
2026-08-16,Region D,P011,139,145,0.96
2026-08-16,Region D,P012,83,87,0.44
2026-08-16,Region D,P013,102,108,1.74
2026-08-16,Region D,P014,94,97,0.84
2026-08-16,Region D,P015,103,106,0.61
2026-08-16,Region D,P016,90,95,1.56
2026-08-16,Region D,P017,123,127,2.08
2026-08-16,Region D,P018,142,145,0.96
2026-08-16,Region D,P019,81,87,1.57
2026-08-16,Region D,P020,96,100,0.66
2026-08-16,Region D,P021,116,123,1.08
2026-08-16,Region D,P022,93,98,0.72
2026-08-16,Region D,P023,143,148,0.43
2026-08-16,Region D,P024,83,84,0.5
2026-08-16,Region D,P025,135,140,0.15
2026-08-16,Region D,P026,120,127,2.05
2026-08-16,Region D,P027,124,126,0.58
2026-08-16,Region D,P028,112,117,0.94
2026-08-16,Region D,P029,115,121,0.84
2026-08-16,Region D,P030,105,111,0.82
2026-08-17,Region A,P001,92,105,2.51
2026-08-17,Region A,P002,135,154,2.36
2026-08-17,Region A,P003,98,112,3.14
2026-08-17,Region A,P004,114,130,3.17
2026-08-17,Region A,P005,109,124,3.14
2026-08-17,Region A,P006,121,138,2.5
2026-08-17,Region A,P007,109,124,2.96
2026-08-17,Region A,P008,87,99,2.57
2026-08-17,Region A,P009,122,139,3.24
2026-08-17,Region A,P010,88,101,3.34
2026-08-17,Region A,P011,84,88,0.94
2026-08-17,Region A,P012,80,82,0.0
2026-08-17,Region A,P013,97,100,0.0
2026-08-17,Region A,P014,124,132,1.06
2026-08-17,Region A,P015,124,128,1.1
2026-08-17,Region A,P016,76,80,0.63
2026-08-17,Region A,P017,102,106,0.0
2026-08-17,Region A,P018,78,81,1.54
2026-08-17,Region A,P019,126,129,0.0
2026-08-17,Region A,P020,115,121,1.21
2026-08-17,Region A,P021,86,91,2.01
2026-08-17,Region A,P022,121,123,0.42
2026-08-17,Region A,P023,84,85,0.0
2026-08-17,Region A,P024,150,158,1.29
2026-08-17,Region A,P025,110,117,1.34
2026-08-17,Region A,P026,83,88,1.45
2026-08-17,Region A,P027,106,111,0.36
2026-08-17,Region A,P028,96,102,1.07
2026-08-17,Region A,P029,95,97,0.31
2026-08-17,Region A,P030,109,112,0.0
2026-08-17,Region B,P001,89,90,0.38
2026-08-17,Region B,P002,127,134,1.16
2026-08-17,Region B,P003,105,107,1.03
2026-08-17,Region B,P004,126,130,1.48
2026-08-17,Region B,P005,102,105,0.64
2026-08-17,Region B,P006,148,151,0.59
2026-08-17,Region B,P007,79,82,0.51
2026-08-17,Region B,P008,96,102,1.2
2026-08-17,Region B,P009,88,91,0.6
2026-08-17,Region B,P010,147,153,1.35
2026-08-17,Region B,P011,138,147,1.98
2026-08-17,Region B,P012,105,110,1.49
2026-08-17,Region B,P013,117,123,1.25
2026-08-17,Region B,P014,92,97,0.77
2026-08-17,Region B,P015,152,156,0.75
2026-08-17,Region B,P016,126,132,1.01
2026-08-17,Region B,P017,125,133,1.59
2026-08-17,Region B,P018,79,82,0.0
2026-08-17,Region B,P019,114,119,0.74
2026-08-17,Region B,P020,134,141,1.15
2026-08-17,Region B,P021,77,80,1.35
2026-08-17,Region B,P022,128,131,0.25
2026-08-17,Region B,P023,111,118,1.53
2026-08-17,Region B,P024,78,81,1.62
2026-08-17,Region B,P025,135,138,0.87
2026-08-17,Region B,P026,118,126,0.73
2026-08-17,Region B,P027,92,96,0.56
2026-08-17,Region B,P028,155,159,0.0
2026-08-17,Region B,P029,86,88,0.19
2026-08-17,Region B,P030,119,123,0.39
2026-08-17,Region C,P001,136,144,0.75
2026-08-17,Region C,P002,100,106,1.12
2026-08-17,Region C,P003,150,157,0.27
2026-08-17,Region C,P004,119,123,1.43
2026-08-17,Region C,P005,97,103,0.65
2026-08-17,Region C,P006,151,156,0.45
2026-08-17,Region C,P007,124,128,0.0
2026-08-17,Region C,P008,95,98,0.49
2026-08-17,Region C,P009,89,92,0.59
2026-08-17,Region C,P010,89,91,0.42
2026-08-17,Region C,P011,97,101,0.17
2026-08-17,Region C,P012,132,135,0.0
2026-08-17,Region C,P013,99,105,2.05
2026-08-17,Region C,P014,89,92,0.74
2026-08-17,Region C,P015,111,115,0.4
2026-08-17,Region C,P016,123,130,1.31
2026-08-17,Region C,P017,133,137,0.57
2026-08-17,Region C,P018,152,157,1.38
2026-08-17,Region C,P019,121,126,0.6
2026-08-17,Region C,P020,151,159,1.25
2026-08-17,Region C,P021,127,133,1.25
2026-08-17,Region C,P022,140,147,0.84
2026-08-17,Region C,P023,95,97,1.35
2026-08-17,Region C,P024,136,141,0.0
2026-08-17,Region C,P025,130,133,1.19
2026-08-17,Region C,P026,85,88,0.83
2026-08-17,Region C,P027,113,117,1.79
2026-08-17,Region C,P028,133,141,0.58
2026-08-17,Region C,P029,123,128,0.69
2026-08-17,Region C,P030,130,138,1.33
2026-08-17,Region D,P001,106,108,0.33
2026-08-17,Region D,P002,91,97,0.28
2026-08-17,Region D,P003,117,120,0.0
2026-08-17,Region D,P004,121,124,0.31
2026-08-17,Region D,P005,146,155,1.4
2026-08-17,Region D,P006,127,132,0.34
2026-08-17,Region D,P007,120,126,0.6
2026-08-17,Region D,P008,146,153,0.56
2026-08-17,Region D,P009,94,100,1.14
2026-08-17,Region D,P010,104,109,0.76
2026-08-17,Region D,P011,95,99,1.31
2026-08-17,Region D,P012,85,88,0.61
2026-08-17,Region D,P013,149,153,0.27
2026-08-17,Region D,P014,80,83,2.12
2026-08-17,Region D,P015,140,144,0.0
2026-08-17,Region D,P016,84,85,0.19
2026-08-17,Region D,P017,133,139,0.87
2026-08-17,Region D,P018,144,148,0.21
2026-08-17,Region D,P019,86,90,0.0
2026-08-17,Region D,P020,83,87,1.47
2026-08-17,Region D,P021,136,139,0.23
2026-08-17,Region D,P022,88,92,0.42
2026-08-17,Region D,P023,89,95,2.05
2026-08-17,Region D,P024,126,131,0.65
2026-08-17,Region D,P025,126,130,0.54
2026-08-17,Region D,P026,105,108,0.93
2026-08-17,Region D,P027,115,120,1.15
2026-08-17,Region D,P028,104,110,1.19
2026-08-17,Region D,P029,129,132,0.18
2026-08-17,Region D,P030,148,156,0.98
2026-08-18,Region A,P001,133,152,2.38
2026-08-18,Region A,P002,122,139,2.97
2026-08-18,Region A,P003,96,110,2.91
2026-08-18,Region A,P004,71,81,3.34
2026-08-18,Region A,P005,106,121,2.46
2026-08-18,Region A,P006,73,84,1.82
2026-08-18,Region A,P007,135,154,3.0
2026-08-18,Region A,P008,102,117,2.89
2026-08-18,Region A,P009,89,102,3.16
2026-08-18,Region A,P010,94,107,4.23
2026-08-18,Region A,P011,90,93,0.58
2026-08-18,Region A,P012,127,129,1.35
2026-08-18,Region A,P013,145,148,0.0
2026-08-18,Region A,P014,128,135,0.76
2026-08-18,Region A,P015,100,104,1.18
2026-08-18,Region A,P016,147,157,1.52
2026-08-18,Region A,P017,149,156,1.67
2026-08-18,Region A,P018,105,107,0.66
2026-08-18,Region A,P019,106,110,0.97
2026-08-18,Region A,P020,81,82,0.33
2026-08-18,Region A,P021,84,87,0.29
2026-08-18,Region A,P022,78,81,0.7
2026-08-18,Region A,P023,124,127,0.57
2026-08-18,Region A,P024,144,151,0.36
2026-08-18,Region A,P025,98,103,1.12
2026-08-18,Region A,P026,148,156,1.04
2026-08-18,Region A,P027,138,144,1.21
2026-08-18,Region A,P028,96,102,1.61
2026-08-18,Region A,P029,120,124,1.25
2026-08-18,Region A,P030,84,86,0.17
2026-08-18,Region B,P001,107,114,0.84
2026-08-18,Region B,P002,121,124,0.53
2026-08-18,Region B,P003,125,129,0.22
2026-08-18,Region B,P004,80,85,0.57
2026-08-18,Region B,P005,112,119,1.04
2026-08-18,Region B,P006,112,117,1.32
2026-08-18,Region B,P007,90,94,0.45
2026-08-18,Region B,P008,110,113,0.41
2026-08-18,Region B,P009,104,109,0.63
2026-08-18,Region B,P010,130,134,0.46
2026-08-18,Region B,P011,103,105,0.0
2026-08-18,Region B,P012,80,84,1.0
2026-08-18,Region B,P013,105,109,0.58
2026-08-18,Region B,P014,135,139,1.26
2026-08-18,Region B,P015,81,84,0.54
2026-08-18,Region B,P016,118,120,0.16
2026-08-18,Region B,P017,122,127,1.02
2026-08-18,Region B,P018,111,117,1.39
2026-08-18,Region B,P019,151,157,0.67
2026-08-18,Region B,P020,151,155,0.47
2026-08-18,Region B,P021,86,89,0.33
2026-08-18,Region B,P022,150,156,0.86
2026-08-18,Region B,P023,139,147,1.16
2026-08-18,Region B,P024,99,104,0.97
2026-08-18,Region B,P025,111,117,0.87
2026-08-18,Region B,P026,138,143,0.91
2026-08-18,Region B,P027,125,130,0.39
2026-08-18,Region B,P028,97,99,0.53
2026-08-18,Region B,P029,91,97,1.2
2026-08-18,Region B,P030,106,113,2.14
2026-08-18,Region C,P001,92,95,0.09
2026-08-18,Region C,P002,118,122,0.1
2026-08-18,Region C,P003,110,116,1.54
2026-08-18,Region C,P004,104,110,1.0
2026-08-18,Region C,P005,135,138,0.9
2026-08-18,Region C,P006,130,136,1.22
2026-08-18,Region C,P007,146,154,1.26
2026-08-18,Region C,P008,107,111,0.81
2026-08-18,Region C,P009,156,159,0.0
2026-08-18,Region C,P010,93,98,0.86
2026-08-18,Region C,P011,97,102,1.5
2026-08-18,Region C,P012,123,130,0.7
2026-08-18,Region C,P013,118,124,0.05
2026-08-18,Region C,P014,96,99,1.19
2026-08-18,Region C,P015,81,85,0.07
2026-08-18,Region C,P016,126,132,0.55
2026-08-18,Region C,P017,85,90,2.22
2026-08-18,Region C,P018,77,81,1.07
2026-08-18,Region C,P019,84,86,0.94
2026-08-18,Region C,P020,93,97,0.82
2026-08-18,Region C,P021,99,102,0.94
2026-08-18,Region C,P022,96,98,1.75
2026-08-18,Region C,P023,143,147,0.27
2026-08-18,Region C,P024,136,138,0.43
2026-08-18,Region C,P025,142,145,0.66
2026-08-18,Region C,P026,125,133,1.58
2026-08-18,Region C,P027,105,111,2.29
2026-08-18,Region C,P028,127,129,0.86
2026-08-18,Region C,P029,98,104,1.31
2026-08-18,Region C,P030,129,134,1.23
2026-08-18,Region D,P001,139,148,1.27
2026-08-18,Region D,P002,139,144,1.31
2026-08-18,Region D,P003,145,151,1.01
2026-08-18,Region D,P004,104,107,0.55
2026-08-18,Region D,P005,136,139,0.24
2026-08-18,Region D,P006,124,128,1.63
2026-08-18,Region D,P007,97,101,0.0
2026-08-18,Region D,P008,100,107,1.48
2026-08-18,Region D,P009,125,129,0.4
2026-08-18,Region D,P010,85,89,0.71
2026-08-18,Region D,P011,91,97,1.03
2026-08-18,Region D,P012,116,120,0.44
2026-08-18,Region D,P013,82,85,0.88
2026-08-18,Region D,P014,87,90,1.09
2026-08-18,Region D,P015,80,82,0.45
2026-08-18,Region D,P016,145,153,0.69
2026-08-18,Region D,P017,140,148,1.31
2026-08-18,Region D,P018,133,139,1.37
2026-08-18,Region D,P019,139,145,1.02
2026-08-18,Region D,P020,82,87,2.11
2026-08-18,Region D,P021,144,147,0.64
2026-08-18,Region D,P022,77,82,0.78
2026-08-18,Region D,P023,116,118,0.42
2026-08-18,Region D,P024,132,135,1.93
2026-08-18,Region D,P025,112,116,0.44
2026-08-18,Region D,P026,125,128,0.39
2026-08-18,Region D,P027,85,86,0.02
2026-08-18,Region D,P028,121,127,1.19
2026-08-18,Region D,P029,140,147,1.28
2026-08-18,Region D,P030,127,133,0.28
2026-08-19,Region A,P001,117,133,3.02
2026-08-19,Region A,P002,84,96,1.86
2026-08-19,Region A,P003,98,112,3.19
2026-08-19,Region A,P004,95,109,2.6
2026-08-19,Region A,P005,82,94,3.36
2026-08-19,Region A,P006,99,113,1.65
2026-08-19,Region A,P007,110,125,3.33
2026-08-19,Region A,P008,81,93,3.08
2026-08-19,Region A,P009,121,138,2.22
2026-08-19,Region A,P010,74,85,2.97
2026-08-19,Region A,P011,111,118,1.95
2026-08-19,Region A,P012,124,130,1.92
2026-08-19,Region A,P013,140,147,0.48
2026-08-19,Region A,P014,82,87,0.67
2026-08-19,Region A,P015,119,125,1.39
2026-08-19,Region A,P016,120,127,1.81
2026-08-19,Region A,P017,108,112,0.34
2026-08-19,Region A,P018,92,96,0.61
2026-08-19,Region A,P019,131,137,0.84
2026-08-19,Region A,P020,146,152,0.82
2026-08-19,Region A,P021,108,111,1.12
2026-08-19,Region A,P022,119,124,0.77
2026-08-19,Region A,P023,82,87,1.49
2026-08-19,Region A,P024,86,91,1.15
2026-08-19,Region A,P025,95,97,0.32
2026-08-19,Region A,P026,117,120,0.61
2026-08-19,Region A,P027,115,119,0.17
2026-08-19,Region A,P028,138,145,1.59
2026-08-19,Region A,P029,107,112,0.25
2026-08-19,Region A,P030,150,154,0.87
2026-08-19,Region B,P001,134,140,0.94
2026-08-19,Region B,P002,112,116,1.35
2026-08-19,Region B,P003,90,94,1.4
2026-08-19,Region B,P004,94,96,0.54
2026-08-19,Region B,P005,95,101,1.73
2026-08-19,Region B,P006,150,159,0.23
2026-08-19,Region B,P007,138,140,0.0
2026-08-19,Region B,P008,132,137,1.37
2026-08-19,Region B,P009,138,146,1.39
2026-08-19,Region B,P010,127,133,1.99
2026-08-19,Region B,P011,89,93,0.69
2026-08-19,Region B,P012,116,123,1.2
2026-08-19,Region B,P013,93,99,1.74
2026-08-19,Region B,P014,128,132,1.2
2026-08-19,Region B,P015,131,136,1.01
2026-08-19,Region B,P016,148,151,0.0
2026-08-19,Region B,P017,110,115,1.06
2026-08-19,Region B,P018,130,137,1.1
2026-08-19,Region B,P019,133,141,0.97
2026-08-19,Region B,P020,145,149,0.44
2026-08-19,Region B,P021,122,128,1.64
2026-08-19,Region B,P022,80,85,1.41
2026-08-19,Region B,P023,139,146,0.92
2026-08-19,Region B,P024,128,130,0.09
2026-08-19,Region B,P025,118,121,0.39
2026-08-19,Region B,P026,97,99,0.16
2026-08-19,Region B,P027,104,110,0.3
2026-08-19,Region B,P028,147,150,0.12
2026-08-19,Region B,P029,112,116,0.14
2026-08-19,Region B,P030,130,139,1.94
2026-08-19,Region C,P001,137,143,0.92
2026-08-19,Region C,P002,150,156,0.95
2026-08-19,Region C,P003,99,106,1.83
2026-08-19,Region C,P004,153,158,0.61
2026-08-19,Region C,P005,149,151,0.79
2026-08-19,Region C,P006,128,131,0.0
2026-08-19,Region C,P007,101,104,0.69
2026-08-19,Region C,P008,139,144,0.59
2026-08-19,Region C,P009,104,109,1.08
2026-08-19,Region C,P010,149,152,0.22
2026-08-19,Region C,P011,110,114,0.51
2026-08-19,Region C,P012,126,131,1.73
2026-08-19,Region C,P013,118,123,0.0
2026-08-19,Region C,P014,149,156,0.75
2026-08-19,Region C,P015,119,122,0.91
2026-08-19,Region C,P016,95,98,0.45
2026-08-19,Region C,P017,133,138,0.07
2026-08-19,Region C,P018,109,112,0.8
2026-08-19,Region C,P019,83,88,1.33
2026-08-19,Region C,P020,106,111,1.38
2026-08-19,Region C,P021,93,97,1.55
2026-08-19,Region C,P022,77,82,0.29
2026-08-19,Region C,P023,121,123,0.52
2026-08-19,Region C,P024,85,90,0.48
2026-08-19,Region C,P025,149,154,0.18
2026-08-19,Region C,P026,79,82,0.98
2026-08-19,Region C,P027,122,127,1.24
2026-08-19,Region C,P028,137,139,0.77
2026-08-19,Region C,P029,128,134,0.0
2026-08-19,Region C,P030,136,138,0.76
2026-08-19,Region D,P001,80,81,0.0
2026-08-19,Region D,P002,78,83,1.46
2026-08-19,Region D,P003,138,144,0.75
2026-08-19,Region D,P004,102,104,0.15
2026-08-19,Region D,P005,106,112,1.4
2026-08-19,Region D,P006,127,135,1.05
2026-08-19,Region D,P007,130,132,0.43
2026-08-19,Region D,P008,114,119,0.78
2026-08-19,Region D,P009,140,143,0.0
2026-08-19,Region D,P010,121,124,0.53
2026-08-19,Region D,P011,84,89,0.25
2026-08-19,Region D,P012,127,129,0.0
2026-08-19,Region D,P013,94,99,1.48
2026-08-19,Region D,P014,122,124,0.54
2026-08-19,Region D,P015,99,102,0.0
2026-08-19,Region D,P016,103,110,1.29
2026-08-19,Region D,P017,137,140,1.66
2026-08-19,Region D,P018,151,155,0.0
2026-08-19,Region D,P019,114,118,1.32
2026-08-19,Region D,P020,100,102,0.33
2026-08-19,Region D,P021,100,105,0.56
2026-08-19,Region D,P022,132,137,0.35
2026-08-19,Region D,P023,87,89,0.0
2026-08-19,Region D,P024,93,99,1.54
2026-08-19,Region D,P025,135,144,1.86
2026-08-19,Region D,P026,135,143,0.58
2026-08-19,Region D,P027,108,114,1.35
2026-08-19,Region D,P028,143,150,0.05
2026-08-19,Region D,P029,138,146,2.2
2026-08-19,Region D,P030,116,120,0.65
2026-08-20,Region A,P001,96,110,2.64
2026-08-20,Region A,P002,121,138,2.96
2026-08-20,Region A,P003,128,146,2.95
2026-08-20,Region A,P004,101,115,2.41
2026-08-20,Region A,P005,84,96,2.62
2026-08-20,Region A,P006,139,159,2.85
2026-08-20,Region A,P007,139,159,2.88
2026-08-20,Region A,P008,132,151,2.81
2026-08-20,Region A,P009,105,120,2.33
2026-08-20,Region A,P010,80,92,3.23
2026-08-20,Region A,P011,122,127,1.08
2026-08-20,Region A,P012,93,97,0.48
2026-08-20,Region A,P013,107,112,1.3
2026-08-20,Region A,P014,114,121,1.47
2026-08-20,Region A,P015,81,84,0.71
2026-08-20,Region A,P016,83,85,0.51
2026-08-20,Region A,P017,125,128,1.37
2026-08-20,Region A,P018,132,138,0.46
2026-08-20,Region A,P019,93,96,0.5
2026-08-20,Region A,P020,144,152,1.35
2026-08-20,Region A,P021,113,120,0.99
2026-08-20,Region A,P022,106,108,0.14
2026-08-20,Region A,P023,131,134,0.58
2026-08-20,Region A,P024,81,85,1.81
2026-08-20,Region A,P025,120,123,0.97
2026-08-20,Region A,P026,106,112,0.2
2026-08-20,Region A,P027,140,147,0.72
2026-08-20,Region A,P028,135,137,0.47
2026-08-20,Region A,P029,109,113,1.14
2026-08-20,Region A,P030,78,80,0.0
2026-08-20,Region B,P001,125,129,1.78
2026-08-20,Region B,P002,111,114,0.0
2026-08-20,Region B,P003,84,86,0.69
2026-08-20,Region B,P004,94,98,0.64
2026-08-20,Region B,P005,117,123,1.12
2026-08-20,Region B,P006,124,131,1.27
2026-08-20,Region B,P007,108,110,0.92
2026-08-20,Region B,P008,111,114,0.06
2026-08-20,Region B,P009,101,106,1.13
2026-08-20,Region B,P010,116,119,0.34
2026-08-20,Region B,P011,84,86,0.0
2026-08-20,Region B,P012,130,138,1.59
2026-08-20,Region B,P013,84,87,0.23
2026-08-20,Region B,P014,114,120,1.33
2026-08-20,Region B,P015,115,119,0.97
2026-08-20,Region B,P016,137,144,0.48
2026-08-20,Region B,P017,140,147,1.27
2026-08-20,Region B,P018,95,101,1.18
2026-08-20,Region B,P019,102,104,0.29
2026-08-20,Region B,P020,129,132,1.31
2026-08-20,Region B,P021,121,128,1.31
2026-08-20,Region B,P022,154,157,0.57
2026-08-20,Region B,P023,116,123,1.62
2026-08-20,Region B,P024,107,111,0.16
2026-08-20,Region B,P025,94,99,0.99
2026-08-20,Region B,P026,143,150,1.61
2026-08-20,Region B,P027,130,133,0.32
2026-08-20,Region B,P028,105,107,0.0
2026-08-20,Region B,P029,92,96,1.29
2026-08-20,Region B,P030,83,88,1.0
2026-08-20,Region C,P001,116,120,0.0
2026-08-20,Region C,P002,106,111,0.31
2026-08-20,Region C,P003,128,134,1.38
2026-08-20,Region C,P004,124,131,0.9
2026-08-20,Region C,P005,154,159,0.23
2026-08-20,Region C,P006,85,87,0.29
2026-08-20,Region C,P007,89,93,1.23
2026-08-20,Region C,P008,84,88,1.44
2026-08-20,Region C,P009,144,149,0.45
2026-08-20,Region C,P010,100,107,1.95
2026-08-20,Region C,P011,116,122,1.02
2026-08-20,Region C,P012,134,138,0.69
2026-08-20,Region C,P013,105,110,0.77
2026-08-20,Region C,P014,133,138,0.57
2026-08-20,Region C,P015,140,143,0.66
2026-08-20,Region C,P016,151,156,0.66
2026-08-20,Region C,P017,93,99,1.17
2026-08-20,Region C,P018,148,154,1.08
2026-08-20,Region C,P019,145,155,1.48
2026-08-20,Region C,P020,146,149,0.42
2026-08-20,Region C,P021,79,81,0.58
2026-08-20,Region C,P022,110,116,1.67
2026-08-20,Region C,P023,131,135,1.02
2026-08-20,Region C,P024,116,119,1.32
2026-08-20,Region C,P025,151,157,0.1
2026-08-20,Region C,P026,139,142,0.98
2026-08-20,Region C,P027,79,83,0.46
2026-08-20,Region C,P028,142,150,1.23
2026-08-20,Region C,P029,83,87,0.88
2026-08-20,Region C,P030,128,134,0.6
2026-08-20,Region D,P001,120,124,1.52
2026-08-20,Region D,P002,100,103,1.04
2026-08-20,Region D,P003,100,104,0.45
2026-08-20,Region D,P004,94,100,1.35
2026-08-20,Region D,P005,100,106,1.84
2026-08-20,Region D,P006,121,127,2.13
2026-08-20,Region D,P007,91,94,0.51
2026-08-20,Region D,P008,135,137,0.66
2026-08-20,Region D,P009,150,153,0.99
2026-08-20,Region D,P010,107,113,0.95
2026-08-20,Region D,P011,134,141,0.12
2026-08-20,Region D,P012,100,103,0.76
2026-08-20,Region D,P013,103,109,1.28
2026-08-20,Region D,P014,151,155,0.86
2026-08-20,Region D,P015,81,84,1.0
2026-08-20,Region D,P016,89,94,1.62
2026-08-20,Region D,P017,116,121,0.92
2026-08-20,Region D,P018,145,149,0.17
2026-08-20,Region D,P019,146,155,1.3
2026-08-20,Region D,P020,92,95,1.55
2026-08-20,Region D,P021,154,158,1.01
2026-08-20,Region D,P022,133,139,0.28
2026-08-20,Region D,P023,137,146,1.36
2026-08-20,Region D,P024,84,87,1.08
2026-08-20,Region D,P025,102,108,0.75
2026-08-20,Region D,P026,85,87,0.98
2026-08-20,Region D,P027,97,100,0.66
2026-08-20,Region D,P028,80,83,1.49
2026-08-20,Region D,P029,96,99,1.24
2026-08-20,Region D,P030,83,88,0.34
2026-08-21,Region A,P001,86,98,2.97
2026-08-21,Region A,P002,97,111,4.07
2026-08-21,Region A,P003,110,126,2.4
2026-08-21,Region A,P004,74,85,3.23
2026-08-21,Region A,P005,74,85,2.91
2026-08-21,Region A,P006,70,80,2.92
2026-08-21,Region A,P007,94,107,3.19
2026-08-21,Region A,P008,78,89,1.79
2026-08-21,Region A,P009,126,144,2.67
2026-08-21,Region A,P010,120,137,1.78
2026-08-21,Region A,P011,152,158,0.99
2026-08-21,Region A,P012,153,158,0.32
2026-08-21,Region A,P013,145,153,1.11
2026-08-21,Region A,P014,107,110,1.1
2026-08-21,Region A,P015,111,115,0.71
2026-08-21,Region A,P016,103,110,0.92
2026-08-21,Region A,P017,133,136,0.52
2026-08-21,Region A,P018,82,86,0.78
2026-08-21,Region A,P019,152,155,1.3
2026-08-21,Region A,P020,89,94,0.72
2026-08-21,Region A,P021,136,138,0.24
2026-08-21,Region A,P022,136,141,0.11
2026-08-21,Region A,P023,112,118,0.66
2026-08-21,Region A,P024,136,140,0.69
2026-08-21,Region A,P025,112,117,0.26
2026-08-21,Region A,P026,81,85,1.42
2026-08-21,Region A,P027,140,144,0.86
2026-08-21,Region A,P028,133,139,0.49
2026-08-21,Region A,P029,101,107,1.76
2026-08-21,Region A,P030,86,91,0.6
2026-08-21,Region B,P001,101,103,0.9
2026-08-21,Region B,P002,82,86,0.4
2026-08-21,Region B,P003,116,120,0.89
2026-08-21,Region B,P004,77,82,1.86
2026-08-21,Region B,P005,95,101,1.41
2026-08-21,Region B,P006,143,151,1.33
2026-08-21,Region B,P007,133,142,1.61
2026-08-21,Region B,P008,141,144,0.13
2026-08-21,Region B,P009,135,144,1.06
2026-08-21,Region B,P010,115,119,1.04
2026-08-21,Region B,P011,123,127,0.0
2026-08-21,Region B,P012,114,118,0.79
2026-08-21,Region B,P013,112,117,1.05
2026-08-21,Region B,P014,103,109,1.25
2026-08-21,Region B,P015,151,157,0.88
2026-08-21,Region B,P016,128,130,0.14
2026-08-21,Region B,P017,92,94,0.31
2026-08-21,Region B,P018,147,152,0.34
2026-08-21,Region B,P019,135,141,1.5
2026-08-21,Region B,P020,148,154,0.98
2026-08-21,Region B,P021,126,128,0.03
2026-08-21,Region B,P022,83,88,1.5
2026-08-21,Region B,P023,91,96,1.68
2026-08-21,Region B,P024,107,109,0.0
2026-08-21,Region B,P025,103,109,1.78
2026-08-21,Region B,P026,79,81,1.38
2026-08-21,Region B,P027,109,114,0.7
2026-08-21,Region B,P028,90,95,0.83
2026-08-21,Region B,P029,125,133,0.79
2026-08-21,Region B,P030,136,138,0.46
2026-08-21,Region C,P001,128,135,1.26
2026-08-21,Region C,P002,147,154,1.19
2026-08-21,Region C,P003,134,140,0.96
2026-08-21,Region C,P004,131,138,1.48
2026-08-21,Region C,P005,131,136,1.32
2026-08-21,Region C,P006,110,117,0.63
2026-08-21,Region C,P007,85,87,0.0
2026-08-21,Region C,P008,105,107,0.27
2026-08-21,Region C,P009,81,83,0.41
2026-08-21,Region C,P010,92,94,0.0
2026-08-21,Region C,P011,113,117,1.61
2026-08-21,Region C,P012,111,114,0.0
2026-08-21,Region C,P013,139,142,0.13
2026-08-21,Region C,P014,153,155,0.43
2026-08-21,Region C,P015,123,126,0.62
2026-08-21,Region C,P016,136,142,1.32
2026-08-21,Region C,P017,149,157,1.83
2026-08-21,Region C,P018,131,138,0.99
2026-08-21,Region C,P019,125,132,1.28
2026-08-21,Region C,P020,89,94,1.74
2026-08-21,Region C,P021,123,131,0.95
2026-08-21,Region C,P022,94,96,0.75
2026-08-21,Region C,P023,93,99,1.17
2026-08-21,Region C,P024,134,141,1.72
2026-08-21,Region C,P025,113,117,1.1
2026-08-21,Region C,P026,121,125,0.65
2026-08-21,Region C,P027,91,97,1.78
2026-08-21,Region C,P028,127,131,0.54
2026-08-21,Region C,P029,106,109,0.35
2026-08-21,Region C,P030,90,96,2.11
2026-08-21,Region D,P001,105,110,1.29
2026-08-21,Region D,P002,149,157,1.53
2026-08-21,Region D,P003,134,139,0.24
2026-08-21,Region D,P004,148,152,1.0
2026-08-21,Region D,P005,127,135,1.45
2026-08-21,Region D,P006,102,109,1.78
2026-08-21,Region D,P007,89,92,0.82
2026-08-21,Region D,P008,151,156,0.0
2026-08-21,Region D,P009,140,142,0.17
2026-08-21,Region D,P010,124,129,0.57
2026-08-21,Region D,P011,126,133,1.54
2026-08-21,Region D,P012,132,139,0.73
2026-08-21,Region D,P013,98,102,0.76
2026-08-21,Region D,P014,144,147,0.02
2026-08-21,Region D,P015,79,83,0.66
2026-08-21,Region D,P016,145,148,1.06
2026-08-21,Region D,P017,115,123,0.84
2026-08-21,Region D,P018,148,150,0.0
2026-08-21,Region D,P019,109,114,0.72
2026-08-21,Region D,P020,115,119,1.23
2026-08-21,Region D,P021,103,107,0.26
2026-08-21,Region D,P022,127,132,1.26
2026-08-21,Region D,P023,121,124,0.75
2026-08-21,Region D,P024,124,127,1.06
2026-08-21,Region D,P025,111,115,0.95
2026-08-21,Region D,P026,105,112,1.7
2026-08-21,Region D,P027,112,114,0.06
2026-08-21,Region D,P028,143,149,0.7
2026-08-21,Region D,P029,107,109,0.75
2026-08-21,Region D,P030,110,113,0.3
2026-08-22,Region A,P001,137,156,3.34
2026-08-22,Region A,P002,124,141,2.67
2026-08-22,Region A,P003,70,80,3.11
2026-08-22,Region A,P004,132,150,3.07
2026-08-22,Region A,P005,88,100,3.18
2026-08-22,Region A,P006,107,122,3.31
2026-08-22,Region A,P007,100,114,2.89
2026-08-22,Region A,P008,110,125,3.33
2026-08-22,Region A,P009,95,108,2.6
2026-08-22,Region A,P010,115,131,3.23
2026-08-22,Region A,P011,125,129,1.08
2026-08-22,Region A,P012,83,85,1.12
2026-08-22,Region A,P013,86,92,1.64
2026-08-22,Region A,P014,133,140,1.33
2026-08-22,Region A,P015,124,130,1.27
2026-08-22,Region A,P016,152,155,0.0
2026-08-22,Region A,P017,106,113,1.88
2026-08-22,Region A,P018,151,159,1.11
2026-08-22,Region A,P019,151,155,0.52
2026-08-22,Region A,P020,107,114,1.05
2026-08-22,Region A,P021,96,101,1.62
2026-08-22,Region A,P022,116,122,2.39
2026-08-22,Region A,P023,87,92,1.6
2026-08-22,Region A,P024,107,112,0.58
2026-08-22,Region A,P025,110,116,1.23
2026-08-22,Region A,P026,126,130,0.0
2026-08-22,Region A,P027,146,155,0.74
2026-08-22,Region A,P028,123,125,0.17
2026-08-22,Region A,P029,100,105,0.89
2026-08-22,Region A,P030,153,156,0.4
2026-08-22,Region B,P001,89,95,0.8
2026-08-22,Region B,P002,123,130,1.17
2026-08-22,Region B,P003,133,141,0.57
2026-08-22,Region B,P004,94,99,0.96
2026-08-22,Region B,P005,118,121,0.1
2026-08-22,Region B,P006,114,121,0.93
2026-08-22,Region B,P007,153,156,0.0
2026-08-22,Region B,P008,125,131,0.59
2026-08-22,Region B,P009,122,127,0.39
2026-08-22,Region B,P010,134,139,0.71
2026-08-22,Region B,P011,121,127,0.56
2026-08-22,Region B,P012,108,110,0.84
2026-08-22,Region B,P013,132,136,0.16
2026-08-22,Region B,P014,156,159,0.47
2026-08-22,Region B,P015,79,81,0.71
2026-08-22,Region B,P016,95,100,1.26
2026-08-22,Region B,P017,88,92,0.35
2026-08-22,Region B,P018,127,131,2.09
2026-08-22,Region B,P019,140,143,0.0
2026-08-22,Region B,P020,77,80,0.16
2026-08-22,Region B,P021,135,140,1.19
2026-08-22,Region B,P022,108,111,0.17
2026-08-22,Region B,P023,113,116,1.46
2026-08-22,Region B,P024,145,149,1.0
2026-08-22,Region B,P025,78,80,0.38
2026-08-22,Region B,P026,95,99,1.65
2026-08-22,Region B,P027,149,158,1.75
2026-08-22,Region B,P028,123,127,1.13
2026-08-22,Region B,P029,114,121,0.19
2026-08-22,Region B,P030,82,85,0.24
2026-08-22,Region C,P001,115,123,1.85
2026-08-22,Region C,P002,125,128,0.76
2026-08-22,Region C,P003,78,80,0.68
2026-08-22,Region C,P004,136,140,0.98
2026-08-22,Region C,P005,98,103,1.52
2026-08-22,Region C,P006,149,152,0.0
2026-08-22,Region C,P007,85,89,0.61
2026-08-22,Region C,P008,105,111,1.94
2026-08-22,Region C,P009,139,146,1.0
2026-08-22,Region C,P010,121,126,0.39
2026-08-22,Region C,P011,122,129,1.03
2026-08-22,Region C,P012,130,137,0.93
2026-08-22,Region C,P013,106,109,0.0
2026-08-22,Region C,P014,101,108,1.19
2026-08-22,Region C,P015,107,113,1.22
2026-08-22,Region C,P016,136,143,0.86
2026-08-22,Region C,P017,118,120,0.78
2026-08-22,Region C,P018,129,133,1.32
2026-08-22,Region C,P019,95,97,0.0
2026-08-22,Region C,P020,110,117,1.63
2026-08-22,Region C,P021,92,96,0.75
2026-08-22,Region C,P022,105,112,1.26
2026-08-22,Region C,P023,125,133,1.68
2026-08-22,Region C,P024,118,124,0.82
2026-08-22,Region C,P025,140,144,1.08
2026-08-22,Region C,P026,111,115,0.46
2026-08-22,Region C,P027,144,150,1.17
2026-08-22,Region C,P028,111,115,0.95
2026-08-22,Region C,P029,88,92,0.99
2026-08-22,Region C,P030,136,139,0.56
2026-08-22,Region D,P001,147,155,1.0
2026-08-22,Region D,P002,83,85,0.7
2026-08-22,Region D,P003,135,143,2.71
2026-08-22,Region D,P004,101,107,0.62
2026-08-22,Region D,P005,121,124,0.01
2026-08-22,Region D,P006,104,107,0.31
2026-08-22,Region D,P007,86,90,0.11
2026-08-22,Region D,P008,111,118,1.33
2026-08-22,Region D,P009,143,149,0.0
2026-08-22,Region D,P010,152,159,0.91
2026-08-22,Region D,P011,121,124,0.0
2026-08-22,Region D,P012,114,119,1.47
2026-08-22,Region D,P013,107,114,1.84
2026-08-22,Region D,P014,149,157,0.54
2026-08-22,Region D,P015,77,82,0.87
2026-08-22,Region D,P016,113,117,1.24
2026-08-22,Region D,P017,147,152,0.0
2026-08-22,Region D,P018,139,143,0.78
2026-08-22,Region D,P019,112,114,0.32
2026-08-22,Region D,P020,124,129,0.84
2026-08-22,Region D,P021,125,131,0.34
2026-08-22,Region D,P022,135,141,0.78
2026-08-22,Region D,P023,97,101,0.89
2026-08-22,Region D,P024,93,97,1.11
2026-08-22,Region D,P025,134,137,0.05
2026-08-22,Region D,P026,123,126,0.31
2026-08-22,Region D,P027,84,89,1.37
2026-08-22,Region D,P028,122,126,0.93
2026-08-22,Region D,P029,147,151,0.0
2026-08-22,Region D,P030,112,115,0.6
2026-08-23,Region A,P001,132,151,2.75
2026-08-23,Region A,P002,73,83,2.54
2026-08-23,Region A,P003,107,122,2.46
2026-08-23,Region A,P004,125,143,2.78
2026-08-23,Region A,P005,105,120,2.89
2026-08-23,Region A,P006,99,113,2.75
2026-08-23,Region A,P007,121,138,3.11
2026-08-23,Region A,P008,87,99,2.97
2026-08-23,Region A,P009,104,119,2.7
2026-08-23,Region A,P010,95,109,2.08
2026-08-23,Region A,P011,120,124,0.0
2026-08-23,Region A,P012,148,158,1.33
2026-08-23,Region A,P013,107,114,0.69
2026-08-23,Region A,P014,156,159,0.0
2026-08-23,Region A,P015,89,93,0.78
2026-08-23,Region A,P016,141,149,1.03
2026-08-23,Region A,P017,90,92,0.0
2026-08-23,Region A,P018,82,87,1.51
2026-08-23,Region A,P019,138,140,0.79
2026-08-23,Region A,P020,118,122,1.52
2026-08-23,Region A,P021,108,111,0.53
2026-08-23,Region A,P022,111,114,1.11
2026-08-23,Region A,P023,125,132,2.12
2026-08-23,Region A,P024,125,130,0.14
2026-08-23,Region A,P025,99,103,0.0
2026-08-23,Region A,P026,145,152,1.4
2026-08-23,Region A,P027,85,89,2.05
2026-08-23,Region A,P028,91,93,1.19
2026-08-23,Region A,P029,152,159,0.5
2026-08-23,Region A,P030,143,145,0.15
2026-08-23,Region B,P001,108,111,0.1
2026-08-23,Region B,P002,87,92,1.5
2026-08-23,Region B,P003,155,158,0.28
2026-08-23,Region B,P004,144,147,0.89
2026-08-23,Region B,P005,102,105,1.01
2026-08-23,Region B,P006,127,130,0.37
2026-08-23,Region B,P007,123,126,0.85
2026-08-23,Region B,P008,139,145,1.07
2026-08-23,Region B,P009,97,101,0.73
2026-08-23,Region B,P010,150,155,0.0
2026-08-23,Region B,P011,96,101,0.97
2026-08-23,Region B,P012,104,111,1.36
2026-08-23,Region B,P013,126,132,1.44
2026-08-23,Region B,P014,156,159,0.39
2026-08-23,Region B,P015,95,101,1.72
2026-08-23,Region B,P016,85,91,2.42
2026-08-23,Region B,P017,92,96,1.05
2026-08-23,Region B,P018,117,119,0.36
2026-08-23,Region B,P019,112,117,1.1
2026-08-23,Region B,P020,137,141,0.23
2026-08-23,Region B,P021,151,156,0.44
2026-08-23,Region B,P022,151,158,0.99
2026-08-23,Region B,P023,102,106,0.54
2026-08-23,Region B,P024,153,158,0.43
2026-08-23,Region B,P025,150,158,1.27
2026-08-23,Region B,P026,135,141,0.28
2026-08-23,Region B,P027,80,83,0.93
2026-08-23,Region B,P028,139,144,0.22
2026-08-23,Region B,P029,138,146,1.63
2026-08-23,Region B,P030,96,99,0.43
2026-08-23,Region C,P001,130,132,0.77
2026-08-23,Region C,P002,135,140,0.49
2026-08-23,Region C,P003,129,135,0.92
2026-08-23,Region C,P004,118,120,0.0
2026-08-23,Region C,P005,129,133,0.0
2026-08-23,Region C,P006,95,98,0.09
2026-08-23,Region C,P007,125,131,1.39
2026-08-23,Region C,P008,139,146,0.64
2026-08-23,Region C,P009,79,81,0.0
2026-08-23,Region C,P010,116,119,0.1
2026-08-23,Region C,P011,121,127,1.21
2026-08-23,Region C,P012,94,96,1.01
2026-08-23,Region C,P013,115,122,1.4
2026-08-23,Region C,P014,121,125,0.63
2026-08-23,Region C,P015,115,119,1.46
2026-08-23,Region C,P016,150,155,1.26
2026-08-23,Region C,P017,121,127,1.94
2026-08-23,Region C,P018,155,157,0.46
2026-08-23,Region C,P019,143,152,1.71
2026-08-23,Region C,P020,114,120,0.35
2026-08-23,Region C,P021,114,119,1.0
2026-08-23,Region C,P022,107,112,0.87
2026-08-23,Region C,P023,106,110,0.5
2026-08-23,Region C,P024,151,155,0.79
2026-08-23,Region C,P025,93,96,0.0
2026-08-23,Region C,P026,145,150,1.85
2026-08-23,Region C,P027,82,86,0.63
2026-08-23,Region C,P028,104,108,0.96
2026-08-23,Region C,P029,111,116,0.57
2026-08-23,Region C,P030,111,113,0.52
2026-08-23,Region D,P001,153,156,0.02
2026-08-23,Region D,P002,119,124,1.01
2026-08-23,Region D,P003,137,145,0.93
2026-08-23,Region D,P004,123,125,0.0
2026-08-23,Region D,P005,81,83,0.0
2026-08-23,Region D,P006,131,137,0.66
2026-08-23,Region D,P007,95,98,0.6
2026-08-23,Region D,P008,83,86,1.4
2026-08-23,Region D,P009,102,107,0.89
2026-08-23,Region D,P010,139,148,0.82
2026-08-23,Region D,P011,117,123,1.14
2026-08-23,Region D,P012,145,148,0.22
2026-08-23,Region D,P013,101,103,0.0
2026-08-23,Region D,P014,97,99,0.47
2026-08-23,Region D,P015,157,159,0.23
2026-08-23,Region D,P016,134,139,1.05
2026-08-23,Region D,P017,121,124,1.24
2026-08-23,Region D,P018,154,158,0.57
2026-08-23,Region D,P019,96,102,1.85
2026-08-23,Region D,P020,76,81,1.34
2026-08-23,Region D,P021,147,154,1.32
2026-08-23,Region D,P022,103,108,1.55
2026-08-23,Region D,P023,134,143,1.5
2026-08-23,Region D,P024,93,97,1.13
2026-08-23,Region D,P025,146,151,0.66
2026-08-23,Region D,P026,126,131,1.75
2026-08-23,Region D,P027,96,100,0.81
2026-08-23,Region D,P028,109,113,0.18
2026-08-23,Region D,P029,128,132,0.48
2026-08-23,Region D,P030,80,85,0.5
2026-08-24,Region A,P001,131,149,2.69
2026-08-24,Region A,P002,117,133,3.4
2026-08-24,Region A,P003,90,103,2.76
2026-08-24,Region A,P004,118,135,2.55
2026-08-24,Region A,P005,93,106,3.04
2026-08-24,Region A,P006,74,85,2.59
2026-08-24,Region A,P007,79,90,3.9
2026-08-24,Region A,P008,83,95,3.2
2026-08-24,Region A,P009,95,108,2.61
2026-08-24,Region A,P010,102,116,3.19
2026-08-24,Region A,P011,114,117,0.14
2026-08-24,Region A,P012,145,152,2.18
2026-08-24,Region A,P013,128,137,1.68
2026-08-24,Region A,P014,145,148,0.15
2026-08-24,Region A,P015,139,142,0.98
2026-08-24,Region A,P016,111,119,0.98
2026-08-24,Region A,P017,88,93,1.37
2026-08-24,Region A,P018,97,102,0.51
2026-08-24,Region A,P019,103,106,0.65
2026-08-24,Region A,P020,103,108,0.56
2026-08-24,Region A,P021,126,131,1.68
2026-08-24,Region A,P022,120,125,1.12
2026-08-24,Region A,P023,100,103,1.16
2026-08-24,Region A,P024,85,90,1.03
2026-08-24,Region A,P025,152,158,0.36
2026-08-24,Region A,P026,80,83,0.0
2026-08-24,Region A,P027,138,144,0.06
2026-08-24,Region A,P028,118,122,1.49
2026-08-24,Region A,P029,91,95,0.61
2026-08-24,Region A,P030,110,113,0.18
2026-08-24,Region B,P001,120,127,1.31
2026-08-24,Region B,P002,83,88,1.07
2026-08-24,Region B,P003,128,130,1.2
2026-08-24,Region B,P004,135,137,0.0
2026-08-24,Region B,P005,124,132,1.85
2026-08-24,Region B,P006,138,145,1.15
2026-08-24,Region B,P007,102,107,2.61
2026-08-24,Region B,P008,138,144,0.63
2026-08-24,Region B,P009,121,124,0.0
2026-08-24,Region B,P010,77,81,1.12
2026-08-24,Region B,P011,143,146,0.87
2026-08-24,Region B,P012,150,153,0.0
2026-08-24,Region B,P013,151,153,1.15
2026-08-24,Region B,P014,101,108,1.89
2026-08-24,Region B,P015,124,132,1.6
2026-08-24,Region B,P016,137,145,0.95
2026-08-24,Region B,P017,98,102,0.7
2026-08-24,Region B,P018,81,85,0.99
2026-08-24,Region B,P019,147,156,1.23
2026-08-24,Region B,P020,108,114,0.73
2026-08-24,Region B,P021,75,80,0.21
2026-08-24,Region B,P022,139,145,1.0
2026-08-24,Region B,P023,138,147,1.25
2026-08-24,Region B,P024,123,127,1.35
2026-08-24,Region B,P025,97,103,1.7
2026-08-24,Region B,P026,152,156,0.55
2026-08-24,Region B,P027,105,108,0.67
2026-08-24,Region B,P028,122,124,1.08
2026-08-24,Region B,P029,130,132,0.0
2026-08-24,Region B,P030,86,91,0.86
2026-08-24,Region C,P001,133,140,0.93
2026-08-24,Region C,P002,128,135,1.25
2026-08-24,Region C,P003,83,89,1.56
2026-08-24,Region C,P004,148,151,0.0
2026-08-24,Region C,P005,136,140,0.13
2026-08-24,Region C,P006,81,84,0.0
2026-08-24,Region C,P007,96,99,0.72
2026-08-24,Region C,P008,114,120,1.85
2026-08-24,Region C,P009,84,90,0.78
2026-08-24,Region C,P010,88,93,1.05
2026-08-24,Region C,P011,113,117,0.31
2026-08-24,Region C,P012,93,96,1.11
2026-08-24,Region C,P013,120,125,1.22
2026-08-24,Region C,P014,152,157,1.16
2026-08-24,Region C,P015,116,123,1.06
2026-08-24,Region C,P016,109,112,1.17
2026-08-24,Region C,P017,114,116,0.55
2026-08-24,Region C,P018,147,149,0.12
2026-08-24,Region C,P019,123,129,1.3
2026-08-24,Region C,P020,103,106,0.76
2026-08-24,Region C,P021,136,143,1.01
2026-08-24,Region C,P022,128,134,0.77
2026-08-24,Region C,P023,104,109,0.38
2026-08-24,Region C,P024,106,113,1.16
2026-08-24,Region C,P025,133,137,0.84
2026-08-24,Region C,P026,130,132,0.0
2026-08-24,Region C,P027,92,95,1.46
2026-08-24,Region C,P028,89,90,0.0
2026-08-24,Region C,P029,155,159,0.0
2026-08-24,Region C,P030,149,154,0.76
2026-08-24,Region D,P001,128,136,0.59
2026-08-24,Region D,P002,100,106,2.01
2026-08-24,Region D,P003,122,127,0.0
2026-08-24,Region D,P004,149,155,0.0
2026-08-24,Region D,P005,136,145,0.97
2026-08-24,Region D,P006,138,145,0.81
2026-08-24,Region D,P007,138,147,0.89
2026-08-24,Region D,P008,83,89,1.73
2026-08-24,Region D,P009,86,90,1.74
2026-08-24,Region D,P010,101,106,0.1
2026-08-24,Region D,P011,83,87,0.49
2026-08-24,Region D,P012,147,154,1.87
2026-08-24,Region D,P013,85,89,0.27
2026-08-24,Region D,P014,136,142,1.38
2026-08-24,Region D,P015,82,85,0.9
2026-08-24,Region D,P016,120,126,1.95
2026-08-24,Region D,P017,112,114,0.33
2026-08-24,Region D,P018,81,87,1.29
2026-08-24,Region D,P019,123,130,0.36
2026-08-24,Region D,P020,139,145,0.53
2026-08-24,Region D,P021,86,91,1.24
2026-08-24,Region D,P022,115,119,0.06
2026-08-24,Region D,P023,122,128,0.67
2026-08-24,Region D,P024,80,83,0.29
2026-08-24,Region D,P025,145,151,0.02
2026-08-24,Region D,P026,152,154,0.42
2026-08-24,Region D,P027,137,143,1.39
2026-08-24,Region D,P028,97,99,0.73
2026-08-24,Region D,P029,135,138,0.0
2026-08-24,Region D,P030,130,136,1.56
2026-08-25,Region A,P001,122,139,2.76
2026-08-25,Region A,P002,131,149,2.52
2026-08-25,Region A,P003,90,103,4.26
2026-08-25,Region A,P004,88,101,3.48
2026-08-25,Region A,P005,71,81,3.66
2026-08-25,Region A,P006,84,96,3.23
2026-08-25,Region A,P007,73,84,2.41
2026-08-25,Region A,P008,123,140,3.37
2026-08-25,Region A,P009,115,131,3.31
2026-08-25,Region A,P010,95,108,3.42
2026-08-25,Region A,P011,118,125,0.79
2026-08-25,Region A,P012,137,143,1.22
2026-08-25,Region A,P013,124,126,0.02
2026-08-25,Region A,P014,137,143,1.16
2026-08-25,Region A,P015,128,136,1.5
2026-08-25,Region A,P016,130,136,1.69
2026-08-25,Region A,P017,136,139,0.36
2026-08-25,Region A,P018,107,112,0.89
2026-08-25,Region A,P019,150,158,1.1
2026-08-25,Region A,P020,96,98,0.0
2026-08-25,Region A,P021,95,99,1.16
2026-08-25,Region A,P022,114,116,0.09
2026-08-25,Region A,P023,101,107,1.46
2026-08-25,Region A,P024,146,154,0.74
2026-08-25,Region A,P025,97,103,1.11
2026-08-25,Region A,P026,142,145,0.0
2026-08-25,Region A,P027,118,122,0.52
2026-08-25,Region A,P028,94,100,1.68
2026-08-25,Region A,P029,115,119,1.31
2026-08-25,Region A,P030,86,89,0.83
2026-08-25,Region B,P001,101,107,1.78
2026-08-25,Region B,P002,146,152,0.93
2026-08-25,Region B,P003,106,110,0.72
2026-08-25,Region B,P004,149,159,2.33
2026-08-25,Region B,P005,122,125,0.0
2026-08-25,Region B,P006,96,99,0.26
2026-08-25,Region B,P007,134,140,2.19
2026-08-25,Region B,P008,93,95,0.0
2026-08-25,Region B,P009,128,131,0.31
2026-08-25,Region B,P010,152,158,0.5
2026-08-25,Region B,P011,108,114,1.41
2026-08-25,Region B,P012,86,91,0.97
2026-08-25,Region B,P013,96,98,0.47
2026-08-25,Region B,P014,118,120,0.23
2026-08-25,Region B,P015,79,81,0.0
2026-08-25,Region B,P016,138,145,1.55
2026-08-25,Region B,P017,130,138,0.72
2026-08-25,Region B,P018,83,87,0.89
2026-08-25,Region B,P019,111,115,1.34
2026-08-25,Region B,P020,141,146,0.97
2026-08-25,Region B,P021,95,101,1.34
2026-08-25,Region B,P022,127,131,0.0
2026-08-25,Region B,P023,143,150,1.56
2026-08-25,Region B,P024,96,98,0.67
2026-08-25,Region B,P025,151,154,0.43
2026-08-25,Region B,P026,131,138,1.24
2026-08-25,Region B,P027,89,90,1.1
2026-08-25,Region B,P028,129,137,0.54
2026-08-25,Region B,P029,91,93,0.23
2026-08-25,Region B,P030,121,124,0.29
2026-08-25,Region C,P001,99,104,0.5
2026-08-25,Region C,P002,137,140,1.14
2026-08-25,Region C,P003,77,80,1.18
2026-08-25,Region C,P004,118,122,0.57
2026-08-25,Region C,P005,133,141,1.91
2026-08-25,Region C,P006,122,128,1.59
2026-08-25,Region C,P007,95,98,0.0
2026-08-25,Region C,P008,152,159,0.41
2026-08-25,Region C,P009,122,125,0.44
2026-08-25,Region C,P010,88,92,0.0
2026-08-25,Region C,P011,83,85,0.0
2026-08-25,Region C,P012,149,155,0.97
2026-08-25,Region C,P013,106,109,0.43
2026-08-25,Region C,P014,132,138,0.88
2026-08-25,Region C,P015,101,107,0.95
2026-08-25,Region C,P016,118,126,1.13
2026-08-25,Region C,P017,148,151,0.82
2026-08-25,Region C,P018,101,104,1.29
2026-08-25,Region C,P019,116,123,1.65
2026-08-25,Region C,P020,81,84,0.0
2026-08-25,Region C,P021,108,114,1.49
2026-08-25,Region C,P022,86,88,0.75
2026-08-25,Region C,P023,78,82,0.12
2026-08-25,Region C,P024,127,129,0.14
2026-08-25,Region C,P025,148,151,1.06
2026-08-25,Region C,P026,116,120,0.5
2026-08-25,Region C,P027,133,137,0.59
2026-08-25,Region C,P028,124,132,1.18
2026-08-25,Region C,P029,148,156,0.0
2026-08-25,Region C,P030,76,80,0.69
2026-08-25,Region D,P001,104,109,1.41
2026-08-25,Region D,P002,95,97,0.93
2026-08-25,Region D,P003,83,89,2.27
2026-08-25,Region D,P004,115,122,0.68
2026-08-25,Region D,P005,92,95,0.95
2026-08-25,Region D,P006,135,139,0.96
2026-08-25,Region D,P007,111,118,1.57
2026-08-25,Region D,P008,96,101,1.41
2026-08-25,Region D,P009,127,132,0.0
2026-08-25,Region D,P010,96,98,0.54
2026-08-25,Region D,P011,120,128,1.4
2026-08-25,Region D,P012,83,86,1.65
2026-08-25,Region D,P013,132,140,1.44
2026-08-25,Region D,P014,86,88,0.0
2026-08-25,Region D,P015,123,127,0.38
2026-08-25,Region D,P016,118,121,0.74
2026-08-25,Region D,P017,104,110,1.11
2026-08-25,Region D,P018,140,143,0.46
2026-08-25,Region D,P019,146,150,1.4
2026-08-25,Region D,P020,91,96,1.36
2026-08-25,Region D,P021,135,140,1.55
2026-08-25,Region D,P022,104,107,1.16
2026-08-25,Region D,P023,139,145,1.03
2026-08-25,Region D,P024,133,139,1.72
2026-08-25,Region D,P025,130,135,1.51
2026-08-25,Region D,P026,79,84,1.16
2026-08-25,Region D,P027,136,139,0.0
2026-08-25,Region D,P028,88,90,1.86
2026-08-25,Region D,P029,92,96,1.04
2026-08-25,Region D,P030,108,115,1.41
2026-08-26,Region A,P001,97,111,3.61
2026-08-26,Region A,P002,133,152,3.97
2026-08-26,Region A,P003,120,137,2.85
2026-08-26,Region A,P004,86,98,3.62
2026-08-26,Region A,P005,108,123,2.06
2026-08-26,Region A,P006,82,94,2.83
2026-08-26,Region A,P007,126,144,2.5
2026-08-26,Region A,P008,81,93,3.01
2026-08-26,Region A,P009,93,106,2.76
2026-08-26,Region A,P010,129,147,2.72
2026-08-26,Region A,P011,149,153,0.69
2026-08-26,Region A,P012,115,123,1.19
2026-08-26,Region A,P013,114,117,0.0
2026-08-26,Region A,P014,127,129,0.24
2026-08-26,Region A,P015,81,85,0.35
2026-08-26,Region A,P016,97,100,0.66
2026-08-26,Region A,P017,138,144,0.42
2026-08-26,Region A,P018,130,137,1.76
2026-08-26,Region A,P019,133,137,0.14
2026-08-26,Region A,P020,132,136,0.91
2026-08-26,Region A,P021,124,132,1.12
2026-08-26,Region A,P022,103,109,2.07
2026-08-26,Region A,P023,83,87,1.11
2026-08-26,Region A,P024,108,110,0.0
2026-08-26,Region A,P025,77,82,1.28
2026-08-26,Region A,P026,134,142,0.21
2026-08-26,Region A,P027,136,142,0.16
2026-08-26,Region A,P028,133,138,1.14
2026-08-26,Region A,P029,132,140,1.37
2026-08-26,Region A,P030,142,149,1.02
2026-08-26,Region B,P001,96,103,1.3
2026-08-26,Region B,P002,102,108,1.13
2026-08-26,Region B,P003,137,144,1.7
2026-08-26,Region B,P004,114,120,0.64
2026-08-26,Region B,P005,107,111,1.7
2026-08-26,Region B,P006,123,128,0.7
2026-08-26,Region B,P007,135,138,1.1
2026-08-26,Region B,P008,105,111,1.76
2026-08-26,Region B,P009,92,97,0.91
2026-08-26,Region B,P010,152,159,0.93
2026-08-26,Region B,P011,130,133,0.0
2026-08-26,Region B,P012,128,136,1.06
2026-08-26,Region B,P013,93,98,0.74
2026-08-26,Region B,P014,110,115,0.0
2026-08-26,Region B,P015,133,142,0.55
2026-08-26,Region B,P016,123,131,0.84
2026-08-26,Region B,P017,144,151,1.15
2026-08-26,Region B,P018,142,149,0.61
2026-08-26,Region B,P019,114,122,0.95
2026-08-26,Region B,P020,92,94,0.37
2026-08-26,Region B,P021,129,135,1.74
2026-08-26,Region B,P022,91,95,0.69
2026-08-26,Region B,P023,93,97,0.41
2026-08-26,Region B,P024,85,90,1.39
2026-08-26,Region B,P025,96,99,0.14
2026-08-26,Region B,P026,111,115,0.81
2026-08-26,Region B,P027,128,132,0.0
2026-08-26,Region B,P028,126,132,1.28
2026-08-26,Region B,P029,150,159,0.23
2026-08-26,Region B,P030,102,105,1.12
2026-08-26,Region C,P001,91,96,1.3
2026-08-26,Region C,P002,139,146,1.06
2026-08-26,Region C,P003,116,122,0.31
2026-08-26,Region C,P004,115,118,0.8
2026-08-26,Region C,P005,84,89,1.99
2026-08-26,Region C,P006,101,106,0.81
2026-08-26,Region C,P007,118,123,1.26
2026-08-26,Region C,P008,140,146,0.03
2026-08-26,Region C,P009,134,137,0.0
2026-08-26,Region C,P010,136,145,2.11
2026-08-26,Region C,P011,81,86,0.0
2026-08-26,Region C,P012,125,129,0.61
2026-08-26,Region C,P013,148,150,0.3
2026-08-26,Region C,P014,100,106,1.52
2026-08-26,Region C,P015,145,155,1.68
2026-08-26,Region C,P016,131,134,0.29
2026-08-26,Region C,P017,134,140,0.64
2026-08-26,Region C,P018,125,129,0.73
2026-08-26,Region C,P019,81,85,1.55
2026-08-26,Region C,P020,125,127,0.43
2026-08-26,Region C,P021,119,121,0.8
2026-08-26,Region C,P022,99,103,0.84
2026-08-26,Region C,P023,100,104,1.74
2026-08-26,Region C,P024,85,90,1.17
2026-08-26,Region C,P025,110,112,0.15
2026-08-26,Region C,P026,92,96,1.39
2026-08-26,Region C,P027,124,128,0.45
2026-08-26,Region C,P028,98,104,1.13
2026-08-26,Region C,P029,98,102,1.31
2026-08-26,Region C,P030,92,98,2.2
2026-08-26,Region D,P001,143,147,2.37
2026-08-26,Region D,P002,103,110,1.89
2026-08-26,Region D,P003,118,121,0.43
2026-08-26,Region D,P004,114,120,2.13
2026-08-26,Region D,P005,78,81,0.0
2026-08-26,Region D,P006,86,89,0.79
2026-08-26,Region D,P007,106,113,1.05
2026-08-26,Region D,P008,122,125,2.06
2026-08-26,Region D,P009,145,149,0.57
2026-08-26,Region D,P010,98,104,0.63
2026-08-26,Region D,P011,153,158,0.62
2026-08-26,Region D,P012,120,128,2.43
2026-08-26,Region D,P013,96,99,0.79
2026-08-26,Region D,P014,141,148,1.4
2026-08-26,Region D,P015,142,149,1.23
2026-08-26,Region D,P016,86,92,1.35
2026-08-26,Region D,P017,139,145,1.88
2026-08-26,Region D,P018,145,151,1.09
2026-08-26,Region D,P019,147,153,0.28
2026-08-26,Region D,P020,109,113,0.0
2026-08-26,Region D,P021,152,159,1.56
2026-08-26,Region D,P022,149,159,1.09
2026-08-26,Region D,P023,91,97,1.93
2026-08-26,Region D,P024,132,138,1.16
2026-08-26,Region D,P025,128,133,0.84
2026-08-26,Region D,P026,78,83,1.38
2026-08-26,Region D,P027,126,134,1.12
2026-08-26,Region D,P028,130,138,1.07
2026-08-26,Region D,P029,80,84,0.85
2026-08-26,Region D,P030,124,128,0.24
2026-08-27,Region A,P001,76,87,2.73
2026-08-27,Region A,P002,72,82,3.22
2026-08-27,Region A,P003,80,91,2.8
2026-08-27,Region A,P004,100,114,1.61
2026-08-27,Region A,P005,132,151,2.42
2026-08-27,Region A,P006,136,155,2.31
2026-08-27,Region A,P007,130,148,2.52
2026-08-27,Region A,P008,124,141,2.38
2026-08-27,Region A,P009,105,120,3.36
2026-08-27,Region A,P010,73,83,2.62
2026-08-27,Region A,P011,143,148,0.0
2026-08-27,Region A,P012,100,105,1.06
2026-08-27,Region A,P013,136,139,0.49
2026-08-27,Region A,P014,110,113,0.36
2026-08-27,Region A,P015,130,135,0.39
2026-08-27,Region A,P016,119,125,1.5
2026-08-27,Region A,P017,104,106,0.1
2026-08-27,Region A,P018,142,149,1.34
2026-08-27,Region A,P019,153,158,1.13
2026-08-27,Region A,P020,122,128,1.31
2026-08-27,Region A,P021,100,106,1.43
2026-08-27,Region A,P022,84,90,1.11
2026-08-27,Region A,P023,127,134,0.94
2026-08-27,Region A,P024,103,109,1.02
2026-08-27,Region A,P025,128,133,0.37
2026-08-27,Region A,P026,108,115,2.4
2026-08-27,Region A,P027,106,111,0.66
2026-08-27,Region A,P028,135,137,0.0
2026-08-27,Region A,P029,99,103,0.09
2026-08-27,Region A,P030,88,94,0.52
2026-08-27,Region B,P001,124,131,1.1
2026-08-27,Region B,P002,105,109,0.19
2026-08-27,Region B,P003,105,108,0.4
2026-08-27,Region B,P004,78,81,0.63
2026-08-27,Region B,P005,132,135,0.27
2026-08-27,Region B,P006,145,152,1.07
2026-08-27,Region B,P007,82,85,1.53
2026-08-27,Region B,P008,110,117,1.38
2026-08-27,Region B,P009,79,81,0.95
2026-08-27,Region B,P010,131,135,0.38
2026-08-27,Region B,P011,131,135,0.0
2026-08-27,Region B,P012,100,107,1.29
2026-08-27,Region B,P013,134,138,1.09
2026-08-27,Region B,P014,104,110,0.58
2026-08-27,Region B,P015,93,95,1.98
2026-08-27,Region B,P016,119,126,0.67
2026-08-27,Region B,P017,152,158,0.51
2026-08-27,Region B,P018,126,130,0.81
2026-08-27,Region B,P019,89,91,0.6
2026-08-27,Region B,P020,100,106,1.13
2026-08-27,Region B,P021,79,82,1.11
2026-08-27,Region B,P022,86,88,1.07
2026-08-27,Region B,P023,84,85,0.66
2026-08-27,Region B,P024,122,124,0.66
2026-08-27,Region B,P025,120,127,0.66
2026-08-27,Region B,P026,97,102,0.24
2026-08-27,Region B,P027,143,151,1.04
2026-08-27,Region B,P028,93,97,0.82
2026-08-27,Region B,P029,157,159,0.0
2026-08-27,Region B,P030,135,142,0.56
2026-08-27,Region C,P001,80,82,0.43
2026-08-27,Region C,P002,123,126,0.0
2026-08-27,Region C,P003,131,138,0.86
2026-08-27,Region C,P004,92,96,0.69
2026-08-27,Region C,P005,125,130,0.72
2026-08-27,Region C,P006,128,130,0.79
2026-08-27,Region C,P007,102,104,0.0
2026-08-27,Region C,P008,129,131,0.59
2026-08-27,Region C,P009,133,138,0.07
2026-08-27,Region C,P010,100,104,0.95
2026-08-27,Region C,P011,116,121,0.66
2026-08-27,Region C,P012,138,141,0.0
2026-08-27,Region C,P013,140,149,0.73
2026-08-27,Region C,P014,122,129,1.82
2026-08-27,Region C,P015,132,134,0.37
2026-08-27,Region C,P016,90,95,0.85
2026-08-27,Region C,P017,112,116,1.74
2026-08-27,Region C,P018,97,99,0.78
2026-08-27,Region C,P019,115,120,0.43
2026-08-27,Region C,P020,130,137,0.81
2026-08-27,Region C,P021,121,125,0.75
2026-08-27,Region C,P022,149,151,0.04
2026-08-27,Region C,P023,112,119,1.62
2026-08-27,Region C,P024,76,81,1.99
2026-08-27,Region C,P025,87,93,1.13
2026-08-27,Region C,P026,97,99,0.0
2026-08-27,Region C,P027,117,119,0.0
2026-08-27,Region C,P028,80,84,0.94
2026-08-27,Region C,P029,124,130,1.64
2026-08-27,Region C,P030,125,130,0.52
2026-08-27,Region D,P001,85,89,1.3
2026-08-27,Region D,P002,146,149,0.11
2026-08-27,Region D,P003,153,159,0.79
2026-08-27,Region D,P004,109,113,0.52
2026-08-27,Region D,P005,137,140,0.36
2026-08-27,Region D,P006,119,122,0.51
2026-08-27,Region D,P007,130,134,0.32
2026-08-27,Region D,P008,114,117,0.0
2026-08-27,Region D,P009,92,95,0.0
2026-08-27,Region D,P010,106,113,1.01
2026-08-27,Region D,P011,122,126,0.72
2026-08-27,Region D,P012,148,151,1.09
2026-08-27,Region D,P013,78,83,1.51
2026-08-27,Region D,P014,147,151,1.16
2026-08-27,Region D,P015,89,94,1.29
2026-08-27,Region D,P016,93,99,1.68
2026-08-27,Region D,P017,144,149,0.93
2026-08-27,Region D,P018,95,99,1.61
2026-08-27,Region D,P019,126,129,0.24
2026-08-27,Region D,P020,141,149,1.61
2026-08-27,Region D,P021,140,148,1.24
2026-08-27,Region D,P022,85,90,0.75
2026-08-27,Region D,P023,149,153,0.81
2026-08-27,Region D,P024,87,91,1.69
2026-08-27,Region D,P025,131,138,1.41
2026-08-27,Region D,P026,130,133,1.02
2026-08-27,Region D,P027,86,89,0.38
2026-08-27,Region D,P028,82,84,0.03
2026-08-27,Region D,P029,102,106,0.5
2026-08-27,Region D,P030,118,120,0.0
2026-08-28,Region A,P001,97,111,2.8
2026-08-28,Region A,P002,115,131,2.56
2026-08-28,Region A,P003,120,137,3.21
2026-08-28,Region A,P004,95,108,1.79
2026-08-28,Region A,P005,104,119,2.78
2026-08-28,Region A,P006,96,110,2.61
2026-08-28,Region A,P007,98,112,2.57
2026-08-28,Region A,P008,136,155,3.39
2026-08-28,Region A,P009,77,88,3.34
2026-08-28,Region A,P010,129,147,2.73
2026-08-28,Region A,P011,109,115,1.41
2026-08-28,Region A,P012,118,125,1.33
2026-08-28,Region A,P013,86,90,1.19
2026-08-28,Region A,P014,80,85,2.59
2026-08-28,Region A,P015,100,106,1.48
2026-08-28,Region A,P016,139,143,0.71
2026-08-28,Region A,P017,127,132,0.87
2026-08-28,Region A,P018,80,82,0.7
2026-08-28,Region A,P019,111,117,1.36
2026-08-28,Region A,P020,129,132,0.24
2026-08-28,Region A,P021,96,101,0.13
2026-08-28,Region A,P022,155,158,0.92
2026-08-28,Region A,P023,100,104,0.15
2026-08-28,Region A,P024,122,130,1.78
2026-08-28,Region A,P025,90,93,0.83
2026-08-28,Region A,P026,100,102,0.41
2026-08-28,Region A,P027,98,102,1.41
2026-08-28,Region A,P028,120,126,0.66
2026-08-28,Region A,P029,109,116,2.15
2026-08-28,Region A,P030,127,135,1.43
2026-08-28,Region B,P001,84,90,1.4
2026-08-28,Region B,P002,97,99,0.93
2026-08-28,Region B,P003,84,86,0.0
2026-08-28,Region B,P004,137,146,0.48
2026-08-28,Region B,P005,81,85,1.18
2026-08-28,Region B,P006,118,120,0.67
2026-08-28,Region B,P007,150,158,0.96
2026-08-28,Region B,P008,139,143,0.04
2026-08-28,Region B,P009,91,96,1.3
2026-08-28,Region B,P010,86,89,0.97
2026-08-28,Region B,P011,125,128,0.21
2026-08-28,Region B,P012,128,135,2.15
2026-08-28,Region B,P013,119,121,0.65
2026-08-28,Region B,P014,114,119,0.45
2026-08-28,Region B,P015,125,127,0.42
2026-08-28,Region B,P016,81,85,1.31
2026-08-28,Region B,P017,104,108,0.22
2026-08-28,Region B,P018,115,119,0.92
2026-08-28,Region B,P019,127,134,1.71
2026-08-28,Region B,P020,136,145,1.39
2026-08-28,Region B,P021,134,137,0.93
2026-08-28,Region B,P022,120,127,1.92
2026-08-28,Region B,P023,142,150,0.85
2026-08-28,Region B,P024,90,96,1.01
2026-08-28,Region B,P025,135,141,1.22
2026-08-28,Region B,P026,155,158,0.37
2026-08-28,Region B,P027,116,122,1.18
2026-08-28,Region B,P028,112,118,0.83
2026-08-28,Region B,P029,92,96,1.56
2026-08-28,Region B,P030,129,131,1.1
2026-08-28,Region C,P001,111,116,0.33
2026-08-28,Region C,P002,146,148,0.13
2026-08-28,Region C,P003,136,140,0.8
2026-08-28,Region C,P004,106,113,1.24
2026-08-28,Region C,P005,105,107,0.25
2026-08-28,Region C,P006,102,107,0.56
2026-08-28,Region C,P007,155,159,0.0
2026-08-28,Region C,P008,117,121,0.6
2026-08-28,Region C,P009,139,143,0.74
2026-08-28,Region C,P010,127,135,1.85
2026-08-28,Region C,P011,116,119,0.61
2026-08-28,Region C,P012,92,95,0.63
2026-08-28,Region C,P013,134,138,0.74
2026-08-28,Region C,P014,146,152,0.68
2026-08-28,Region C,P015,79,81,0.0
2026-08-28,Region C,P016,145,151,0.77
2026-08-28,Region C,P017,123,125,0.73
2026-08-28,Region C,P018,99,103,0.98
2026-08-28,Region C,P019,141,143,0.19
2026-08-28,Region C,P020,113,119,1.65
2026-08-28,Region C,P021,94,100,0.61
2026-08-28,Region C,P022,119,121,0.2
2026-08-28,Region C,P023,137,141,0.62
2026-08-28,Region C,P024,124,127,0.66
2026-08-28,Region C,P025,150,155,1.0
2026-08-28,Region C,P026,83,86,0.0
2026-08-28,Region C,P027,91,93,0.0
2026-08-28,Region C,P028,109,113,0.0
2026-08-28,Region C,P029,101,106,0.92
2026-08-28,Region C,P030,90,92,0.81
2026-08-28,Region D,P001,134,141,1.11
2026-08-28,Region D,P002,77,82,1.61
2026-08-28,Region D,P003,83,87,1.34
2026-08-28,Region D,P004,94,97,0.37
2026-08-28,Region D,P005,110,112,0.19
2026-08-28,Region D,P006,119,127,0.73
2026-08-28,Region D,P007,96,101,1.1
2026-08-28,Region D,P008,80,82,0.51
2026-08-28,Region D,P009,143,148,0.01
2026-08-28,Region D,P010,104,111,2.26
2026-08-28,Region D,P011,120,125,0.69
2026-08-28,Region D,P012,113,118,1.44
2026-08-28,Region D,P013,112,119,1.26
2026-08-28,Region D,P014,148,154,1.37
2026-08-28,Region D,P015,134,139,0.45
2026-08-28,Region D,P016,87,90,0.53
2026-08-28,Region D,P017,95,98,0.02
2026-08-28,Region D,P018,83,89,0.68
2026-08-28,Region D,P019,149,157,1.78
2026-08-28,Region D,P020,84,89,1.06
2026-08-28,Region D,P021,89,93,1.13
2026-08-28,Region D,P022,140,148,0.08
2026-08-28,Region D,P023,140,146,0.76
2026-08-28,Region D,P024,82,86,1.41
2026-08-28,Region D,P025,132,137,0.4
2026-08-28,Region D,P026,122,130,1.52
2026-08-28,Region D,P027,105,110,0.89
2026-08-28,Region D,P028,131,139,1.37
2026-08-28,Region D,P029,138,146,1.14
2026-08-28,Region D,P030,144,150,1.34
2026-08-29,Region A,P001,87,99,3.64
2026-08-29,Region A,P002,80,91,2.67
2026-08-29,Region A,P003,91,104,2.22
2026-08-29,Region A,P004,118,135,3.55
2026-08-29,Region A,P005,86,98,2.49
2026-08-29,Region A,P006,136,155,3.18
2026-08-29,Region A,P007,93,106,2.52
2026-08-29,Region A,P008,120,137,3.02
2026-08-29,Region A,P009,116,132,2.59
2026-08-29,Region A,P010,133,152,2.15
2026-08-29,Region A,P011,150,156,1.11
2026-08-29,Region A,P012,121,123,0.0
2026-08-29,Region A,P013,122,130,1.22
2026-08-29,Region A,P014,142,147,0.75
2026-08-29,Region A,P015,80,82,0.62
2026-08-29,Region A,P016,85,90,0.49
2026-08-29,Region A,P017,119,121,0.63
2026-08-29,Region A,P018,154,158,0.63
2026-08-29,Region A,P019,91,97,0.9
2026-08-29,Region A,P020,149,153,0.0
2026-08-29,Region A,P021,140,146,0.47
2026-08-29,Region A,P022,124,129,1.11
2026-08-29,Region A,P023,144,150,0.56
2026-08-29,Region A,P024,94,99,2.01
2026-08-29,Region A,P025,113,118,1.91
2026-08-29,Region A,P026,132,139,0.74
2026-08-29,Region A,P027,111,114,0.41
2026-08-29,Region A,P028,145,148,0.0
2026-08-29,Region A,P029,146,152,0.05
2026-08-29,Region A,P030,113,120,0.57
2026-08-29,Region B,P001,89,93,1.82
2026-08-29,Region B,P002,92,96,1.64
2026-08-29,Region B,P003,130,138,1.96
2026-08-29,Region B,P004,129,134,1.05
2026-08-29,Region B,P005,130,138,0.9
2026-08-29,Region B,P006,143,152,1.16
2026-08-29,Region B,P007,135,139,0.0
2026-08-29,Region B,P008,96,99,0.18
2026-08-29,Region B,P009,112,118,0.9
2026-08-29,Region B,P010,122,124,0.09
2026-08-29,Region B,P011,88,93,0.0
2026-08-29,Region B,P012,97,103,1.36
2026-08-29,Region B,P013,119,124,0.8
2026-08-29,Region B,P014,133,136,1.19
2026-08-29,Region B,P015,124,129,0.73
2026-08-29,Region B,P016,95,100,0.86
2026-08-29,Region B,P017,82,84,0.0
2026-08-29,Region B,P018,125,130,1.43
2026-08-29,Region B,P019,117,122,1.12
2026-08-29,Region B,P020,148,150,0.2
2026-08-29,Region B,P021,142,150,1.46
2026-08-29,Region B,P022,117,123,0.65
2026-08-29,Region B,P023,82,87,1.8
2026-08-29,Region B,P024,87,89,0.21
2026-08-29,Region B,P025,135,137,0.18
2026-08-29,Region B,P026,94,99,1.96
2026-08-29,Region B,P027,145,151,1.76
2026-08-29,Region B,P028,102,107,0.95
2026-08-29,Region B,P029,100,105,0.64
2026-08-29,Region B,P030,104,109,1.83
2026-08-29,Region C,P001,84,89,1.67
2026-08-29,Region C,P002,90,95,0.9
2026-08-29,Region C,P003,146,149,0.52
2026-08-29,Region C,P004,150,156,0.37
2026-08-29,Region C,P005,142,144,0.45
2026-08-29,Region C,P006,97,104,1.35
2026-08-29,Region C,P007,114,117,0.39
2026-08-29,Region C,P008,139,143,0.75
2026-08-29,Region C,P009,122,126,0.0
2026-08-29,Region C,P010,103,106,0.7
2026-08-29,Region C,P011,139,145,1.07
2026-08-29,Region C,P012,114,120,0.16
2026-08-29,Region C,P013,112,119,1.06
2026-08-29,Region C,P014,137,141,0.8
2026-08-29,Region C,P015,94,99,1.01
2026-08-29,Region C,P016,100,104,1.3
2026-08-29,Region C,P017,122,128,0.36
2026-08-29,Region C,P018,104,111,0.6
2026-08-29,Region C,P019,127,130,0.08
2026-08-29,Region C,P020,150,155,0.0
2026-08-29,Region C,P021,146,150,0.62
2026-08-29,Region C,P022,97,100,1.68
2026-08-29,Region C,P023,144,151,1.77
2026-08-29,Region C,P024,88,92,1.01
2026-08-29,Region C,P025,86,90,1.43
2026-08-29,Region C,P026,148,154,1.35
2026-08-29,Region C,P027,107,112,0.69
2026-08-29,Region C,P028,143,148,1.7
2026-08-29,Region C,P029,147,152,1.23
2026-08-29,Region C,P030,134,140,1.39
2026-08-29,Region D,P001,133,137,1.49
2026-08-29,Region D,P002,146,155,1.94
2026-08-29,Region D,P003,112,116,0.82
2026-08-29,Region D,P004,133,139,0.85
2026-08-29,Region D,P005,99,105,1.1
2026-08-29,Region D,P006,83,86,1.09
2026-08-29,Region D,P007,126,129,0.58
2026-08-29,Region D,P008,77,82,1.55
2026-08-29,Region D,P009,107,113,1.3
2026-08-29,Region D,P010,89,95,1.47
2026-08-29,Region D,P011,79,80,1.17
2026-08-29,Region D,P012,114,116,0.3
2026-08-29,Region D,P013,105,109,1.06
2026-08-29,Region D,P014,81,84,0.53
2026-08-29,Region D,P015,83,85,0.73
2026-08-29,Region D,P016,144,151,1.3
2026-08-29,Region D,P017,99,104,0.44
2026-08-29,Region D,P018,89,91,0.26
2026-08-29,Region D,P019,88,90,0.0
2026-08-29,Region D,P020,140,143,0.43
2026-08-29,Region D,P021,88,94,1.95
2026-08-29,Region D,P022,103,108,0.51
2026-08-29,Region D,P023,121,125,1.39
2026-08-29,Region D,P024,154,158,0.34
2026-08-29,Region D,P025,109,115,0.57
2026-08-29,Region D,P026,121,129,1.86
2026-08-29,Region D,P027,130,133,1.44
2026-08-29,Region D,P028,147,150,0.0
2026-08-29,Region D,P029,92,98,1.81
2026-08-29,Region D,P030,96,98,0.93
2026-08-30,Region A,P001,91,104,3.34
2026-08-30,Region A,P002,136,155,2.33
2026-08-30,Region A,P003,87,99,2.13
2026-08-30,Region A,P004,96,110,2.05
2026-08-30,Region A,P005,102,116,3.14
2026-08-30,Region A,P006,114,130,3.31
2026-08-30,Region A,P007,139,159,2.73
2026-08-30,Region A,P008,79,90,1.81
2026-08-30,Region A,P009,89,102,2.45
2026-08-30,Region A,P010,88,101,2.37
2026-08-30,Region A,P011,109,116,1.52
2026-08-30,Region A,P012,81,82,0.0
2026-08-30,Region A,P013,80,84,1.74
2026-08-30,Region A,P014,123,127,1.08
2026-08-30,Region A,P015,93,98,1.65
2026-08-30,Region A,P016,131,133,0.12
2026-08-30,Region A,P017,119,125,0.94
2026-08-30,Region A,P018,83,87,1.17
2026-08-30,Region A,P019,110,116,1.27
2026-08-30,Region A,P020,132,139,0.95
2026-08-30,Region A,P021,78,80,0.87
2026-08-30,Region A,P022,105,111,0.63
2026-08-30,Region A,P023,99,106,1.24
2026-08-30,Region A,P024,110,112,0.0
2026-08-30,Region A,P025,131,134,0.0
2026-08-30,Region A,P026,141,148,0.85
2026-08-30,Region A,P027,117,121,1.16
2026-08-30,Region A,P028,122,130,1.1
2026-08-30,Region A,P029,100,103,0.87
2026-08-30,Region A,P030,137,140,1.29
2026-08-30,Region B,P001,97,99,0.0
2026-08-30,Region B,P002,126,134,1.43
2026-08-30,Region B,P003,100,105,1.73
2026-08-30,Region B,P004,138,144,0.18
2026-08-30,Region B,P005,153,157,1.02
2026-08-30,Region B,P006,113,119,0.97
2026-08-30,Region B,P007,89,93,1.24
2026-08-30,Region B,P008,121,126,0.16
2026-08-30,Region B,P009,125,127,0.0
2026-08-30,Region B,P010,115,122,1.56
2026-08-30,Region B,P011,122,130,1.03
2026-08-30,Region B,P012,117,120,1.23
2026-08-30,Region B,P013,119,125,1.03
2026-08-30,Region B,P014,140,144,0.0
2026-08-30,Region B,P015,114,121,0.76
2026-08-30,Region B,P016,107,114,1.04
2026-08-30,Region B,P017,141,144,0.0
2026-08-30,Region B,P018,150,154,0.08
2026-08-30,Region B,P019,106,113,1.39
2026-08-30,Region B,P020,122,125,1.04
2026-08-30,Region B,P021,80,85,1.75
2026-08-30,Region B,P022,83,86,1.26
2026-08-30,Region B,P023,125,128,0.0
2026-08-30,Region B,P024,143,145,0.02
2026-08-30,Region B,P025,130,136,1.02
2026-08-30,Region B,P026,149,157,0.74
2026-08-30,Region B,P027,145,147,0.0
2026-08-30,Region B,P028,128,133,0.91
2026-08-30,Region B,P029,147,151,0.0
2026-08-30,Region B,P030,137,139,0.58
2026-08-30,Region C,P001,98,101,0.55
2026-08-30,Region C,P002,117,120,0.08
2026-08-30,Region C,P003,153,157,0.91
2026-08-30,Region C,P004,150,158,1.16
2026-08-30,Region C,P005,129,132,0.0
2026-08-30,Region C,P006,140,149,1.59
2026-08-30,Region C,P007,150,153,0.25
2026-08-30,Region C,P008,107,111,0.43
2026-08-30,Region C,P009,80,84,0.06
2026-08-30,Region C,P010,85,89,0.0
2026-08-30,Region C,P011,117,119,0.33
2026-08-30,Region C,P012,82,87,1.25
2026-08-30,Region C,P013,151,157,0.74
2026-08-30,Region C,P014,154,159,0.99
2026-08-30,Region C,P015,120,123,0.59
2026-08-30,Region C,P016,152,155,0.0
2026-08-30,Region C,P017,94,96,0.45
2026-08-30,Region C,P018,150,154,0.0
2026-08-30,Region C,P019,85,91,1.29
2026-08-30,Region C,P020,98,103,0.54
2026-08-30,Region C,P021,109,113,0.1
2026-08-30,Region C,P022,153,159,0.8
2026-08-30,Region C,P023,90,96,0.89
2026-08-30,Region C,P024,89,93,0.57
2026-08-30,Region C,P025,103,106,0.48
2026-08-30,Region C,P026,146,152,1.16
2026-08-30,Region C,P027,89,91,1.63
2026-08-30,Region C,P028,115,121,1.33
2026-08-30,Region C,P029,149,154,0.18
2026-08-30,Region C,P030,121,128,1.4
2026-08-30,Region D,P001,133,138,0.67
2026-08-30,Region D,P002,111,113,0.0
2026-08-30,Region D,P003,90,92,0.0
2026-08-30,Region D,P004,134,141,1.5
2026-08-30,Region D,P005,87,92,0.85
2026-08-30,Region D,P006,118,121,0.0
2026-08-30,Region D,P007,120,124,1.01
2026-08-30,Region D,P008,91,94,0.82
2026-08-30,Region D,P009,140,143,0.0
2026-08-30,Region D,P010,87,92,1.1
2026-08-30,Region D,P011,145,152,1.52
2026-08-30,Region D,P012,114,119,0.45
2026-08-30,Region D,P013,113,118,0.97
2026-08-30,Region D,P014,106,108,0.09
2026-08-30,Region D,P015,133,141,0.92
2026-08-30,Region D,P016,105,112,1.61
2026-08-30,Region D,P017,150,157,1.19
2026-08-30,Region D,P018,87,92,1.69
2026-08-30,Region D,P019,141,146,0.16
2026-08-30,Region D,P020,79,83,1.85
2026-08-30,Region D,P021,99,101,0.0
2026-08-30,Region D,P022,82,85,1.12
2026-08-30,Region D,P023,129,132,0.46
2026-08-30,Region D,P024,145,148,0.5
2026-08-30,Region D,P025,111,113,0.0
2026-08-30,Region D,P026,107,111,1.98
2026-08-30,Region D,P027,96,98,1.44
2026-08-30,Region D,P028,83,85,0.0
2026-08-30,Region D,P029,124,127,0.62
2026-08-30,Region D,P030,80,85,1.21
2026-08-31,Region A,P001,101,115,3.39
2026-08-31,Region A,P002,115,131,2.9
2026-08-31,Region A,P003,79,90,3.28
2026-08-31,Region A,P004,71,81,2.63
2026-08-31,Region A,P005,109,124,3.94
2026-08-31,Region A,P006,80,91,2.86
2026-08-31,Region A,P007,131,149,3.72
2026-08-31,Region A,P008,123,140,2.56
2026-08-31,Region A,P009,124,141,2.77
2026-08-31,Region A,P010,131,149,3.39
2026-08-31,Region A,P011,120,128,1.31
2026-08-31,Region A,P012,139,143,0.68
2026-08-31,Region A,P013,121,126,1.32
2026-08-31,Region A,P014,143,151,1.1
2026-08-31,Region A,P015,145,152,1.95
2026-08-31,Region A,P016,84,86,0.72
2026-08-31,Region A,P017,89,93,0.92
2026-08-31,Region A,P018,114,117,0.0
2026-08-31,Region A,P019,111,114,0.98
2026-08-31,Region A,P020,106,113,2.06
2026-08-31,Region A,P021,86,90,1.45
2026-08-31,Region A,P022,99,104,1.82
2026-08-31,Region A,P023,107,111,0.47
2026-08-31,Region A,P024,151,154,0.61
2026-08-31,Region A,P025,124,126,0.88
2026-08-31,Region A,P026,126,134,0.89
2026-08-31,Region A,P027,77,80,1.12
2026-08-31,Region A,P028,76,80,0.77
2026-08-31,Region A,P029,125,129,0.96
2026-08-31,Region A,P030,111,116,0.94
2026-08-31,Region B,P001,119,125,1.13
2026-08-31,Region B,P002,77,82,1.7
2026-08-31,Region B,P003,127,130,0.0
2026-08-31,Region B,P004,141,147,1.09
2026-08-31,Region B,P005,138,142,1.11
2026-08-31,Region B,P006,100,102,1.15
2026-08-31,Region B,P007,92,96,0.35
2026-08-31,Region B,P008,110,115,1.26
2026-08-31,Region B,P009,131,134,0.9
2026-08-31,Region B,P010,137,140,0.42
2026-08-31,Region B,P011,83,86,0.0
2026-08-31,Region B,P012,115,119,0.58
2026-08-31,Region B,P013,93,98,1.66
2026-08-31,Region B,P014,99,103,0.09
2026-08-31,Region B,P015,146,149,0.0
2026-08-31,Region B,P016,83,88,0.91
2026-08-31,Region B,P017,119,127,0.0
2026-08-31,Region B,P018,146,151,1.62
2026-08-31,Region B,P019,101,104,0.54
2026-08-31,Region B,P020,78,83,1.39
2026-08-31,Region B,P021,147,151,0.44
2026-08-31,Region B,P022,102,105,0.99
2026-08-31,Region B,P023,151,158,1.47
2026-08-31,Region B,P024,144,153,1.51
2026-08-31,Region B,P025,83,87,0.36
2026-08-31,Region B,P026,83,87,1.54
2026-08-31,Region B,P027,87,93,1.59
2026-08-31,Region B,P028,121,125,0.79
2026-08-31,Region B,P029,143,147,0.0
2026-08-31,Region B,P030,156,159,0.41
2026-08-31,Region C,P001,136,142,1.71
2026-08-31,Region C,P002,89,95,1.44
2026-08-31,Region C,P003,127,129,0.12
2026-08-31,Region C,P004,125,131,1.64
2026-08-31,Region C,P005,89,93,0.51
2026-08-31,Region C,P006,108,111,1.36
2026-08-31,Region C,P007,126,129,0.0
2026-08-31,Region C,P008,113,117,0.62
2026-08-31,Region C,P009,104,110,1.72
2026-08-31,Region C,P010,133,139,0.54
2026-08-31,Region C,P011,154,159,1.02
2026-08-31,Region C,P012,92,97,0.26
2026-08-31,Region C,P013,117,122,1.13
2026-08-31,Region C,P014,80,85,1.52
2026-08-31,Region C,P015,135,142,0.7
2026-08-31,Region C,P016,82,87,1.51
2026-08-31,Region C,P017,152,154,0.83
2026-08-31,Region C,P018,111,115,1.37
2026-08-31,Region C,P019,129,135,0.79
2026-08-31,Region C,P020,139,146,0.01
2026-08-31,Region C,P021,111,114,0.49
2026-08-31,Region C,P022,111,116,0.25
2026-08-31,Region C,P023,107,110,0.48
2026-08-31,Region C,P024,139,145,1.27
2026-08-31,Region C,P025,80,84,0.25
2026-08-31,Region C,P026,143,149,1.42
2026-08-31,Region C,P027,95,98,1.2
2026-08-31,Region C,P028,130,132,0.91
2026-08-31,Region C,P029,131,134,0.64
2026-08-31,Region C,P030,137,142,0.8
2026-08-31,Region D,P001,88,92,0.12
2026-08-31,Region D,P002,83,88,1.07
2026-08-31,Region D,P003,137,146,2.21
2026-08-31,Region D,P004,149,151,1.14
2026-08-31,Region D,P005,140,142,0.54
2026-08-31,Region D,P006,127,131,1.37
2026-08-31,Region D,P007,86,91,0.78
2026-08-31,Region D,P008,146,153,1.68
2026-08-31,Region D,P009,88,91,0.0
2026-08-31,Region D,P010,138,144,1.09
2026-08-31,Region D,P011,98,103,0.79
2026-08-31,Region D,P012,105,109,0.84
2026-08-31,Region D,P013,133,136,0.7
2026-08-31,Region D,P014,143,152,1.76
2026-08-31,Region D,P015,88,90,1.0
2026-08-31,Region D,P016,88,92,1.01
2026-08-31,Region D,P017,134,141,1.06
2026-08-31,Region D,P018,132,138,1.52
2026-08-31,Region D,P019,107,111,0.3
2026-08-31,Region D,P020,98,100,0.0
2026-08-31,Region D,P021,101,106,1.25
2026-08-31,Region D,P022,105,110,0.94
2026-08-31,Region D,P023,121,123,0.0
2026-08-31,Region D,P024,85,87,0.62
2026-08-31,Region D,P025,141,149,0.68
2026-08-31,Region D,P026,138,142,0.5
2026-08-31,Region D,P027,130,133,1.39
2026-08-31,Region D,P028,120,123,0.0
2026-08-31,Region D,P029,83,87,0.44
2026-08-31,Region D,P030,141,145,0.0
